pay_layout,gnd_layout,n_routings_checked,n_poses_checked,feasible,n_wcc_fail,n_wfc_fail,n_ifc_fail,n_ifc_fail_cable_cable,n_ifc_fail_exit_angle,wfc_fail_residual_min,wfc_fail_residual_median,wfc_fail_residual_max,wfc_fail_residual_force_median,wfc_fail_residual_moment_median,wfc_fail_residual_force_lateral_median,wfc_fail_residual_force_vertical_median,n_wfc_verify_attempted,n_wfc_verify_rescued,conditioning_index,manipulability,sigma_min,sigma_max,rank_ok,wfc_ok,max_wfc_residual,max_wfc_residual_force,max_wfc_residual_moment,ifc_ok,min_cable_cable_dist,min_exit_angle_margin,wfc_rescued_by_reposition,best_routing
two-triangles,2X3,720,10,True,72,2313,485,485,0,1.6064724347783121,13.574297351517897,24.111815879067564,13.425129812595927,1.841018003383056,13.425129743893851,0.000902872494579654,1,1,0.08196115971492667,0.0628001870753773,0.19649920582880626,2.3974673676197393,True,True,6.0959713274588425e-15,2.5191243151151853e-15,5.551115123125783e-15,True,0.06381402746950593,0.4431883781158899,True,A-D|B-F|C-A|D-B|E-C|F-E
arrow,rectangle-same,78,10,True,12,378,46,46,0,1.6532792424642642,14.487309830080033,21.705083397159232,14.1190027764077,2.1005477748624584,14.118933819930014,0.0010373268025887228,2,1,0.08124911860976425,0.058701367824876546,0.1959496917157145,2.4117146754151486,True,True,8.972910126548661e-15,5.691449808321057e-15,6.936895214610187e-15,True,0.19131146079259734,0.32651322683833955,True,A-A|B-D|C-A|C-C|D-C|E-B
two-triangles,vertical-parallelepiped,720,10,True,64,2553,507,507,0,1.5645871688464117,13.7187305400891,24.06320351852984,13.539621448407372,1.8119404200900302,13.539594501209265,0.0009870194437251456,1,1,0.07971141614239602,0.044999846697151034,0.19112061180842763,2.397656710389022,True,True,9.032280487916265e-15,8.118427983604312e-15,3.958941510987921e-15,True,0.06381402746950593,0.4431883781158899,True,A-C|B-D|C-A|D-E|E-B|F-F
rhombus-ext,2X3,180,10,True,52,301,97,97,0,1.8447977789740164,13.863595957694152,23.12338086133664,13.681121169986831,1.6289660385734455,13.681121169665996,0.0013332097303315749,1,1,0.07934576768425124,0.040596190192042206,0.19249861794691503,2.4260729156083607,True,True,3.450214054647286e-14,3.2379047844999767e-14,1.1916163935586911e-14,True,0.2057413590396566,0.4179157688864527,True,A-B|A-E|B-A|C-D|D-C|D-F
rectangle-opposite,2X3,180,10,True,72,146,94,94,0,2.776850657082022,13.647254225643604,22.257854473389038,13.362090573972516,2.407389093136195,13.362090573765302,0.003126137568076004,1,1,0.07857028811427824,0.09572875744328328,0.18747598130815898,2.3860925778391002,True,True,1.4935285297003374e-14,1.3016151710388764e-14,7.32410687763558e-15,True,0.20267351959983898,0.4182034220705242,True,A-D|A-F|B-B|C-A|D-C|D-E
two-triangles,rectangle-same,180,10,True,6,790,110,110,0,2.0395043439828986,14.422482989830007,21.82923005607321,13.663500922499736,2.1077862556093336,13.66350092123644,0.0012222051835122372,1,1,0.07728770540244004,0.07749176345797586,0.18603211733370975,2.407007898151891,True,True,1.887158717067183e-14,1.871384566569533e-14,2.434909185329438e-15,True,0.08736623669950835,0.48074338202529493,True,A-B|B-C|C-A|D-A|E-C|F-D
parallelepiped-ext,horizzontal-parallelepiped,180,10,True,24,635,116,116,0,1.5500054592233126,13.662236119075517,23.30751242570333,13.460592518248218,2.012655961666329,13.460592258182212,0.0011858501952968226,2,1,0.07538312078260988,0.03006990738632936,0.18523727268900378,2.491533494360875,True,True,1.0995727808960256e-14,8.71365951409179e-15,6.706576468006572e-15,True,0.17997001355847725,0.42827695480702754,True,A-A|A-B|B-F|C-D|D-C|D-E
parallelepiped-ext,pyramid,180,10,True,8,598,135,135,0,2.05880008174067,12.797730925690288,25.2979136035307,12.602390443806588,1.914893119114454,12.602382903190165,0.0012884226722729153,2,1,0.07431273302044109,0.024146584311194926,0.1811344754622413,2.504126174409558,True,True,2.081068564383056e-14,1.640126728885195e-14,1.2809491335957507e-14,True,0.15075393119658123,0.4182034220705242,True,A-A|A-E|B-C|C-B|D-D|D-F
parallelepiped-int,rectangle-opposite,34,10,True,14,84,16,16,0,8.81812287448807,13.308440090930777,21.66397071746895,13.209831883915012,1.591747671701432,13.209831345052525,0.0011949046743966463,1,1,0.07415316916327826,0.032461400254312454,0.1774213760701493,2.3926337616061186,True,True,8.68248353037211e-15,7.53644380168212e-15,4.311326371230795e-15,True,0.06381402746950593,0.4431883781158899,True,A-B|B-A|B-D|C-A|C-C|D-D
pentagon,rectangle-same,78,10,True,0,400,42,42,0,2.5441483233917346,14.418473666258205,22.34058763118284,14.078761419533048,2.506093808452115,14.078634595333785,0.0026293851164025384,1,1,0.07264073947063907,0.08863467488336661,0.17541963231495694,2.4148932622837695,True,True,1.009997900029461e-14,8.152394204457378e-15,5.962218089060634e-15,True,0.051796682337130966,0.5076261603200616,True,A-B|B-A|C-C|D-D|E-A|E-C
rectangle-opposite,pyramid,180,10,True,10,541,122,122,0,2.050029407464921,12.75822338169306,25.44913016314392,12.490023990256123,1.9952222371772588,12.489995398898959,0.0020684195889888457,2,1,0.07232202358695859,0.05985498519177075,0.1729882237959339,2.3919162547759223,True,True,5.891509130072236e-15,2.5121479338940403e-15,5.329070518200751e-15,True,0.07227321763638558,0.4182034220705242,True,A-A|A-E|B-C|C-B|D-D|D-F
base-trapezoid,rectangle-same,78,10,True,18,139,47,47,0,2.8282803920107846,15.099897535999153,23.142019826202624,13.349806585532995,6.233177104681619,13.349698475435563,0.0348063388703288,1,1,0.0716834539880307,0.074787634283528,0.18476360155933402,2.5774930096167634,True,True,9.272854936269104e-15,7.53644380168212e-15,5.4025784115714076e-15,True,0.06417136132970501,0.4652866157331114,True,A-B|B-A|B-C|C-D|D-A|E-C
parallelepiped-int,vertical-parallelepiped,180,10,True,28,698,114,114,0,1.9086723849111675,13.70799420265271,23.740900096449533,13.565273085821097,1.7350919716245592,13.565259142939942,0.0009603961388506832,1,1,0.07124360218911067,0.02407637040806445,0.17262493072313403,2.4230236178248594,True,True,1.0281408527026615e-14,9.101120538054984e-15,4.782987168225453e-15,True,0.22089390548529556,0.3914966099903299,True,A-F|B-A|B-B|C-C|C-E|D-D
vertical-parallelepiped,rectangle-opposite,180,10,True,28,565,107,107,0,1.650037514294137,13.59788116960563,23.59158977853446,13.216229804178923,2.6954965888564475,13.216229193892932,0.00178655614898382,2,1,0.07081517882699628,0.0673873834827506,0.16893695605254863,2.385603748389409,True,True,5.10702591327572e-15,2.673771110915334e-15,4.351167857633658e-15,True,0.12466421747600853,0.3926817942954417,True,A-C|B-D|C-D|D-A|E-A|F-B
vertical-parallelepiped,central-parallelepiped,360,10,True,76,965,223,223,0,1.5983891511122157,13.80683546560585,23.81952458107317,13.506921722573114,2.287932061196643,13.506875330997618,0.00101805475071437,1,1,0.07037160584580698,0.04888918261954693,0.16951181889431358,2.4088098723473106,True,True,8.184083408294512e-15,6.041286520114393e-15,5.521057726179437e-15,True,0.12466421747600853,0.42339245367800304,True,A-D|B-C|C-E|D-C|E-A|F-B
two-triangles,rectangle-opposite,180,10,True,28,706,100,100,0,2.284893215755545,13.592289620619889,23.672697162514158,13.37064257615,1.8219963719068635,13.370640390970198,0.0010971020139773913,2,1,0.0698889565502984,0.060400101468632325,0.167316125531864,2.3940280952892494,True,True,8.056005020727291e-15,5.9383960505938e-15,5.443773437632694e-15,True,0.0682571759871168,0.41302574003819187,True,A-A|B-B|C-D|D-D|E-A|F-C
parallelepiped-ext,pentagon,78,10,True,0,376,43,43,0,1.960986728479046,13.908017642796342,23.367272862478302,13.73512967208171,1.975631502179116,13.735121280365965,0.0009864480870405146,1,1,0.06931735170397772,0.02978147715501179,0.1707842269353955,2.498666720286743,True,True,3.66205343881779e-15,1.7763568394002505e-15,3.2023728339893768e-15,True,0.08394112376850497,0.3581303928054846,True,A-A|A-E|B-C|C-D|D-B|D-E
central-parallelepiped,rectangle-same,78,10,True,26,165,35,35,0,1.6480725774518645,14.569518246837871,20.61777931446552,14.32878714797169,2.957372939926029,14.328677136538214,0.0032060273748495405,1,1,0.06909441773567303,0.052825214477683506,0.1669633731731511,2.4164524232896016,True,True,3.086979062946463e-14,1.020439314654103e-14,2.9134418374455476e-14,True,0.08546886265131835,0.41981971932396717,True,A-A|B-A|C-B|C-D|D-C|E-C
parallelepiped-int,rectangle-same,34,10,True,6,99,19,19,0,2.6417934910540652,14.771156585687336,20.66114673920265,14.567964847627444,1.9333871176279183,14.567963158852244,0.0012024508201857742,2,1,0.06777703446058507,0.038340387308028544,0.1629367077018019,2.4040105767176314,True,True,7.421282465561656e-15,6.264895172519358e-15,3.978256139440565e-15,True,0.08446371459322005,0.41302574003819187,True,A-A|B-B|B-C|C-A|C-D|D-C
rectangle-same,2X3,180,10,True,60,141,106,106,0,1.6828472797268867,14.228228592605353,25.998537649256704,12.823494113589923,5.52295100866609,12.823494113589923,0.036695451511043586,1,1,0.06636384200970773,0.09762930858610257,0.1706864994166224,2.5879781185564807,True,True,3.1937394233887776e-14,1.8288713016877624e-14,2.6182439279735938e-14,True,0.18766536013371668,0.32651322683833955,True,A-A|A-E|B-C|C-B|C-F|D-D
vertical-parallelepiped,horizzontal-parallelepiped,720,10,True,172,2002,416,416,0,1.6605310683673775,13.739445706502327,23.89106871866905,13.456554612598046,2.127670020337289,13.456552978297644,0.0011082782175755312,1,1,0.06620669122387042,0.049521212065440356,0.15940135546823123,2.407632106688939,True,True,9.984602991471688e-15,8.131199457573037e-15,5.794470836795135e-15,True,0.12466421747600853,0.42339245367800304,True,A-C|B-F|C-D|D-E|E-A|F-B
rectangle-same,pyramid,180,10,True,24,427,118,118,0,2.6561762057956444,13.888622946445727,26.91459206074903,12.934082131259935,4.96274572431085,12.934082131259935,0.02048285799901528,1,1,0.06571177367493274,0.07094398788852405,0.17025640365308084,2.59095736017287,True,True,5.388872059480397e-15,2.094764613337708e-15,4.965068306494546e-15,True,0.07967377036950707,0.32651322683833955,True,A-C|A-F|B-D|C-B|C-E|D-A
pentagon,2X3,360,10,True,0,1543,229,229,0,1.753321821807949,13.513447208636338,24.500109424983226,13.153886402069878,2.5067058031608562,13.153886132527985,0.0021729412820281624,1,1,0.06542919606853378,0.06371250219510456,0.15727186627468143,2.4036955323422755,True,True,6.420123230733026e-15,4.070144838902081e-15,4.965068306494546e-15,True,0.09433330160393776,0.3503071239504709,True,A-E|B-B|C-D|D-C|E-A|E-F
2X3,2X3,720,10,True,268,511,411,411,0,1.557298909640385,13.68904796023881,22.435488377609833,13.36336963853594,2.2677473935561454,13.363282816952793,0.0017352097038507708,1,1,0.06509381678433906,0.07449828527773422,0.15569474376897327,2.3918515069534516,True,True,1.1725522857275388e-13,9.861643118203515e-14,6.343175962061656e-14,True,0.1129376939867447,0.4179157688864527,True,A-E|B-F|C-B|D-A|E-D|F-C
central-parallelepiped,horizzontal-parallelepiped,360,10,True,76,914,214,214,0,1.5351433358828022,13.849714940356561,23.750558999845296,13.535281694925182,2.3744137449511866,13.53525746457984,0.0010841151109666214,1,1,0.06476597839471598,0.048127612044988326,0.15583899733278242,2.4061861056590903,True,True,1.1348195573628883e-14,5.8410815908364745e-15,9.729507111180988e-15,True,0.07227372566323872,0.41981971932396717,True,A-E|B-A|C-B|C-D|D-F|E-C
pyramid,rectangle-opposite,180,10,True,10,555,134,134,0,1.9471435520424951,15.292389257988425,22.361737588254275,14.160931815274798,4.725742246747859,14.160931808828028,0.011750710649076623,1,1,0.06470540973221871,0.0655471271806267,0.1640255060639807,2.5349581548559086,True,True,5.17892563931115e-15,1.9860273225978185e-15,4.782987168225453e-15,True,0.15695969043670036,0.4305510598091942,True,A-D|B-B|C-C|D-A|E-D|F-A
vertical-parallelepiped,2X3,720,10,True,112,2184,437,437,0,1.5716286147605212,13.637120538582568,24.11872111865211,13.333289171444658,2.340130158263201,13.332909927469807,0.0013700949945540941,3,1,0.06453713985848533,0.05762734703208031,0.15454694899545762,2.3946978334388924,True,True,1.4293769124632098e-14,1.1295109591585675e-14,8.759699486988985e-15,True,0.05199775411844587,0.4652866157331114,True,A-D|B-F|C-E|D-B|E-C|F-A
central-trapezoid,rectangle-opposite,78,10,True,12,327,45,45,0,1.6092658902496446,13.585761504053407,23.309727981670484,13.33424974441145,2.3088009522645105,13.334231111440713,0.0013488802621726137,1,1,0.06424747168762591,0.0411069064204188,0.15421497910648999,2.4003275935322423,True,True,6.951095629092365e-15,4.782987168225453e-15,5.043883840194739e-15,True,0.10193973891104174,0.4652866157331114,True,A-B|B-D|C-A|D-A|D-C|E-D
horizzontal-parallelepiped,base-trapezoid,360,10,True,40,1129,233,233,0,2.263756818413083,14.664705620243431,22.05507821347252,14.53453201943273,1.9506741314942007,14.534529756841032,0.00126913995245026,1,1,0.0642412490978701,0.04810859649917893,0.1539200367193829,2.395968927766164,True,True,9.444076773118198e-15,8.828891108013012e-15,3.352800008858181e-15,True,0.05851285294104078,0.503420624847555,True,A-D|B-A|C-B|D-B|E-C|F-E
arrow,rectangle-opposite,78,10,True,8,436,56,56,0,1.5849696848420638,13.447055682053065,23.38317153856506,13.233707732372611,1.8156387390461326,13.233680193968741,0.001025239447725923,1,1,0.06383640288927554,0.056667207504681835,0.15315132055505448,2.399122031056417,True,True,7.513511730867176e-15,6.362265728429862e-15,3.9968028886505635e-15,True,0.25844270592928886,0.36898991146262244,True,A-D|B-A|C-A|C-D|D-B|E-C
horizzontal-parallelepiped,vertical-parallelepiped,720,10,True,172,1823,441,441,0,1.6289064120057162,13.635472237976217,23.961392179837176,13.400421505051018,2.1008995149653957,13.400420717659042,0.0009067456468425661,4,1,0.06294759726815964,0.04913296446842878,0.15136204517269528,2.4045722432881123,True,True,1.1497108568292108e-14,3.8266474299528865e-15,1.0841599276764049e-14,True,0.05964205579867091,0.32651322683833955,True,A-E|B-F|C-A|D-C|E-B|F-D
hexagon,2X3,720,10,True,104,1650,487,487,0,1.5634477283698074,13.673373393216796,23.918249900302843,13.422159890528842,2.114258497422223,13.422150748262352,0.0011925433986252898,5,1,0.0625596825377726,0.046127268340303715,0.1497726970119719,2.3940769987370287,True,True,5.995204332975845e-15,3.972054645195637e-15,4.490574227168739e-15,True,0.0632295128348643,0.43450857272002213,True,A-B|B-D|C-C|D-F|E-A|F-E
rectangle-opposite,pentagon,78,10,True,0,374,50,50,0,2.2344664280769453,13.778942439410347,23.34155342473389,13.5230400686754,2.1251521199874115,13.523020784682961,0.0013308626727486228,2,1,0.06251088809756039,0.0691428508434911,0.14975998322133288,2.3957423703148053,True,True,9.668506465255628e-15,6.5418425621716e-15,7.119291619286993e-15,True,0.05737978451658931,0.3581303928054846,True,A-A|A-E|B-D|C-C|D-B|D-E
arrow,2X3,360,10,True,68,915,236,236,0,1.609197082142431,13.6944444686495,23.8269032666304,13.465719001389122,2.1057991057462586,13.465717720730192,0.0014006964709718517,1,1,0.06248668632691786,0.04800938737839526,0.15032688546034728,2.4057426357011003,True,True,1.03578512786223e-14,3.972054645195637e-15,9.565974336450906e-15,True,0.21693442413639383,0.36898991146262244,True,A-E|B-B|C-A|C-F|D-D|E-C
2X3,arrow,360,10,True,68,943,207,207,0,1.635097545639415,13.860747855267844,23.796219706677945,13.579275701819912,2.1096412983837887,13.579273554981102,0.0015603731023201561,4,1,0.061711781886346864,0.03514184287949317,0.14870962876344984,2.4097445288052914,True,True,1.1959561582677789e-14,7.21906461552609e-15,9.53499970250244e-15,True,0.07688289203643736,0.32651322683833955,True,A-B|B-C|C-E|D-C|E-D|F-A
horizzontal-parallelepiped,hexagon,720,10,True,96,1779,495,495,0,1.5332893909367076,13.879972322807104,23.855458108836242,13.766332333017717,1.5297441516613193,13.766332262575252,0.0010438555851859377,3,1,0.06102639797517821,0.0312895861059704,0.1476491758230067,2.419431274365256,True,True,1.492354608171284e-14,8.251999165637887e-15,1.2434497875801753e-14,True,0.13717021668898333,0.39300248433366436,True,A-C|B-B|C-F|D-D|E-E|F-A
2X3,rectangle-same,180,10,True,60,145,106,106,0,3.7071729905965367,14.851433201648184,21.794468065666933,14.686804902996133,2.1212499197568615,14.686696728677344,0.0014607429906714486,1,1,0.06010550396805678,0.09961943886633136,0.1427548911867941,2.3913096658262196,True,True,1.7911579612555986e-14,9.542359227133897e-15,1.515810227559056e-14,True,0.1266874534932104,0.32651322683833955,True,A-D|B-A|C-C|D-A|E-C|F-B
horizzontal-parallelepiped,horizzontal-parallelepiped,720,10,True,212,1981,356,356,0,1.554430649626134,13.825959466561649,23.478074135602167,13.52227467113533,2.3577689026690454,13.522236314371643,0.0013544670231038225,3,1,0.05975657020045566,0.047749780653553134,0.14335281512369705,2.398946503168014,True,True,5.5124334072271e-14,3.142696061245355e-14,4.528839093602941e-14,True,0.1913114607925974,0.32651322683833955,True,A-F|B-E|C-A|D-B|E-D|F-C
horizzontal-parallelepiped,rectangle-opposite,180,10,True,28,576,107,107,0,1.5332964897074273,13.568204113696561,23.152039580786106,13.209827435434551,2.6898804268841925,13.209815219130416,0.0018400799893667497,1,1,0.05955245507445989,0.06380366150497412,0.142251693883168,2.3886789168525,True,True,1.0683697567419071e-14,8.123616503897465e-15,6.938893903907228e-15,True,0.052395158975629325,0.36898991146262244,True,A-D|B-D|C-A|D-C|E-A|F-B
central-parallelepiped,rectangle-opposite,78,10,True,22,155,40,40,0,1.5721151874623043,13.648735456470385,23.131147579079833,13.160282160574539,2.7312769099234826,13.16027510711237,0.004640066820060795,3,1,0.05943487550433775,0.03832042509944634,0.14343483652605465,2.413310961097013,True,True,8.530675149520015e-15,6.420123230733026e-15,5.617333549722722e-15,True,0.08546886265131835,0.41981971932396717,True,A-C|B-A|C-A|C-B|D-D|E-D
two-triangles,horizzontal-parallelepiped,720,10,True,72,2641,480,480,0,1.5873207627498682,13.77212878753427,23.843097033138694,13.583831186290931,1.8005792782261443,13.583829488912713,0.0010094182966486898,2,1,0.05887826791449114,0.03907589440378449,0.14194980036834115,2.410903129393934,True,True,1.1682163181672949e-14,9.565974336450906e-15,6.705600017716362e-15,True,0.06983174069331585,0.49625046035832693,True,A-B|B-F|C-A|D-E|E-D|F-C
pentagon,two-triangles,360,10,True,0,1314,252,252,0,1.6730946149026478,13.705858064737221,24.662212361224462,13.388286958436314,2.1911732643365003,13.388201387507312,0.002049978314953904,1,1,0.05829835838583659,0.04881569641747407,0.14106549039817384,2.419716340287984,True,True,1.1982181969500553e-14,1.020439314654103e-14,6.2803698347351005e-15,True,0.08417006367026594,0.42159434034221743,True,A-B|B-F|C-C|D-D|E-A|E-E
two-triangles,pyramid,720,10,True,2,2867,527,527,0,1.6740186703159692,12.877383470565862,25.737584845559258,12.72074367656844,1.6184648990003567,12.720718013946694,0.000869196206869205,3,1,0.058294499912758736,0.028386866494134848,0.1405831623592362,2.411602510865132,True,True,8.565282493038633e-15,7.377764055609925e-15,4.351167857633658e-15,True,0.05214554331814628,0.3914966099903299,True,A-F|B-B|C-C|D-E|E-A|F-D
vertical-parallelepiped,vertical-parallelepiped,720,10,True,212,1992,348,348,0,1.5406492299321681,13.830279182563533,23.541272388027377,13.498342401716544,2.376502533392862,13.498342401574885,0.0014372615616160545,3,1,0.05827490339919859,0.04729269637564193,0.1397750937743887,2.398546983714278,True,True,9.576276950461626e-15,6.4047456679787536e-15,7.119291619286993e-15,True,0.11817057693625592,0.4652866157331114,True,A-C|B-D|C-F|D-E|E-B|F-A
2X3,vertical-parallelepiped,720,10,True,112,2015,474,474,0,1.5546786479160648,13.64049104213273,24.049724036384234,13.327157102977274,2.3845258427031726,13.32715709868187,0.0011622966297455406,1,1,0.05820881828779371,0.05797058629143102,0.13944826864223867,2.3956553791005364,True,True,1.1576171486049236e-14,4.002966042486721e-15,1.0862044427137904e-14,True,0.20327483498624505,0.4179157688864527,True,A-F|B-D|C-E|D-A|E-C|F-B
3X2,two-triangles,720,10,True,56,3235,459,459,0,1.5661852128546958,13.875382274806352,24.04149189374133,13.73583599528704,1.426665511027466,13.735805418151008,0.0008673139036901034,5,1,0.05795258956495325,0.019330155605937233,0.13974361503352145,2.411343756725432,True,True,8.042797661766892e-15,4.782987168225453e-15,6.466036496704424e-15,True,0.05550541592719067,0.4355693119706838,True,A-F|B-B|C-E|D-A|E-C|F-D
parallelepiped-int,pentagon,78,10,True,0,345,45,45,0,2.0071021796199977,14.017691621013993,23.461419952984755,13.786046098657973,2.0984622067976533,13.78602918388425,0.0010698828545177008,1,1,0.05759966253176372,0.024438194951635284,0.13847224212179698,2.404046066162897,True,True,1.15484543030194e-14,1.0843872863719266e-14,3.972054645195637e-15,True,0.08362358299111744,0.4331407140208836,True,A-E|B-A|B-C|C-B|C-D|D-E
two-triangles,pentagon,360,10,True,0,1291,249,249,0,1.6688918941442314,14.024176325418367,24.01593243380264,13.806408758956573,1.8666714359694443,13.806369550877733,0.0010340925661029843,2,1,0.0565107600161539,0.038433156015156275,0.13608694641451088,2.4081599039830595,True,True,8.140289677804162e-15,7.53644380168212e-15,3.076740298213702e-15,True,0.08394112376850497,0.3581303928054846,True,A-A|B-C|C-E|D-E|E-D|F-B
2X3,rectangle-opposite,180,10,True,72,149,94,94,0,1.6588270107909049,13.608219469645618,22.529937868802545,13.404388913179405,2.4599831969059163,13.404388658264997,0.0029500443498928774,1,1,0.05639104554753601,0.09572875744328327,0.1333058502688248,2.3807129797512614,True,True,9.7073116937172e-15,8.943327133590951e-15,3.774758283725532e-15,True,0.07611609640718162,0.32651322683833955,True,A-D|B-A|C-D|D-A|E-C|F-B
two-triangles,arrow,360,10,True,16,1567,251,251,0,1.6584058619988837,13.941689255442123,24.098689214444462,13.766195109637803,1.5387507578385529,13.766193120071145,0.0010215143575624808,5,1,0.05581653046544103,0.02193913379921412,0.1345727153591521,2.4109831664021684,True,True,5.891509130072236e-15,3.972054645195637e-15,4.351167857633658e-15,True,0.13448729464056464,0.32651322683833955,True,A-C|B-B|C-D|D-E|E-C|F-A
3X2,rectangle-opposite,180,10,True,76,112,92,92,0,2.0170689120733845,13.822256144997022,23.094130723955466,13.517187359684263,1.9870498808097765,13.517173759631905,0.0015280797115408973,2,1,0.055562571016391504,0.03729636334600335,0.1330112704340808,2.3939005701309464,True,True,8.200633644425975e-15,7.377764055609925e-15,3.580361673049448e-15,True,0.2048265364561185,0.42664682117134556,True,A-B|B-C|C-D|D-A|E-D|F-A
2X3,pentagon,360,10,True,0,1565,257,257,0,1.9992623179260194,13.82664634683995,23.860833384604074,13.549919229033009,2.1630190183469096,13.549918936558157,0.0010916519350292475,4,1,0.055297561483903794,0.053328899881225716,0.1322547892779746,2.3916929739563972,True,True,8.390818541177929e-15,5.634860374059478e-15,6.217248937900877e-15,True,0.06283121806132218,0.43499927961501017,True,A-C|B-A|C-D|D-E|E-B|F-E
rectangle-opposite,hexagon,180,10,True,24,611,99,99,0,1.9846764183757573,13.733489387738732,23.39545622470114,13.54569032035203,2.0113212863489403,13.545690318583167,0.0013001714859992575,1,1,0.05518838587162415,0.05432310776832799,0.1323888574904122,2.39885358847724,True,True,9.659737855324222e-15,7.145430231811334e-15,6.5002586283855235e-15,True,0.08188232597417444,0.39300248433366436,True,A-C|A-E|B-B|C-F|D-A|D-D
hexagon,pyramid,720,10,True,0,1984,566,566,0,1.7010428362685006,12.950787199308401,25.861899243449425,12.758387489155599,1.7059664618576136,12.758377606468402,0.00102195714854858,5,1,0.05515258810738053,0.024644471199146076,0.13357002689284186,2.4218269980872846,True,True,9.565974336450906e-15,8.140289677804162e-15,5.0242958677880805e-15,True,0.05431799011643127,0.4472121987926965,True,A-C|B-E|C-A|D-B|E-D|F-F
rhombus-int,hexagon,180,10,True,28,688,105,105,0,1.704909147444035,13.949655782478747,23.710142231840663,13.850214233861559,1.4603187808706077,13.850214003845203,0.000902296209591924,1,1,0.05508685135607782,0.021232283923666925,0.1333544022715413,2.420802768514525,True,True,9.230220894641107e-15,6.4047456679787536e-15,6.646518689688359e-15,True,0.06708926685656628,0.45673777918439046,True,A-D|B-B|B-F|C-A|C-C|D-E
arrow,two-triangles,360,10,True,16,1446,239,239,0,1.5795204401090357,13.744477672320206,24.274020592591846,13.613884975005718,1.6154338014981129,13.613884262321328,0.0006530406551021883,3,1,0.05508625184004005,0.027734854627501644,0.13284927947470695,2.4116594438204997,True,True,7.337557957613285e-15,5.617333549722722e-15,4.7207330545682824e-15,True,0.09736926001573287,0.3943564628531809,True,A-F|B-B|C-A|C-E|D-D|E-C
vertical-parallelepiped,pentagon,360,10,True,0,1707,242,242,0,1.7302098118313163,13.896515490662088,23.65509771490401,13.692495919690687,1.9080629986476594,13.692495304036733,0.0009049926665003483,5,1,0.05491318515350758,0.03979728867150799,0.13264756622930082,2.415586818693724,True,True,1.3823948578094108e-14,4.550560269027492e-15,1.3053503572900977e-14,True,0.145794219065318,0.4672669737947878,True,A-E|B-D|C-C|D-E|E-A|F-B
hexagon,two-triangles,720,10,True,76,2488,445,445,0,1.5128942400778702,13.9217533711269,23.980175558755924,13.752223494991615,1.5851306810426327,13.752186652007513,0.0010016575307822961,5,1,0.05445237856318984,0.02715696110358031,0.13146019238883874,2.414223140616059,True,True,1.0923855516905793e-14,3.2047775597423687e-15,1.0443180557033613e-14,True,0.1484084736485039,0.43450857272002213,True,A-B|B-D|C-C|D-F|E-A|F-E
3X2,pentagon,360,10,True,0,1720,276,276,0,1.5722639892633243,13.960651341670554,24.034997092277706,13.86626632760041,1.6108602339003593,13.86626522245313,0.0007984519564079307,2,1,0.05438267660952524,0.023328933851581326,0.13129556578663917,2.414290247781634,True,True,5.0242958677880805e-15,2.5121479338940403e-15,4.351167857633658e-15,True,0.12202216746304069,0.40241141832069854,True,A-D|B-A|C-C|D-E|E-B|F-E
central-parallelepiped,2X3,360,10,True,68,997,192,192,0,1.7093763217602513,13.68680892899877,23.700474124262204,13.339498667073759,2.549289521527817,13.339496896508622,0.0018390855851020405,2,1,0.054357481562175645,0.04393560382554352,0.13030476820429565,2.397181849848016,True,True,1.231797323988829e-14,8.482132971516369e-15,8.932294497614759e-15,True,0.2630862943109267,0.45336865794965664,True,A-D|B-B|C-A|C-C|D-F|E-E
vertical-parallelepiped,pyramid,720,10,True,22,2477,524,524,0,1.6684392217699398,12.850726459895807,25.557543693542684,12.632230569582571,1.8815936843726648,12.632230569582571,0.0009301311880260954,1,1,0.05421632439059698,0.03392920593688698,0.13105304286919717,2.4172247813229917,True,True,1.552447527282849e-14,1.117305858980544e-14,1.0778315928076987e-14,True,0.1158252361786886,0.45336865794965664,True,A-A|B-E|C-B|D-F|E-C|F-D
2X3,pyramid,720,10,True,64,1416,525,525,0,1.622429450644622,12.867868133615271,25.161619600084176,12.619301469889812,2.0949542132695487,12.619280606777316,0.001601307810116026,1,1,0.054088527814936296,0.04454311496358743,0.13066443958232993,2.4157514515720937,True,True,1.0395861869767154e-14,8.140289677804162e-15,6.466036496704424e-15,True,0.05247567292217509,0.45336865794965664,True,A-A|B-C|C-E|D-B|E-D|F-F
3X2,horizzontal-parallelepiped,720,10,True,148,1677,451,451,0,1.51503708257608,13.88364452510548,23.777387311617062,13.723329802488113,1.9144732625436738,13.723303834768506,0.0010568726449964316,3,1,0.05358408844581431,0.02225203298843328,0.12937324895129665,2.4143967491790477,True,True,1.1621866378332274e-14,1.0757711651938402e-14,4.397660529140337e-15,True,0.16415241807990916,0.3676539667191418,True,A-F|B-D|C-E|D-A|E-C|F-B
rectangle-same,pentagon,78,10,True,0,372,50,50,0,1.813555182568363,14.094028902711019,25.68410645075558,12.506923810966363,5.291654509278819,12.506427513193145,0.0168361726091506,2,1,0.05347606875442409,0.0704502403412719,0.1380376758220271,2.588345712724674,True,True,1.125453511178759e-14,9.240897845457147e-15,6.424201708561555e-15,True,0.16462540742111773,0.36546912557127215,True,A-B|A-E|B-C|C-D|C-E|D-A
parallelepiped-int,horizzontal-parallelepiped,180,10,True,28,611,116,116,0,1.6383676422649678,13.747603256459998,23.267133881052363,13.489239060875285,1.8698722884606076,13.489239060041726,0.00127295973440944,4,1,0.05344505696611091,0.017372369847156195,0.1300268656976888,2.4329072336874447,True,True,1.0695084443661336e-14,9.930136612989092e-15,3.972054645195637e-15,True,0.3221155166356763,0.3914966099903299,True,A-A|B-C|B-E|C-B|C-D|D-F
rhombus-int,horizzontal-parallelepiped,180,10,True,44,439,102,102,0,1.684170056485009,13.90587524110456,23.426658090681023,13.783124056686784,1.6407210990382326,13.783122746591378,0.0009785751473554427,1,1,0.05343674475446539,0.021606162650842763,0.12917585150665076,2.4173600413010994,True,True,1.6488213652842786e-14,1.4797236397564483e-14,7.273443782444743e-15,True,0.08470240847424365,0.4179157688864527,True,A-D|B-A|B-C|C-B|C-F|D-E
base-trapezoid,vertical-parallelepiped,360,10,True,52,1196,226,226,0,1.9033869784557735,14.018167004893385,25.856343514128085,12.696736868003168,5.928867877488612,12.696736868003168,0.007425115884594824,2,1,0.053095724008902376,0.0321900820396193,0.13763023832615895,2.592115295444186,True,True,1.0171578282682139e-14,4.4544077953532355e-15,9.144356508438812e-15,True,0.12483776512705327,0.3892155522973273,True,A-E|B-A|B-C|C-B|D-D|E-F
parallelepiped-ext,rhombus-ext,34,10,True,10,30,22,22,0,9.064140683648484,13.98960409582078,22.683613661545934,13.932785591813943,1.7170903239657214,13.932776796305184,0.0008892428898272797,2,1,0.05289779650295613,0.018038087279155412,0.13020901588090011,2.5085646964610415,True,True,1.699765591301329e-14,7.007609531788139e-15,1.5485919901226005e-14,True,0.24966222528615914,0.36990647383846204,True,A-A|A-B|B-D|C-C|D-A|D-D
central-parallelepiped,vertical-parallelepiped,360,10,True,76,1176,172,172,0,1.555759153432461,13.853965148629943,23.859569370087375,13.544499098365762,2.19289163741053,13.54449706005585,0.0013415152168079203,4,1,0.05262056644325063,0.03962990647559738,0.12630378997031394,2.4002742370044228,True,True,1.0731900677991188e-14,5.4025784115714076e-15,9.272854936269104e-15,True,0.08546886265131835,0.41981971932396717,True,A-F|B-A|C-C|C-D|D-E|E-B
parallelepiped-ext,central-parallelepiped,78,10,True,18,214,46,46,0,1.9281438395354449,13.821862426568199,23.342445608589742,13.574567616956042,2.181145363811825,13.574553229515034,0.0010167100563789333,2,1,0.052497914231623304,0.017829350436637022,0.12890551692111926,2.4928755391636552,True,True,9.890336306082086e-15,5.891509130072236e-15,7.944109290391274e-15,True,0.2418760494118388,0.49573600680125657,True,A-A|A-B|B-C|C-E|D-C|D-D
two-triangles,central-parallelepiped,360,10,True,36,1705,198,198,0,1.5612243251329787,13.755975049199309,23.790527615330678,13.567955254816008,1.9137343350816542,13.567928104898696,0.0010566749477316506,2,1,0.05247163814525474,0.023293030775853107,0.12727974344519866,2.4256864840555616,True,True,1.1055641907668299e-14,7.841232574574843e-15,7.793734002518813e-15,True,0.12308281863267813,0.3914966099903299,True,A-A|B-D|C-E|D-C|E-B|F-C
horizzontal-parallelepiped,two-triangles,720,10,True,72,2807,444,444,0,1.7259610346713647,13.734886451077493,23.85375484724019,13.56227156175726,1.7457736699579793,13.562267159601683,0.0009350157720451335,2,1,0.05236328315943331,0.039075894403784416,0.126270844798951,2.411438648995468,True,True,1.112884370092863e-14,5.617333549722722e-15,9.607118501968132e-15,True,0.05203632867502829,0.45860994651839865,True,A-B|B-A|C-F|D-D|E-E|F-C
pentagon,rectangle-opposite,78,10,True,0,423,43,43,0,2.0119225256869675,13.47948019352996,23.706111528905527,13.041039675611348,2.5560907616631776,13.04103942960991,0.002391190967800938,4,1,0.05217169244810333,0.06718643945190468,0.12468970255112109,2.389987686812221,True,True,9.327360194171539e-15,8.413007537629374e-15,4.027524346742929e-15,True,0.051796682337130966,0.3886873512957292,True,A-D|B-A|C-C|D-D|E-A|E-B
central-parallelepiped,base-trapezoid,168,10,True,12,741,102,102,0,1.8085253822898206,14.773801420420222,21.80570432924179,14.649789276659975,1.9873257989352247,14.649744419202237,0.0016070613336847117,1,1,0.05214673488228679,0.030143235421512204,0.12511930402574759,2.399369860992929,True,True,9.607118501968132e-15,1.7763568394002505e-15,9.441466109136565e-15,True,0.07556782805543794,0.503420624847555,True,A-D|B-A|C-C|C-E|D-B|E-B
vertical-parallelepiped,base-trapezoid,360,10,True,52,1478,193,193,0,1.629208884962344,14.765424097797641,21.62822164757295,14.635692247258055,1.952272120314313,14.635664644331019,0.0014377324653711554,1,1,0.05205358039106246,0.037073683252047074,0.12436273299176545,2.3891292790518284,True,True,7.460830893718047e-15,3.972054645195637e-15,6.3155981126285585e-15,True,0.06837350382187522,0.4668891668184871,True,A-D|B-E|C-B|D-C|E-B|F-A
hexagon,horizzontal-parallelepiped,720,10,True,96,1838,474,474,0,1.5275652672655737,13.825935216206897,23.876766105975655,13.704413853354259,1.6257010911174143,13.70440295997442,0.0011922403193285191,2,1,0.05201189476286275,0.031289586105970386,0.12587584170919647,2.4201356686408135,True,True,6.6058269965196814e-15,6.233089088255905e-15,2.1875901640420228e-15,True,0.051927234131438064,0.5028433396589628,True,A-A|B-F|C-B|D-E|E-C|F-D
central-parallelepiped,central-parallelepiped,168,10,True,80,192,68,68,0,1.5771442405386118,14.040540681136552,23.1596987853456,13.83212919808841,2.1472892822028906,13.832128577853119,0.00235196843745733,3,1,0.05168642049722325,0.03818058020356131,0.12414294027592164,2.4018482820374643,True,True,9.325873406851315e-15,8.140289677804162e-15,4.550560269027492e-15,True,0.2011456302235052,0.4652866157331114,True,A-B|B-C|C-A|C-D|D-E|E-C
rhombus-ext,vertical-parallelepiped,180,10,True,44,550,87,87,0,1.6325267992773638,13.894009009064057,23.31267549518646,13.766061058842954,1.6433695678228029,13.766059655637534,0.0011427935908443487,2,1,0.051025540850137066,0.02136743654480848,0.12328603439155945,2.4161632064548373,True,True,1.239286451237831e-14,1.1473439563086358e-14,4.684364995852737e-15,True,0.07809542612205196,0.5354159407479934,True,A-A|A-C|B-F|C-B|D-D|D-E
base-trapezoid,horizzontal-parallelepiped,360,10,True,40,1196,226,226,0,1.7036849606169768,14.167170383698974,25.977610262405275,12.85423793032307,6.0117156880991605,12.85423793032307,0.03282760268907481,5,1,0.05088277111336906,0.0329409049696194,0.1317650780045501,2.5895814068571794,True,True,5.475099487534308e-15,3.2023728339893768e-15,4.440892098500626e-15,True,0.0619784917531548,0.3892155522973273,True,A-A|B-B|B-D|C-F|D-E|E-C
pyramid,hexagon,720,10,True,0,2038,559,559,0,1.5615791390907021,15.777398690461386,23.092802028262522,15.08073954553888,4.630860512715604,15.080424624821331,0.005707823919001598,3,1,0.050867913456028487,0.026275987347335602,0.12925051943940832,2.5409046815166842,True,True,9.820297636185407e-15,9.729507111180988e-15,1.3322676295501878e-15,True,0.06540948160083421,0.39527610412442066,True,A-E|B-A|C-C|D-D|E-F|F-B
parallelepiped-ext,rhombus-int,34,10,True,10,86,18,18,0,9.136975632329907,13.809886532915176,22.639641545238558,13.735308547784555,1.4107513927899777,13.735307563800134,0.0007953820300610204,1,1,0.050642121927540557,0.017641557613247254,0.12335162720973264,2.5025588626376227,True,True,2.3736259292211283e-14,2.1218043825950598e-14,1.0639766040055872e-14,True,0.11829472262832214,0.45336865794965664,True,A-B|A-C|B-A|C-B|D-C|D-D
2X3,central-parallelepiped,360,10,True,68,1065,196,196,0,1.6568144260598936,13.702140107657002,23.650911236721292,13.332836613686425,2.5772739736641297,13.332832370436742,0.0017536903248309699,3,1,0.05047257802687859,0.04380908316080007,0.12093935689817713,2.396139876860902,True,True,1.656875357463295e-14,1.475552811121985e-14,7.53644380168212e-15,True,0.2011456302235052,0.4633533918727237,True,A-B|B-D|C-E|D-C|E-A|F-C
rectangle-opposite,vertical-parallelepiped,180,10,True,28,570,96,96,0,1.7765573545063498,13.687197403078937,23.550557468323127,13.323667268255843,2.7176898256941944,13.323662654120124,0.0018492844548489984,2,1,0.050463319139366324,0.06738738348275056,0.12043247359718798,2.3865349257861017,True,True,1.6462776945278516e-14,1.30402771781011e-14,1.0048591735576161e-14,True,0.05194102651214602,0.3926817942954417,True,A-B|A-C|B-D|C-E|D-A|D-F
rectangle-opposite,two-triangles,180,10,True,28,837,97,97,0,1.793063238734611,13.623741802352638,23.544719274300498,13.436241985225188,1.7433792054936232,13.436194279571573,0.0015268785531414863,1,1,0.0502574274977198,0.04958823115811414,0.12063011915137437,2.4002446037821454,True,True,7.079576320143277e-15,4.488171840998846e-15,5.475099487534308e-15,True,0.06389320095320437,0.4182034220705242,True,A-C|A-F|B-A|C-B|D-D|D-E
horizzontal-parallelepiped,pentagon,360,10,True,0,1295,260,260,0,1.664063612668771,13.91693545024611,23.712826267380432,13.75215837123391,1.9618124420530874,13.752150278359755,0.001289017886174193,3,1,0.05005260709856937,0.03546778989976569,0.12032635766285334,2.4039978062659713,True,True,5.9580819677934555e-15,5.329070518200751e-15,2.6645352591003757e-15,True,0.07811659305068569,0.3581303928054846,True,A-A|B-D|C-C|D-B|E-E|F-E
rectangle-opposite,horizzontal-parallelepiped,180,10,True,28,558,108,108,0,1.7880779025369649,13.607920198721697,23.21498987662471,13.290741477145097,2.733019874227618,13.290738896020109,0.0025697951774148464,1,1,0.049779669813207056,0.06733109329739176,0.11877616764765242,2.386037675487753,True,True,1.9726488229191617e-14,1.5524382229310982e-14,1.2170780346990444e-14,True,0.07227372566323872,0.32651322683833955,True,A-D|A-E|B-A|C-F|D-B|D-C
cross,pyramid,360,10,True,20,866,273,273,0,1.8514356447840805,13.855540779558773,26.55877845968007,13.451067989973467,3.6350527744411463,13.451067989973467,0.004575578414820924,1,1,0.049423509779331125,0.015333914375803814,0.1213364996804342,2.4550360794323236,True,True,1.5065497797266154,0.758267948192556,1.3018148706855996,True,0.07514272091914191,0.4179157688864527,True,A-F|B-D|C-C|D-B|D-E|E-A
vertical-parallelepiped,two-triangles,720,10,True,64,2903,432,432,0,1.517054740610046,13.755744688155792,24.0526800417312,13.574664194288236,1.8009051168479138,13.57459128846956,0.0010193536565683559,2,1,0.049408453803745256,0.03304486793635484,0.11900790260657984,2.408654662201933,True,True,8.747542958250513e-15,6.646518689688359e-15,5.687116766346677e-15,True,0.10420243832018836,0.43871064769360363,True,A-B|B-E|C-A|D-D|E-C|F-F
rhombus-int,pyramid,180,10,True,12,557,121,121,0,2.1392110576757846,12.968677662293837,25.3636846503332,12.80874307619735,1.5805341083031672,12.80874307619735,0.0011208394911452757,1,1,0.049230304560892786,0.019255454092701796,0.11911449097535451,2.419535934985375,True,True,1.0852962448604174e-14,7.391117485641469e-15,7.94721185223203e-15,True,0.20066007570834374,0.4179157688864527,True,A-F|B-B|B-D|C-A|C-C|D-E
two-triangles,base-trapezoid,360,10,True,12,931,270,270,0,1.8160404443862952,14.640828134553425,22.083773103172614,14.496381865382954,1.7030847226514754,14.496351865978625,0.0009176445477283579,3,1,0.04893538599131314,0.02946977409945703,0.11768986119814427,2.405005269990845,True,True,1.5235561077993902e-14,1.0704300373371068e-14,1.0841599276764049e-14,True,0.09132609012513435,0.3846245126357791,True,A-E|B-C|C-A|D-B|E-B|F-D
rhombus-ext,rectangle-same,34,10,True,14,55,14,14,0,2.325177502119371,14.988331502848817,20.74623529244602,14.986185679192207,1.1836752241203203,14.986185625724412,0.0006306603434840241,4,1,0.048870328139767945,0.02623488291581435,0.11781652598626896,2.41079874989414,True,True,8.747542958250513e-15,3.972054645195637e-15,7.793734002518813e-15,True,0.34498893324887947,0.32747907437451723,True,A-A|A-C|B-A|C-D|D-B|D-C
pyramid,vertical-parallelepiped,720,10,True,22,2528,547,547,0,1.585799320842944,15.392561026566366,22.497628578878324,14.140185842959855,4.674582564702574,14.140185833147985,0.005441702473389931,5,1,0.04870297563116145,0.02881412994472964,0.1236907444059586,2.5396958358909387,True,True,7.993605777301127e-15,6.936895214610187e-15,3.972054645195637e-15,True,0.08442641468987133,0.4633533918727237,True,A-F|B-C|C-B|D-D|E-E|F-A
horizzontal-parallelepiped,central-trapezoid,360,10,True,16,1292,254,254,0,1.553279960104496,13.83696789370451,23.644637249723218,13.639589754366934,1.8831042853525422,13.639588008548156,0.0010614364005583354,1,1,0.048352340482000745,0.03001179517654712,0.11657315046517584,2.410910191794551,True,True,1.754011838717728e-14,1.7336551124407806e-14,2.6645352591003757e-15,True,0.16766592184114334,0.4341882410243255,True,A-B|B-E|C-D|D-D|E-A|F-C
vertical-parallelepiped,rectangle-same,180,10,True,32,471,108,108,0,2.112194041697646,14.481963299289488,21.33810378733636,14.16412444387354,2.6603941441260224,14.164095991494676,0.0017025780718373795,9,1,0.04813626747892451,0.05261183564090302,0.11411834873463592,2.3886026665634845,True,True,1.4173510787502047e-14,6.066486484741841e-15,1.2809611616824355e-14,True,0.1645067030490522,0.4182034220705242,True,A-D|B-A|C-A|D-C|E-C|F-B
rhombus-int,2X3,180,10,True,64,425,77,77,0,1.7998090276552037,13.766989671753496,22.92423340945474,13.530522859434884,1.986930248352133,13.530520719616769,0.00128073872632406,5,1,0.048105087990494885,0.029176175891314764,0.11591616018941332,2.4096444894211038,True,True,7.781071550610022e-15,3.607797795906347e-15,6.89411847443645e-15,True,0.11817377637485912,0.4179157688864527,True,A-E|B-A|B-F|C-B|C-D|D-C
two-triangles,3X2,720,10,True,56,2892,478,478,0,1.5265140597877054,13.831442019947602,23.989624727052473,13.723771578346888,1.3900478786932404,13.72377151257393,0.0007771755019554405,1,1,0.048082040461881366,0.02289044063435919,0.11585040760120381,2.409432014289162,True,True,8.152394204457378e-15,5.347542221830668e-15,6.153480596427404e-15,True,0.08890472259758912,0.5034916565764344,True,A-C|B-A|C-E|D-F|E-B|F-D
rectangle-opposite,rhombus-ext,34,10,True,10,38,20,20,0,2.062592970941814,13.81676839270446,22.573180944941583,13.461168019277856,1.9221058741494983,13.461164670016576,0.0010675823015233732,1,1,0.04801482259975554,0.04022540523834262,0.11580575672390153,2.4221775695376095,True,True,5.4025784115714076e-15,3.2023728339893768e-15,4.351167857633658e-15,True,0.40455298687384883,0.45336865794965664,True,A-A|A-D|B-A|C-B|D-C|D-D
3X2,pyramid,720,10,True,30,1984,524,524,0,1.5266732343481302,12.902542576485954,25.70321987857159,12.718912740923109,1.655779177536009,12.718912740923109,0.0010736654212202268,1,1,0.04800580723707374,0.019391207674022453,0.11587470396487536,2.413764305485693,True,True,1.2840246461466052e-14,9.565974336450906e-15,8.565282493038633e-15,True,0.05225963340424052,0.4387982942468777,True,A-A|B-B|C-D|D-E|E-C|F-F
hexagon,rhombus-int,180,10,True,28,747,102,102,0,1.6831423423494078,13.93768095745675,23.75354546429226,13.865052906042612,1.3416552454619257,13.865052023181027,0.000815457297074218,3,1,0.04758835113809172,0.020620141902419106,0.1148633537448878,2.4136863538637368,True,True,1.075269770380278e-14,6.965488292934189e-15,8.191610388096e-15,True,0.05431799011643127,0.4395566479806858,True,A-A|B-B|C-C|D-B|E-D|F-C
pentagon,pentagon,168,10,True,22,464,104,104,0,1.54815096231572,13.831330955136231,23.572590417231723,13.551957862968488,2.645116852931408,13.551920856890089,0.0023492865332261914,3,1,0.04755355690653316,0.02776201550954963,0.11412710057133856,2.399969802377899,True,True,4.1048835471327093e-14,2.5433559371059917e-14,3.222019477394343e-14,True,0.061770518582597606,0.4160614448474135,True,A-E|B-A|C-D|D-E|E-B|E-C
3X2,2X3,720,10,True,228,648,434,434,0,1.7776099083199604,13.72162816182718,23.852948447339458,13.553202570372928,1.5209955241598134,13.553162872001957,0.0014752441761007873,9,1,0.047395245356648595,0.020879517749161712,0.11403250284035821,2.4059903473917084,True,True,6.153480596427404e-15,5.617333549722722e-15,2.5121479338940403e-15,True,0.05160004824584425,0.3676539667191418,True,A-F|B-E|C-A|D-B|E-C|F-D
2X3,hexagon,720,10,True,104,1501,491,491,0,1.6737940502938535,13.850990901449075,23.833015562630212,13.608853468711443,2.144904283671111,13.608815672456137,0.0012198852552760542,4,1,0.04706902242775906,0.03818669690495661,0.11240313077599313,2.4011765447626146,True,True,1.526950232651298e-14,1.4823868115664955e-14,3.66205343881779e-15,True,0.13009387443983747,0.39300248433366436,True,A-E|B-F|C-B|D-C|E-A|F-D
central-parallelepiped,two-triangles,360,10,True,36,1680,221,221,0,1.5095980914345353,13.758383258078961,23.77062518560456,13.583670715017753,1.818935294527516,13.583669348675745,0.0011448011753190102,2,1,0.047057116560452646,0.02661237170920671,0.11341723922842659,2.4102037591428576,True,True,0.4074738009314121,0.17491299904958396,0.3680222020598381,True,0.10420243832018836,0.43871064769360363,True,A-B|B-A|C-C|C-F|D-E|E-D
central-trapezoid,pyramid,360,10,True,10,1165,251,251,0,1.5039160907053093,12.863475913036416,25.34681350539451,12.697001209183231,1.6671179386681416,12.696960503750937,0.0009284008507659536,1,1,0.04691631985810532,0.018766298787216303,0.11307264961753516,2.4100920523927365,True,True,8.188600426433445e-15,7.32410687763558e-15,3.66205343881779e-15,True,0.12260853817703368,0.41115190529900336,True,A-A|B-F|C-B|D-C|D-E|E-D
pyramid,pentagon,360,10,True,1,1411,282,282,0,1.7611847147542348,15.36751520048531,22.56151287948367,13.958527289571718,4.643831730728088,13.958527279283084,0.005029724806728808,4,1,0.046796436983391,0.02702765115024871,0.11951943993250722,2.5557935998668424,True,True,7.53644380168212e-15,3.972054645195637e-15,6.4047456679787536e-15,True,0.1034654548984115,0.5291537191319784,True,A-A|B-B|C-E|D-E|E-C|F-D
rhombus-ext,base-trapezoid,78,10,True,18,190,41,41,0,2.2087077071312478,15.045212399702624,21.56107656252509,14.959566688003406,1.6862698075157845,14.959558558999749,0.0022026475728615935,3,1,0.046468567185721475,0.02672258748816959,0.11246557263016271,2.420250492783008,True,True,1.306105549923297e-14,1.1656813068944672e-14,5.891509130072236e-15,True,0.23992542840060163,0.5202372758899162,True,A-A|A-D|B-C|C-B|D-B|D-E
two-triangles,hexagon,720,10,True,76,2347,500,500,0,1.5952180532312006,13.872720099186099,23.93670884359545,13.732804482923251,1.6321655848956276,13.732797290143553,0.0009282165573534229,15,1,0.046408083200828364,0.014398954819294742,0.11247802138722447,2.423673067911083,True,True,8.51910812704787e-15,5.329070518200751e-15,6.646518689688359e-15,True,0.09388062609082963,0.4579559407757837,True,A-E|B-A|C-C|D-B|E-D|F-F
2X3,two-triangles,720,10,True,72,2865,426,426,0,1.6755374839182264,13.69538085030083,24.012790333641224,13.505025499094616,1.88128976820707,13.504943332648514,0.001218344080433198,2,1,0.04627819839622021,0.0408245935362557,0.11131621452726867,2.405370528347112,True,True,1.1648350771590544e-14,1.1512108063996359e-14,1.7763568394002505e-15,True,0.0667122630549902,0.4652866157331114,True,A-C|B-A|C-F|D-B|E-D|F-E
cross,two-triangles,360,10,True,4,1709,246,246,0,1.5951316961135258,13.503476755042229,25.278019360079686,12.979946147586027,3.4989584190524887,12.979917522195228,0.004506568572606895,4,1,0.04623442109798228,0.012983548876754947,0.11410916849941687,2.4680566078158748,True,True,2.220446049250313e-15,1.7763568394002505e-15,1.3322676295501878e-15,True,0.23717137618749276,0.4828768357435626,True,A-C|B-E|C-B|D-A|D-D|E-F
pentagon,3X2,360,10,True,0,1723,231,231,0,1.5359588946332172,13.788741308058396,24.526277727315318,13.584300276997412,2.004894381998653,13.584298679980638,0.0023166901235764925,2,1,0.04607919611730816,0.023126162450308047,0.1114006876859631,2.4175918217487964,True,True,1.3000517256771047e-14,1.0950198975068616e-14,7.007609531788139e-15,True,0.07000358557813392,0.44828351572191477,True,A-D|B-F|C-B|D-E|E-A|E-C
rectangle-opposite,central-parallelepiped,78,10,True,22,154,40,40,0,1.7106781262135466,13.624418011206249,23.111361047813293,13.254827161784394,2.835885983071284,13.254823712981047,0.0046940075495705,1,1,0.04607897556653633,0.03843531267453672,0.11126819994266662,2.4147281612630356,True,True,2.2648549702353193e-14,1.3000517256771047e-14,1.854570987253821e-14,True,0.1808648404091292,0.32651322683833955,True,A-A|A-D|B-C|C-E|D-B|D-C
pyramid,arrow,360,10,True,37,584,278,278,0,1.6549042111831958,15.712311387480124,22.47975471002146,14.981725500548714,4.619619999954154,14.98143767013695,0.011987643470252607,1,1,0.04607481574472136,0.021386967559537094,0.11719442448929099,2.5435679469367725,True,True,6.646518689688359e-15,1.7763568394002505e-15,6.4047456679787536e-15,True,0.07627084357870759,0.42827695480702754,True,A-E|B-A|C-D|D-C|E-B|F-C
parallelepiped-ext,2X3,180,10,True,60,248,102,102,0,3.340226425164868,13.747314528211023,22.113564888814622,13.607118807206035,1.7789716249170557,13.607108896566842,0.0014113850871044775,1,1,0.04602230087756355,0.023895605550314374,0.11275101741744831,2.5022475705240517,True,True,1.2314970930892997e-14,7.53644380168212e-15,9.739636741317752e-15,True,0.05172163655963992,0.4446994208396341,True,A-C|A-D|B-E|C-A|D-B|D-F
central-parallelepiped,rhombus-ext,78,10,True,22,72,48,48,0,9.160180544308627,14.235980007933172,23.13210196282674,14.110272568183339,1.802800920935701,14.11024869335499,0.004450199744853833,2,1,0.04586707614259995,0.013695185138119216,0.11160745101848815,2.433280261237985,True,True,0.1583284853034904,0.08093993438591979,0.13607584752666643,True,0.4437435942874918,0.5693803127769326,True,A-A|B-A|C-C|C-D|D-B|E-D
pentagon,horizzontal-parallelepiped,360,10,True,0,1227,270,270,0,1.6643529719377421,13.581405461524914,24.173482846854785,13.339862988257316,2.321654468835081,13.339736774163404,0.0018507147179480654,1,1,0.045859736814393696,0.04576962665421064,0.11027234861339273,2.416623795334142,True,True,1.1751594028907457e-14,1.0087767680389479e-14,6.028010073543578e-15,True,0.08731941453218817,0.3503071239504709,True,A-A|B-F|C-B|D-C|E-D|E-E
base-trapezoid,pentagon,168,10,True,0,604,117,117,0,1.8559753284854708,14.271388269096366,25.82270019491115,12.507184873397641,6.027979095639834,12.507184873397641,0.025441665822006243,5,1,0.04565778243480509,0.02287648476428147,0.11751597205730363,2.5771656100756375,True,True,1.0219480822442768e-14,6.289195403694124e-15,8.055048693485857e-15,True,0.11312571285646252,0.40552834608520305,True,A-C|B-A|B-E|C-E|D-D|E-B
horizzontal-parallelepiped,2X3,720,10,True,168,1546,442,442,0,1.6541436131861247,13.625091267211943,23.83408391461396,13.281516819763649,2.5669163540315423,13.281510843296608,0.0015416095028122356,10,1,0.045596053347850975,0.03474286164411856,0.109400690863633,2.399345619433732,True,True,1.233896894832203e-14,7.793734002518813e-15,9.565974336450906e-15,True,0.05199775411844587,0.4652866157331114,True,A-C|B-D|C-F|D-B|E-E|F-A
two-triangles,rhombus-ext,180,10,True,24,679,108,108,0,2.052926230566947,13.993287939200712,23.46147635485291,13.854291030597404,1.7362477281184974,13.854290725797608,0.0012826670846965982,1,1,0.04558655008813575,0.02299560826468197,0.11073926182987136,2.4292090894303513,True,True,1.0850690766224794e-14,9.41008164741723e-15,5.4025784115714076e-15,True,0.06861440183273573,0.45336865794965664,True,A-A|B-D|C-A|D-B|E-D|F-C
rhombus-ext,central-trapezoid,78,10,True,6,254,47,47,0,2.2060200360370446,14.02220804275085,23.740831430851006,13.93252748292866,1.624475112935758,13.932527089103427,0.0026097350962155375,1,1,0.045529277354029306,0.013650790139968023,0.1107074742352283,2.431566690030734,True,True,1.2417333415617489,0.30723899661967735,1.203123389558295,True,0.26787424706002044,0.5202372758899162,True,A-C|A-D|B-A|C-D|D-B|D-E
horizzontal-parallelepiped,arrow,360,10,True,46,899,247,247,0,1.8808724048843806,13.87772002662323,23.690274565368405,13.654354767994773,1.9445144742399043,13.65435476732479,0.001166328416831064,3,1,0.04550069264518813,0.028902399371643378,0.10955145048303003,2.407687534282305,True,True,6.2803698347351005e-15,5.329070518200751e-15,3.3232593448441795e-15,True,0.1260039589860245,0.32651322683833955,True,A-B|B-D|C-E|D-A|E-C|F-C
rectangle-opposite,rhombus-int,34,10,True,10,38,20,20,0,2.1089098322559585,13.916165331956437,22.499120342129494,13.850601954907768,2.1510568956681926,13.850589322879372,0.001118982124799217,1,1,0.0453328633311302,0.0400855729368467,0.10976754123937782,2.4213679254625893,True,True,6.822227891828277e-15,6.646518689688359e-15,1.538370149106851e-15,True,0.26808156824084334,0.45336865794965664,True,A-B|A-C|B-A|C-B|D-C|D-D
rhombus-int,vertical-parallelepiped,180,10,True,40,533,91,91,0,1.5747588849591068,13.967266268823227,23.592169366820972,13.802043619045714,1.9102890928608365,13.801988261220599,0.0017376874024019884,1,1,0.04528477418615766,0.02290447885177856,0.10996705739979482,2.428345053631929,True,True,1.0841599276764049e-14,7.32410687763558e-15,7.993605777301127e-15,True,0.24014897377774544,0.4179157688864527,True,A-A|B-B|B-F|C-C|C-D|D-E
horizzontal-parallelepiped,3X2,720,10,True,148,1838,458,458,0,1.5885316566063339,13.889766713766173,23.78870052910064,13.730958262316733,1.821918113770232,13.73095095375086,0.0010171203004336604,1,1,0.04518286158544096,0.022599750811664224,0.10874842297997778,2.406851163561965,True,True,0.051768125259218624,0.014022881318709164,0.049832696017529966,True,0.10318781976809567,0.4341882410243255,True,A-F|B-B|C-A|D-E|E-D|F-C
vertical-parallelepiped,hexagon,720,10,True,124,1822,449,449,0,1.5596020716960746,13.877933205886176,23.7623870170116,13.740220060760763,1.6806831252584513,13.740211539337453,0.0010867999409409634,4,1,0.045163573298804646,0.026459147517756125,0.10892247743425805,2.411732940474418,True,True,1.341855065261133e-14,1.1891312680308527e-14,6.217248937900877e-15,True,0.08884476833453801,0.37315538930282416,True,A-A|B-D|C-E|D-F|E-B|F-C
horizzontal-parallelepiped,rectangle-same,180,10,True,26,562,107,107,0,1.8526878759386882,14.584232393260324,21.12124622875935,14.188109381476696,2.5920917017344935,14.188040185552396,0.0017516791857890013,4,1,0.04474984984781182,0.04647830854144439,0.10704228874171728,2.3920144783893935,True,True,5.9746092726847654e-15,1.831026719408895e-15,5.687116766346677e-15,True,0.11438341085494365,0.31140856846121034,True,A-A|B-A|C-B|D-C|E-D|F-C
pyramid,pyramid,720,10,True,106,1369,514,514,0,1.673529559124868,14.706609310565112,24.10987337707904,14.006429105644129,4.538257750997314,14.006182082613199,0.009216378030385997,5,1,0.044290996425689996,0.016122987180554174,0.11296299391908136,2.550473076590341,True,True,1.4458497151625688e-14,1.3987047740492306e-14,3.66205343881779e-15,True,0.217086372583289,0.3892155522973273,True,A-F|B-D|C-A|D-C|E-B|F-E
parallelepiped-int,3X2,180,10,True,52,616,74,74,0,2.1428257491270988,13.761047791881634,23.688096770674505,13.704671512335928,1.319759130331536,13.704662436940431,0.0011985838546877403,2,1,0.04416581072811454,0.010331310678155275,0.10598814938160797,2.4096120165496933,True,True,1.2178088937988185e-14,7.53644380168212e-15,9.565974336450906e-15,True,0.05118028238256919,0.42827695480702754,True,A-A|B-C|B-E|C-D|C-F|D-B
rectangle-opposite,base-trapezoid,78,10,True,0,245,60,60,0,2.3574022237918344,14.870712100053996,21.305398451440528,14.470749046463768,2.2073169196235147,14.470745239392754,0.002632104657239509,1,1,0.044164765731956934,0.06494324511975423,0.10637982611432976,2.4087035072248777,True,True,2.4995556343779214e-14,2.1463801355982377e-14,1.2809491335957507e-14,True,0.07556782805543794,0.507168727450094,True,A-B|A-D|B-A|C-B|D-C|D-E
hexagon,central-parallelepiped,360,10,True,68,1421,212,212,0,1.5872320220106,13.80206991303378,23.746041029850005,13.672352532273232,1.68256626433731,13.672351198823494,0.0009206291572336767,2,1,0.04416462306072059,0.017340685875654877,0.106087259619121,2.402086834823992,True,True,1.0354466633298015e-14,4.012577019208141e-15,9.545376101809955e-15,True,0.07648889192562267,0.36945378526400835,True,A-A|B-E|C-D|D-C|E-B|F-C
rhombus-ext,arrow,78,10,True,6,319,45,45,0,1.8860787386210058,13.951879572237324,23.77571000719523,13.855488155105123,1.4855979649371542,13.85548798939167,0.0009043139041846615,1,1,0.04407448852589724,0.020063330302163448,0.10673297838178467,2.4216498466923926,True,True,4.463041323674983e-15,2.5510982866352577e-15,3.66205343881779e-15,True,0.1032572795041736,0.45323801017551585,True,A-A|A-C|B-D|C-E|D-B|D-C
2X3,3X2,720,10,True,228,631,451,451,0,1.8198877242414129,13.736647595552405,23.816064111133045,13.57133958194736,1.4878747379685646,13.57133880139667,0.0010396862875783341,3,1,0.04402592514829229,0.028069800878669608,0.10542224017780925,2.394549116746919,True,True,1.0667388882858398e-14,7.063671301471282e-15,7.993605777301127e-15,True,0.0938466201523473,0.4759218661878611,True,A-C|B-F|C-A|D-D|E-B|F-E
central-trapezoid,pentagon,168,10,True,0,670,120,120,0,1.572523222850614,13.921661206936164,23.46525474499183,13.791539933679132,1.7632816963511493,13.79152310477843,0.0008542585906887723,1,1,0.04400193960566753,0.018273771912281876,0.10662804977878537,2.4232579457713608,True,True,5.281897707776078e-15,4.511647258954789e-15,2.7465400791133423e-15,True,0.13121427730957658,0.45931210206367873,True,A-A|B-E|C-C|D-B|D-D|E-E
wave,cross,168,10,True,28,661,100,100,0,1.6140799810727087,14.58213334474149,22.977876636327313,14.495397992928767,1.2930749152957144,14.495397992580886,0.0009149764621572132,1,1,0.04392524177624604,0.006758090592101579,0.10651378057780002,2.4248877472406014,True,True,8.005932084973442e-15,5.102196573270515e-15,6.169484474161015e-15,True,0.05071673947113901,0.4475031594694418,True,A-D|B-C|C-A|C-D|D-B|E-E
rectangle-same,base-trapezoid,78,10,True,18,146,48,48,0,2.2432247932511373,15.068757741677071,22.720155260433977,13.475411211543069,5.212558358083378,13.473906861499811,0.03282521176677822,1,1,0.04361569511122925,0.07479484346819486,0.11235158709965981,2.575943976431867,True,True,1.1811562852580107e-14,1.020439314654103e-14,5.9483928528029095e-15,True,0.07556782805543794,0.4668891668184871,True,A-B|A-D|B-A|C-B|C-E|D-C
hexagon,rectangle-opposite,180,10,True,24,630,114,114,0,2.2330886336433284,13.607555727776486,23.316036787565363,13.379190896892798,2.05017892601123,13.379189071383163,0.0012347473428508948,6,1,0.04352547112037422,0.03275653117293576,0.10391948124454257,2.4040106895131133,True,True,3.2023728339893768e-15,1.7763568394002505e-15,2.6645352591003757e-15,True,0.14865685688088548,0.36945378526400835,True,A-A|B-A|C-D|D-C|E-B|F-D
pentagon,vertical-parallelepiped,360,10,True,0,1612,261,261,0,1.6445668067588788,13.45715395698442,24.24294033451901,13.221261974721834,2.2511329064564567,13.221140459332844,0.0016351510968899419,3,1,0.043484840459850564,0.03233661920395624,0.10516609516440512,2.41845420271243,True,True,5.891509130072236e-15,3.972054645195637e-15,4.351167857633658e-15,True,0.21434453317633073,0.3886873512957292,True,A-A|B-F|C-E|D-D|E-B|E-C
base-trapezoid,rhombus-int,78,10,True,12,420,25,25,0,1.836166569146443,14.334266621277692,25.86845347617997,12.747125793147802,5.8853046537195155,12.747125793147802,0.04243167436658268,1,1,0.04341210686624653,0.022876417537654115,0.11260416389552384,2.593842409963176,True,True,1.297147851161847e-14,4.248779419401582e-15,1.2255901771091726e-14,True,0.14232149778427988,0.49463167676755143,True,A-B|B-A|B-C|C-B|D-D|E-C
pyramid,base-trapezoid,360,10,True,21,1057,258,258,0,1.5950791116393357,15.706662456987615,22.72999141021414,13.557247279371955,4.601276856589383,13.557247269455091,0.005372487313872298,1,1,0.043397096470972486,0.03399570370433441,0.10982649340976422,2.530733674388219,True,True,1.1546319456101628e-14,7.32410687763558e-15,8.926082647349967e-15,True,0.08489774029962718,0.3832241553251438,True,A-E|B-C|C-B|D-D|E-B|F-A
vertical-parallelepiped,3X2,720,10,True,136,1532,474,474,0,1.6194430469323882,13.9027401722601,23.95369663912118,13.710743904843277,1.817747005053354,13.710743903904728,0.00109777592018645,2,1,0.0433520828480298,0.01962452695854833,0.1045721845415004,2.4121605623443036,True,True,7.961593854351682e-15,6.5418425621716e-15,4.537760746602951e-15,True,0.07183276835898927,0.3846245126357791,True,A-B|B-A|C-D|D-C|E-E|F-F
pentagon,rhombus-int,78,10,True,0,422,47,47,0,1.9666208007932995,13.732104972052626,23.735934310732333,13.497189485727809,2.16615097440151,13.49718666095525,0.0024326205939484424,3,1,0.04333903376330232,0.026909967829612334,0.10469879592394547,2.4158082641104017,True,True,9.892984258649803e-15,9.566135400126239e-15,2.5219419200973697e-15,True,0.09433330160393776,0.4312665152281575,True,A-C|B-B|C-D|D-C|E-A|E-B
pyramid,rectangle-same,180,10,True,24,453,121,121,0,2.043924883472056,15.860544190513965,22.615058300174873,14.020523064191627,4.717960713278747,14.020031753907732,0.013371304790970484,5,1,0.04327301894415068,0.0368529503849344,0.10981745443998775,2.550790194498648,True,True,6.705600017716362e-15,4.351167857633658e-15,5.102196573270515e-15,True,0.2720719740097186,0.4179157688864527,True,A-A|B-D|C-A|D-C|E-C|F-B
vertical-parallelepiped,rhombus-ext,180,10,True,44,490,100,100,0,1.6663261407389887,13.970731312567594,23.248546157143497,13.871881501065147,1.5134029227492296,13.871880828978142,0.0014379034823370773,2,1,0.043147000020165575,0.02130444726200238,0.10422404440725336,2.415557150173645,True,True,1.8202241076109967e-14,1.5688358818848954e-14,9.230220894641107e-15,True,0.07550025565018365,0.503420624847555,True,A-A|B-D|C-A|D-B|E-C|F-D
wave,pentagon,168,10,True,0,562,119,119,0,1.518694863028512,14.168578411544,23.546577064147492,14.075364239067305,1.519771890574003,14.075358631773636,0.0010838186276895811,1,1,0.04281121232449889,0.012344771680101722,0.10352049862519482,2.418069776686861,True,True,0.7158052191337535,0.2537871193812857,0.669305019983617,True,0.11990081808689683,0.403356028754083,True,A-B|B-E|C-C|C-D|D-A|E-E
horizzontal-parallelepiped,rhombus-int,180,10,True,44,525,105,105,0,1.7087193318575467,13.868284780097436,23.420606824886118,13.78582681051114,1.5352303644371144,13.78582643596869,0.0008734713680471629,4,1,0.0426104945530972,0.020476185209952005,0.10354756067969084,2.4300952562439657,True,True,7.377764055609925e-15,7.32410687763558e-15,8.881784197001252e-16,True,0.3396824849717858,0.5089644839199717,True,A-B|B-A|C-B|D-D|E-C|F-C
horizzontal-parallelepiped,pyramid,720,10,True,20,2003,562,562,0,1.5544496657306404,12.827301829202282,25.486423743474322,12.604160388401642,1.8001717853513406,12.604160388401642,0.0010367613743174076,3,1,0.042566245654595,0.02973831069718827,0.10249603496629328,2.407918137718798,True,True,7.844179409424477e-15,5.4025784115714076e-15,5.687116766346677e-15,True,0.1893920991853197,0.45336865794965664,True,A-A|B-D|C-E|D-F|E-B|F-C
central-parallelepiped,pyramid,360,10,True,10,1412,210,210,0,1.618924431803855,12.844765822303112,25.464057849942193,12.654719112481885,1.8213823992604408,12.654700370165635,0.0013320814653425828,2,1,0.04223703587146702,0.02385676528124032,0.10203958167919852,2.4158793242432703,True,True,6.9377835920505475e-15,5.255707148841104e-15,4.5288390936029406e-15,True,0.16925383776255923,0.45336865794965664,True,A-A|B-B|C-C|C-D|D-E|E-F
parallelepiped-int,hexagon,180,10,True,24,518,124,124,0,1.8331817052098642,13.839405786848129,23.595138590681447,13.63896514623853,1.8591798499061452,13.638938379062212,0.001038048281850834,2,1,0.042225601934746795,0.01256152499979435,0.10192944547593061,2.413925220851723,True,True,1.231997437274852e-14,7.064543736638133e-15,1.0093264602610358e-14,True,0.050933605817140015,0.39300248433366436,True,A-E|B-A|B-B|C-C|C-F|D-D
arrow,horizzontal-parallelepiped,360,10,True,46,903,247,247,0,1.5219196182650343,13.849516930672849,23.70562405486046,13.659665794987514,2.0072605215567325,13.659662013519823,0.0012619291067519356,1,1,0.04221611582285009,0.03038470758150703,0.10096492895968487,2.404003985939424,True,True,1.3747053888270339e-14,8.452290561089217e-15,1.0841599276764049e-14,True,0.1260039589860245,0.32651322683833955,True,A-F|B-A|C-D|C-E|D-C|E-B
central-trapezoid,two-triangles,360,10,True,16,1524,243,243,0,1.535189689737513,13.830404327188987,24.07274377919637,13.66095824045265,1.6375497764378428,13.66094732321336,0.0008381528627179335,2,1,0.04217399665321412,0.016615608761011504,0.1025006078557893,2.4304219659005835,True,True,4.751962059186864e-15,1.9984014443252818e-15,4.311326371230795e-15,True,0.06725787130427473,0.443009111449057,True,A-A|B-B|C-F|D-D|D-E|E-C
central-trapezoid,vertical-parallelepiped,360,10,True,36,1429,227,227,0,1.5086125269817159,13.777979450936142,23.95761864946208,13.559432531691142,1.9392555959072402,13.559432057129177,0.0009126776124066538,3,1,0.04210568774399545,0.019998010667341984,0.10128011341419356,2.405378437943619,True,True,1.1497242578940692e-14,5.329070518200751e-15,1.0187619659716904e-14,True,0.2541559505323323,0.4652866157331114,True,A-C|B-D|C-F|D-A|D-B|E-E
pyramid,2X3,720,10,True,64,1448,548,548,0,1.9195827600178932,15.429539775412007,22.552844756008312,14.559120724533354,4.610711217309783,14.558988935058187,0.011929192057209548,1,1,0.04195537193082813,0.04576816532683105,0.10622614644234253,2.531884274973839,True,True,0.30916390391648463,0.08034455650628268,0.2985415745330793,True,0.15695969043670036,0.4475031594694418,True,A-F|B-D|C-B|D-E|E-C|F-A
2X3,rhombus-int,180,10,True,64,435,77,77,0,1.742895189823041,13.86493881189117,22.884266238761395,13.638377708987285,1.9806825697513155,13.638375443816459,0.0023343317351542936,3,1,0.04175387621778308,0.03329649226494163,0.10105101364811934,2.4201588643183616,True,True,7.907563005781823e-15,3.3546376631528325e-15,7.160723346098895e-15,True,0.19201313609529408,0.45673777918439046,True,A-B|B-C|C-B|D-C|E-A|F-D
two-triangles,cross,360,10,True,4,1658,247,247,0,1.6429528826907276,14.458755710321963,23.03458556759676,14.349300368190349,1.4131850537508477,14.34930018698313,0.0008146214839310773,8,1,0.04171099234143967,0.011593299838911442,0.10047058256861283,2.408731534032476,True,True,6.936895214610187e-15,3.972054645195637e-15,5.687116766346677e-15,True,0.06861440183273573,0.4804999201258812,True,A-E|B-B|C-A|D-D|E-D|F-C
triangle,2X3,90,10,True,30,125,48,48,0,1.8075919501264304,13.964036485184666,23.554142428911955,13.906623452135047,1.2840774508015012,13.906623347585118,0.000970589354457374,3,1,0.041574230763050536,0.009449963977780798,0.1007438004307569,2.423227046699655,True,True,1.292047791039739,0.5451554259858675,1.17140644348955,True,0.09271964487101808,0.4844774206952201,True,A-B|A-F|B-A|B-D|C-C|C-E
3X2,vertical-parallelepiped,720,10,True,136,1509,462,462,0,1.5469721210531646,13.849199159051196,23.96280053100574,13.652789237840757,1.8690531706265499,13.652754274715871,0.0011398280044172537,1,1,0.04156188835085939,0.019624526958548383,0.10027294289204806,2.412617589594547,True,True,1.371114198290873e-14,1.0206808673417459e-14,9.155133597044475e-15,True,0.1356867343664309,0.3676539667191418,True,A-E|B-F|C-B|D-A|E-D|F-C
base-trapezoid,2X3,360,10,True,100,598,203,203,0,1.9784720429925653,13.997411278705588,25.752602254857493,12.58821875445583,5.92896909068223,12.58821875445583,0.04292810958992632,1,1,0.04143892965433544,0.038046471134771775,0.10655390867747404,2.581043068868401,True,True,9.576276950461626e-15,6.89411847443645e-15,6.646518689688359e-15,True,0.20506267072351017,0.4652866157331114,True,A-E|B-A|B-C|C-F|D-D|E-B
3X2,3X2,720,10,True,268,489,414,414,0,1.9275077033553132,14.126245312070324,23.72813345481141,13.941569879960237,1.3197908668028235,13.941569171418818,0.0009441052261998095,6,1,0.04116136706147649,0.009984721178101934,0.09966085206994336,2.421223083312444,True,True,8.981148454337477e-15,5.617333549722722e-15,7.007609531788139e-15,True,0.16372659125806582,0.4341882410243255,True,A-E|B-B|C-F|D-A|E-C|F-D
hexagon,base-trapezoid,360,10,True,16,1181,248,248,0,1.6592722672949256,14.886090863559984,22.14922570915463,14.747471917662313,1.8178069078058399,14.747470059690023,0.0011385752383663572,5,1,0.04109836247413757,0.017886961232132906,0.09947535454601185,2.4204213637127228,True,True,1.4376423657081935e-14,1.3203721447146771e-14,5.687116766346677e-15,True,0.10692212769931154,0.5202372758899162,True,A-C|B-A|C-D|D-B|E-B|F-E
central-trapezoid,rectangle-same,78,10,True,4,338,48,48,0,1.6841646021616472,14.550720738770217,21.712132183991535,14.428291521664097,2.2603919885575685,14.428252743415806,0.0013667885487560483,2,1,0.04100144606911866,0.032232630093207086,0.09803567832524356,2.4039021861258645,True,True,7.377764055609925e-15,6.4047456679787536e-15,3.66205343881779e-15,True,0.08940143105754272,0.3676539667191418,True,A-A|B-A|C-C|D-C|D-D|E-B
rectangle-opposite,arrow,78,10,True,8,455,35,35,0,1.9785290325560172,13.594585262980374,23.538278774868612,13.367203548290037,1.7673097606339336,13.367124340961652,0.0011837180739231457,2,1,0.04093771632133209,0.03883447569936372,0.0985930409320504,2.4083668995643244,True,True,1.1408858372399359e-14,9.272854936269104e-15,6.646518689688359e-15,True,0.1317146447525911,0.32651322683833955,True,A-B|A-D|B-C|C-C|D-A|D-E
horizzontal-parallelepiped,rhombus-ext,180,10,True,40,521,100,100,0,1.5609475940157156,13.970942373227698,23.28064583404043,13.816157151328365,1.8285856894537935,13.81615709834276,0.0010876864190958457,1,1,0.04091723635038693,0.02290691953648435,0.09910971262324551,2.428320235113917,True,True,8.214358761485775e-15,5.335341648411587e-15,6.245784126682801e-15,True,0.2854380624973131,0.45336865794965664,True,A-A|B-A|C-D|D-C|E-D|F-B
3X2,central-parallelepiped,360,10,True,88,672,206,206,0,1.8083271660116023,13.942633566274747,23.732705217165456,13.746481159570557,2.0861455281309462,13.746481107697871,0.0014597945923577882,2,1,0.0408077128506108,0.016516520644452127,0.09858456666873462,2.4158317088152867,True,True,1.652704112758165e-14,8.97016233590804e-15,1.3880896084195435e-14,True,0.11971025595264362,0.47538038908183505,True,A-D|B-B|C-E|D-C|E-A|F-C
triangle,rectangle-opposite,15,10,True,2,53,9,9,0,1.5229260137731861,13.664345606773754,22.533249904646993,13.55344763348328,1.2739395050072324,13.553447556231557,0.0008320112696882376,1,1,0.040615788735825296,0.018903005001426675,0.0972453799609825,2.4070541214885126,True,True,8.087836741143731e-15,6.646518689688359e-15,4.608350296908622e-15,True,0.09271964487101808,0.42238175706989983,True,A-A|A-D|B-A|B-D|C-B|C-C
rectangle-opposite,wave,78,10,True,22,226,40,40,0,2.7016878061340273,13.861080346314196,23.001001582038757,13.785597585599557,1.5478918433706559,13.785597361979558,0.000864445911133771,1,1,0.040554652793758195,0.019871224203027543,0.09805644649995243,2.4178840094778073,True,True,5.17892563931115e-15,4.351167857633658e-15,2.808666774861361e-15,True,0.10229393814506535,0.5174248366170574,True,A-A|A-C|B-B|C-C|D-D|D-E
arrow,rhombus-ext,78,10,True,6,415,47,47,0,1.7395376370183382,13.911513133927956,23.835494545033992,13.800823625173736,1.4805428117005837,13.80082357895259,0.0010595379781275227,5,1,0.040201695777998044,0.011689665093488386,0.09741515785413889,2.423160415721895,True,True,1.1408858372399359e-14,5.9580819677934555e-15,9.729507111180988e-15,True,0.06045846687354538,0.36990647383846204,True,A-A|B-C|C-B|C-D|D-D|E-A
central-trapezoid,3X2,360,10,True,20,1392,269,269,0,1.5057179620524181,13.922396271718249,23.802820482493473,13.791480389057712,1.6085171168699364,13.79146282733052,0.0008453071002101353,1,1,0.04016931808781008,0.012592610473282778,0.09734292207715811,2.423315274219159,True,True,0.12888085695475573,0.030208236243576735,0.12529061318568308,True,0.11788891875680212,0.4766607863708305,True,A-D|B-E|C-F|D-A|D-C|E-B
hexagon,central-trapezoid,360,10,True,24,1070,273,273,0,1.5838722118614916,13.877998483437352,23.845562768393854,13.775986390259233,1.569239472187387,13.775986194634811,0.0008601194321791183,2,1,0.039967925060671296,0.012027807275855205,0.09636920553199901,2.4111635864436445,True,True,5.687116766346677e-15,4.351167857633658e-15,3.66205343881779e-15,True,0.07588757017104093,0.5167335944924983,True,A-D|B-C|C-A|D-B|E-D|F-E
rectangle-same,vertical-parallelepiped,180,10,True,32,459,103,103,0,2.029686083117231,14.11465102529566,25.618534039544706,12.616259413643998,5.379317627937731,12.616259413643998,0.03142393419289746,3,1,0.03973544737219479,0.05987563233737923,0.10231881293434898,2.575000904757585,True,True,6.505944815763881e-15,1.9891280697202825e-15,6.1944077576484885e-15,True,0.18453018485635114,0.32651322683833955,True,A-E|A-F|B-B|C-A|C-D|D-C
pyramid,two-triangles,720,10,True,2,3015,490,490,0,1.5771359512172136,15.608459338849666,22.54766597630863,14.849467772742655,4.549831463154127,14.84946776343507,0.010160256527711908,6,1,0.03957894991464277,0.021162869950003865,0.10034434516886366,2.5352957919618757,True,True,5.756054031998179e-15,4.782987168225453e-15,3.2023728339893768e-15,True,0.05201632407903065,0.4633533918727237,True,A-E|B-C|C-D|D-F|E-B|F-A
rectangle-same,horizzontal-parallelepiped,180,10,True,26,538,109,109,0,1.9360827737264936,14.078527472679212,25.10613098989624,12.545067812166245,5.348977633967968,12.544479332220007,0.026092739985458024,1,1,0.039577665633022625,0.0533620009071098,0.10144525893379286,2.578089999619561,True,True,1.152212682766147e-14,9.055405423857285e-15,7.124537826574593e-15,True,0.1260039589860245,0.32651322683833955,True,A-A|A-D|B-F|C-C|C-E|D-B
parallelepiped-int,cross,78,10,True,8,379,42,42,0,1.6810592027068774,14.395392682363896,22.533784968059187,14.279839868826274,1.5264412133099832,14.279839866026668,0.0009179771675906778,4,1,0.03955016530219155,0.006665815754662631,0.09528407495150656,2.409195365517896,True,True,6.165737292347812e-15,5.617333549722722e-15,2.542022845965011e-15,True,0.06296225973410899,0.49520082211586375,True,A-D|B-A|B-E|C-B|C-C|D-D
3X2,wave,360,10,True,40,1126,241,241,0,1.5893282329100573,14.095181624709351,23.817153742874304,13.99712875230329,1.3068557839410762,13.997101286425375,0.0008999296045928418,2,1,0.0394019999582346,0.006266042726645934,0.09546729825356802,2.422904886928623,True,True,6.358389842764979e-15,4.782987168225453e-15,4.189529226675416e-15,True,0.07434667826229913,0.5628938861563084,True,A-C|B-A|C-B|D-C|E-D|F-E
cross,2X3,360,10,True,48,700,247,247,0,1.5739532775615226,13.508227293901626,24.84948306151249,12.963567950486368,3.6476043022320668,12.963541689701206,0.020024505371970314,8,1,0.039330413994970635,0.016931741308658984,0.09686659643049751,2.4628928758005015,True,True,5.461575137144001e-15,3.9968028886505635e-15,3.722145839155691e-15,True,0.2846353301552453,0.4475031594694418,True,A-D|B-E|C-B|D-A|D-C|E-F
base-trapezoid,central-parallelepiped,168,10,True,12,713,88,88,0,1.7994697357760967,14.148151338698014,25.858434904878404,12.849282891216832,5.97934076599304,12.849282891216832,0.04185946755659664,1,1,0.039292135273483096,0.02962855697963795,0.10118251081344298,2.575133932253551,True,True,9.101120538054984e-15,5.617333549722722e-15,7.160723346098895e-15,True,0.10193973891104174,0.4499078879065762,True,A-B|B-D|B-E|C-C|D-A|E-C
vertical-parallelepiped,arrow,360,10,True,48,1469,222,222,0,1.6107639233241073,13.786716548422275,23.96089861620351,13.572449706204909,1.7892724909801316,13.572449348712993,0.000772865267668621,1,1,0.03928526231198599,0.02683351845360212,0.09424892371179278,2.399091113693221,True,True,9.565974336450906e-15,9.565974336450906e-15,0.0,True,0.09724707432395896,0.42827695480702754,True,A-A|B-E|C-C|D-B|E-C|F-D
rhombus-ext,trapezoid-ext,34,10,True,6,91,21,21,0,9.164506209464035,14.681964408515546,22.584615255438184,14.680965582763303,0.8295357953947532,14.680965579123228,0.000560396739144764,1,1,0.03921642808510347,0.006800099882851231,0.09514699033079371,2.426202358978627,True,True,8.459761032879692e-15,5.363940028112711e-15,6.5418425621716e-15,True,0.1394761916589179,0.5104643952920104,True,A-B|A-D|B-A|C-A|D-C|D-D
two-triangles,triangle,90,10,True,8,315,62,62,0,1.542751781135768,14.051009224415578,23.73653010869822,13.958844094457296,1.2335327733543924,13.958843155341809,0.0007938925345758463,1,1,0.03914964634442195,0.009208801747351631,0.09489504525923922,2.4239055552224644,True,True,5.908222664730043e-15,4.351167857633658e-15,3.9968028886505635e-15,True,0.11424688218824429,0.49334734188897683,True,A-B|B-A|C-C|D-C|E-B|F-A
hexagon,hexagon,720,10,True,240,1449,354,354,0,1.5751177869035948,14.029431455922122,23.667085201721118,13.925940367037077,1.503907770291217,13.925921718103488,0.001499735518057932,1,1,0.038974586222847996,0.020111911951878867,0.0860242159912187,2.4123151674559073,True,True,1.8430371005693565e-14,1.656949748544597e-14,8.070336330495141e-15,True,0.07437438955533564,0.39527610412442066,True,A-B|B-E|C-A|D-C|E-F|F-D
3X2,base-trapezoid,360,10,True,48,1135,240,240,0,1.6236334913083494,14.751239174948614,22.0226705589537,14.658663030253214,1.6272053036730065,14.658607681631562,0.000981693118456306,6,1,0.038696854562122046,0.012092469602902082,0.09314835899180343,2.407129986295594,True,True,1.0582049805720276e-14,9.605116108627696e-15,4.440892098500626e-15,True,0.0608049270949491,0.48137602160743137,True,A-A|B-D|C-B|D-E|E-C|F-B
pyramid,rhombus-ext,180,10,True,16,593,108,108,0,1.7756397478501433,15.890727437455983,22.63690960397534,15.170874076047234,4.705058278396187,15.170615289486909,0.017793690216654667,1,1,0.03865874446572869,0.021202264914692823,0.09871664225290785,2.553539790730168,True,True,6.217248937900877e-15,2.6645352591003757e-15,5.617333549722722e-15,True,0.1749074653663909,0.3902008642505306,True,A-C|B-B|C-D|D-A|E-D|F-A
rectangle-opposite,trapezoid-ext,34,10,True,4,105,22,22,0,2.432781694534122,14.433859055092723,22.052115735975168,14.274583705343971,1.2429282002924713,14.274542190377435,0.0013109763582743739,1,1,0.03861520414617882,0.012979183019136462,0.09296238473931616,2.4074036845022166,True,True,1.3795386670353575e-14,1.7763568394002505e-15,1.3680542743754176e-14,True,0.05233636082856346,0.43963889103736126,True,A-A|A-D|B-B|C-C|D-A|D-D
rectangle-opposite,3X2,180,10,True,76,109,93,93,0,3.3298782536090106,13.788425566912178,23.102346754398337,13.587200822335436,1.9419382138687706,13.587200686174445,0.0017491145904653393,2,1,0.03857607630655951,0.0313230176877648,0.09248469302470484,2.397462414003434,True,True,5.010784718882614e-15,4.637756528637165e-15,1.897149936107019e-15,True,0.22887341196288286,0.3846245126357791,True,A-E|A-F|B-B|C-A|D-C|D-D
central-trapezoid,hexagon,360,10,True,24,1092,276,276,0,1.6119227944360615,13.87932775268682,23.790457567959187,13.817780379376437,1.4148489151706354,13.817780219779046,0.0007641900328838602,8,1,0.038309775949893404,0.009850304022820333,0.09324477607238484,2.433968191156813,True,True,1.0430641699692433e-14,8.887691134601285e-15,5.459600036934242e-15,True,0.2730165345325589,0.5113369478280886,True,A-C|B-B|C-D|D-A|D-E|E-F
2X3,cross,360,10,True,48,716,249,249,0,1.6579552875501165,14.48118569810212,22.749921884929208,14.33727378969039,1.588612022217243,14.337235418518357,0.0022742660964230055,3,1,0.03827135234752649,0.01939008306899984,0.09163628921758477,2.406803134643854,True,True,5.000405556215209e-14,3.125568667386328e-14,3.903187957565045e-14,True,0.2287991840112139,0.4804999201258812,True,A-E|B-B|C-D|D-A|E-D|F-C
rhombus-int,base-trapezoid,78,10,True,12,430,30,30,0,1.6425275215552395,14.786018730083462,21.866121453492067,14.608353450646856,1.9015184138020071,14.608340053645797,0.0015569056144357774,6,1,0.03814647586712752,0.013181901211461412,0.09216246874904138,2.416015284611436,True,True,6.738605631492653e-15,6.4047456679787536e-15,2.094764613337708e-15,True,0.05386257358076716,0.5202372758899162,True,A-D|B-A|B-B|C-B|C-C|D-E
pyramid,trapezoid-ext,180,10,True,13,501,125,125,0,1.9918608891963663,16.81557710285147,21.72852845841972,16.284824834085608,4.696821960815266,16.284794472563025,0.034307196507437965,1,1,0.03810961880639629,0.009997342804042285,0.09741026507968162,2.556054563928946,True,True,4.440892098500626e-15,3.972054645195637e-15,1.9860273225978185e-15,True,0.051872115015222965,0.4730200026041888,True,A-C|B-D|C-A|D-B|E-D|F-A
horizzontal-parallelepiped,cross,360,10,True,28,1166,249,249,0,1.8069027078471724,14.440655458811023,22.886530879071923,14.329135023138706,1.4620085611848435,14.329135023116933,0.00113588958698152,3,1,0.03789964220451142,0.016974636387263948,0.09102420105092815,2.4146561567569096,True,True,5.891509130072236e-15,4.351167857633658e-15,3.972054645195637e-15,True,0.12481706842300791,0.4375415187649024,True,A-C|B-B|C-D|D-E|E-D|F-A
pyramid,3X2,720,10,True,30,2027,560,560,0,1.6201507932103139,15.637117552060603,22.70329310877065,14.97307503705307,4.580457669657198,14.972878018575873,0.013746033677280778,1,1,0.03771615085003694,0.019218878268679858,0.09614705262891891,2.5492275977792347,True,True,1.8830639311952336e-14,9.74975584715494e-15,1.6110097386971715e-14,True,0.12196085419772039,0.3846245126357791,True,A-B|B-F|C-D|D-A|E-C|F-E
wave,two-triangles,360,10,True,32,1022,248,248,0,1.512179773434249,13.947387632419593,23.655507686423167,13.886701304578981,1.2555728491322558,13.886700717216668,0.000638877700243512,1,1,0.03770072970356697,0.006944020338528966,0.09176256501973215,2.433973181454104,True,True,9.101120538054984e-15,5.617333549722722e-15,7.160723346098895e-15,True,0.11596508756123969,0.443009111449057,True,A-B|B-A|C-D|C-E|D-C|E-F
parallelepiped-int,rhombus-int,34,10,True,10,150,14,14,0,9.162732986444945,13.815310412487934,22.708711853279382,13.707309175246557,1.6395658554116705,13.70730881542439,0.0012790589107574135,5,1,0.037547801100948235,0.009756326609448899,0.09055535324234731,2.411735190534511,True,True,0.8623590317605881,0.4030948270421445,0.7623500902281857,True,0.12280317420997572,0.45336865794965664,True,A-C|B-A|B-B|C-B|C-D|D-C
2X3,triangle,90,10,True,30,127,46,46,0,1.8153065548512648,14.08336896294203,23.28808623253407,14.01737812243422,1.3766979603994614,14.017377167061156,0.002132106941820311,2,1,0.03746919168702295,0.014504530092268805,0.09059724841819065,2.417913073090606,True,True,1.1151249399115959e-14,1.0863320971430272e-14,2.5176617391872307e-15,True,0.16731656776943923,0.44570029637104946,True,A-B|B-A|C-C|D-C|E-B|F-A
2X3,base-trapezoid,360,10,True,100,585,210,210,0,2.139085952317397,14.866473400344418,21.301787612770706,14.77035398030004,1.9884398692332992,14.770350833627099,0.0012904793823498295,3,1,0.03743007477332438,0.03478689949698721,0.08989828102058887,2.4017660014042366,True,True,0.22006093979696165,0.15318321542401114,0.15799278381205573,True,0.12989927051782268,0.3589096678908749,True,A-B|B-C|C-D|D-A|E-E|F-B
hexagon,vertical-parallelepiped,720,10,True,124,1874,455,455,0,1.5894118546339182,13.788349898955207,23.803041103596183,13.60535024369739,1.781187190532315,13.605349203468677,0.001090671951635258,6,1,0.03713569771827047,0.025769398541583402,0.08979942770797963,2.418143005935742,True,True,7.431033801933e-15,5.329070518200751e-15,5.17892563931115e-15,True,0.12763700493321609,0.5143179217989187,True,A-F|B-B|C-C|D-A|E-D|F-E
rhombus-ext,hexagon,180,10,True,40,551,101,101,0,1.7205335527655963,13.986613106002725,23.80495647812041,13.802926843037682,1.554239085729854,13.802925345233716,0.0007235244927112916,8,1,0.03700658781555462,0.014361697778348505,0.0895005262183628,2.4185025289130797,True,True,5.246336113348182e-15,3.2458896716879293e-15,4.12167961557554e-15,True,0.07116829190167072,0.39527610412442066,True,A-B|A-C|B-E|C-F|D-A|D-D
pyramid,central-parallelepiped,360,10,True,10,1316,266,266,0,1.5502559643047333,15.514372853454416,22.381561589129614,14.277098401441137,4.703147230365588,14.27706420089207,0.006133928363716734,2,1,0.036987353345944336,0.020407639082117894,0.09422649306487181,2.548198856080509,True,True,9.739636741317752e-15,7.119291619286993e-15,6.646518689688359e-15,True,0.09046142671918218,0.4633533918727237,True,A-C|B-B|C-C|D-D|E-E|F-A
wave,central-parallelepiped,168,10,True,52,560,92,92,0,1.6029030407820966,13.844818330273576,23.169332852410246,13.766969373487488,1.3911067521997458,13.766969056033027,0.0008730457423293814,2,1,0.036971198541292556,0.012324056292108533,0.08928391001148497,2.4149584956453376,True,True,3.7899892954304625e-15,2.766661520853722e-15,2.5902901166674095e-15,True,0.08806730563699748,0.4387982942468777,True,A-C|B-B|C-A|C-D|D-C|E-E
pyramid,rhombus-int,180,10,True,12,718,113,113,0,1.672386069459156,15.659484210080558,22.146368103055778,15.096705415883896,4.566057156567117,15.096525154843377,0.020800091767632978,2,1,0.036943660323615915,0.018529571852437834,0.08849923583276786,2.549565368669105,True,True,9.057678187205881e-15,7.53644380168212e-15,5.0242958677880805e-15,True,0.05862674768561603,0.45336865794965664,True,A-C|B-D|C-A|D-B|E-C|F-B
pentagon,central-parallelepiped,168,10,True,0,733,117,117,0,1.8790823589431338,13.665613255079071,24.032414731408323,13.46989433388141,2.2870219259904845,13.469880678501035,0.002167791228215421,5,1,0.03693348213817843,0.021845948765670455,0.08775469734425675,2.390607674354623,True,True,1.6207735234714224e-14,7.53644380168212e-15,1.434896150467636e-14,True,0.1224749903261446,0.3181085628759252,True,A-C|B-A|C-D|D-B|E-C|E-E
wave,vertical-parallelepiped,360,10,True,36,1137,250,250,0,1.5601778623530884,13.81551555569,23.570747533166927,13.726839855417062,1.431091962238375,13.726839849302767,0.0006886298662749368,1,1,0.03685666610654334,0.012111868431296264,0.0889375906296629,2.4130666179237896,True,True,1.1949218545369531e-14,5.4025784115714076e-15,1.0658141036401503e-14,True,0.17653810056285266,0.3676539667191418,True,A-D|B-E|C-A|C-B|D-C|E-F
wave,2X3,360,10,True,88,424,236,236,0,1.5300460700493108,13.935950503783893,23.341642886730142,13.80033299304793,1.7354938759747296,13.800330620174735,0.0010979942232562934,2,1,0.03682916024975449,0.013382587164333559,0.0892248424746843,2.4226683929150705,True,True,1.1957467920563633e-14,7.95651227888113e-15,8.926082647349967e-15,True,0.13685189737801678,0.3676539667191418,True,A-E|B-B|C-A|C-C|D-D|E-F
3X2,hexagon,720,10,True,96,2117,466,466,0,1.565773625548039,13.997628694562097,23.937304753260246,13.900825323808213,1.5582886385639838,13.90079907280396,0.0010531249712872892,10,1,0.03681693736178063,0.010857307012334644,0.0888873034650222,2.414304660693896,True,True,0.0861470947837061,0.011978417897528099,0.08531025403985748,True,0.06214605894894897,0.4375415187649024,True,A-B|B-D|C-A|D-E|E-C|F-F
arrow,cross,168,10,True,12,1006,118,118,0,1.6574818241846523,14.29870219170771,22.790371666781752,14.196239304290536,1.4021789896345378,14.196239267204213,0.0008360644563314423,2,1,0.036706115663548686,0.010691757895750113,0.08858623051570783,2.4133915810568625,True,True,1.9800602765947377e-14,8.140289677804162e-15,1.8049918389186082e-14,True,0.12219312174772204,0.49463167676755143,True,A-D|B-B|C-A|C-D|D-E|E-C
rectangle-opposite,rectangle-opposite,34,10,True,18,38,12,12,0,2.9335347475920392,13.955774268932183,22.011232219008658,13.633580703241577,3.3384311668723567,13.633580199285655,0.0016879603032844415,2,1,0.03641175546248653,0.05147136009388496,0.08724392479643613,2.413274981024447,True,True,6.778727589240029e-15,4.782987168225453e-15,4.803559250984066e-15,True,0.5202002136937297,0.4182034220705242,True,A-A|A-D|B-B|C-A|D-C|D-D
parallelepiped-ext,vertical-parallelepiped,180,10,True,24,662,114,114,0,1.6473726931661554,13.696412922005546,23.700013321728555,13.516939291135863,1.9413685057887682,13.516933599238572,0.0012043155576737519,7,1,0.03637229880069243,0.014808525178466444,0.08802622159427581,2.4945622855559346,True,True,4.352584022962493e-15,1.7763568394002505e-15,3.973605926116015e-15,True,0.11619547162809919,0.47950130047782674,True,A-C|A-E|B-A|C-B|D-D|D-F
cross,pentagon,168,10,True,1,708,124,124,0,1.597914813517013,13.550187633861539,24.604279267352883,12.96624114576532,3.551194871379114,12.965803760602162,0.004116965887408952,2,1,0.03626038703338812,0.012360094107010527,0.08837685133633581,2.4372837293479384,True,True,4.8460313009596005e-15,2.8441001681421826e-15,3.923660740106592e-15,True,0.05025397784024472,0.3886290146990729,True,A-E|B-A|C-C|D-B|D-E|E-D
wave,hexagon,360,10,True,56,569,244,244,0,1.7729817392572933,14.164615314508072,23.922541266155395,14.099973251324464,1.2738903327708577,14.099973183066876,0.0011899386743454698,3,1,0.036204489349854915,0.006927778477068452,0.08787436439725137,2.4271676241058073,True,True,1.1982181969500553e-14,9.930136612989092e-15,6.705600017716362e-15,True,0.16413246125687145,0.4447467282831025,True,A-B|B-F|C-C|C-E|D-D|E-A
pentagon,arrow,168,10,True,0,618,135,135,0,1.6706717645666729,13.764391101338447,23.94776743632647,13.505504677645934,2.198023269092166,13.50544458152463,0.0019159509911013117,4,1,0.03592511172049422,0.016475261264393696,0.08714205549564144,2.4256585803720534,True,True,8.391552999452448e-15,7.32410687763558e-15,4.095805194048e-15,True,0.16084059521287286,0.45440212774062544,True,A-A|B-E|C-B|D-C|E-C|E-D
wave,rectangle-same,78,10,True,6,241,57,57,0,1.5822001263865901,14.867673210616372,21.47767726715339,14.800879241867838,1.71117443970784,14.800879116416738,0.0010370054747301793,2,1,0.035837590692995906,0.012996191994461788,0.08633901960058321,2.4091747779645605,True,True,2.808666774861361e-15,1.9860273225978185e-15,1.9860273225978185e-15,True,0.37369665313503314,0.42664682117134556,True,A-B|B-C|C-A|C-C|D-A|E-D
two-triangles,rhombus-int,180,10,True,24,808,100,100,0,1.6630473113731796,13.888715209784062,23.682728888133568,13.793224484454722,1.5449597193894906,13.7932053928281,0.0009905998886843292,13,1,0.03580461757605614,0.014327311524245077,0.0861440239547336,2.4059473270939575,True,True,1.301662518856176e-14,9.431669683322945e-15,8.970849362473281e-15,True,0.05975177804465073,0.45336865794965664,True,A-C|B-A|C-B|D-D|E-B|F-C
parallelepiped-ext,base-trapezoid,78,10,True,0,212,56,56,0,2.448107569434673,14.903677347645843,21.009852656217117,14.648927649552544,1.8196767700648313,14.648923683971855,0.0016894543283410002,4,1,0.03574879288721764,0.01453609277710475,0.08930874730452923,2.498231131503814,True,True,5.828406534472336e-15,1.7763568394002505e-15,5.551115123125783e-15,True,0.311866869201943,0.503420624847555,True,A-A|A-D|B-C|C-B|D-B|D-E
vertical-parallelepiped,cross,360,10,True,20,1079,250,250,0,1.7092879931758522,14.513948632219224,22.73165559434407,14.426786658816885,1.4427420546193976,14.426724292935829,0.0014063321781545568,4,1,0.035658482722278555,0.0151552685404582,0.08579110907762663,2.413131595737654,True,True,1.013652469562605e-14,3.352800008858181e-15,9.565974336450906e-15,True,0.08346514201724944,0.47930655890500934,True,A-D|B-B|C-C|D-D|E-E|F-A
rectangle-same,3X2,180,10,True,66,224,92,92,0,2.1156674695696047,14.329783958698188,25.29094533334415,12.747978503913114,5.126103759929995,12.747952354623017,0.03361076369518834,1,1,0.03564312361494548,0.0261486168514543,0.09239166138987139,2.596019869744564,True,True,1.3025144852518679e-14,6.646518689688359e-15,1.1201704679945691e-14,True,0.2965197909335261,0.42827695480702754,True,A-A|A-C|B-F|C-D|C-E|D-B
3X2,rhombus-ext,180,10,True,72,337,73,73,0,1.570707609382211,14.130469331615872,23.58460320989803,13.988295639004543,1.7896678657699672,13.988272988916906,0.0013840219246521457,5,1,0.03555831322341811,0.011896861165289247,0.08636193933098647,2.4287411719549716,True,True,9.230220894641107e-15,9.057678187205881e-15,1.7763568394002505e-15,True,0.2973881263278062,0.48908350771829484,True,A-D|B-A|C-A|D-B|E-C|F-D
pentagon,hexagon,360,10,True,0,1604,253,253,0,1.5949548964875497,13.639206914509897,24.59213819734318,13.457032184465884,2.1560772631434935,13.457027968844212,0.0017598882892730927,1,1,0.035410703590551366,0.024371443859989694,0.08577243854361118,2.4222178563686554,True,True,1.1030947132061738e-14,4.070144838902081e-15,1.025259555530695e-14,True,0.05900184959501072,0.49436772221938136,True,A-D|B-B|C-E|D-A|E-C|E-F
central-trapezoid,rhombus-ext,78,10,True,6,257,52,52,0,1.8809199580442426,14.020006859685326,23.713052717830028,13.921824415358133,1.6697147970397963,13.921794503834654,0.0012730740413449126,4,1,0.03498380698519719,0.009014797724922854,0.08516653340948678,2.4344558454008043,True,True,1.3530152764024915e-14,1.0807438076588089e-14,8.140289677804162e-15,True,0.5216818966423149,0.4944694914980932,True,A-A|B-D|C-C|D-A|D-B|E-D
central-parallelepiped,cross,168,10,True,30,330,102,102,0,1.6765960556788435,14.641690984495018,22.797065985742307,14.568533139955314,1.2603143699561614,14.568532937648556,0.0021404800716702255,1,1,0.034971360879700895,0.013392668478497217,0.08417569756078262,2.4194583343011073,True,True,2.1479946541578038e-14,1.8058196426654762e-14,1.1631407706954628e-14,True,0.2006784227131822,0.45336865794965664,True,A-C|B-B|C-A|C-D|D-D|E-E
cross,base-trapezoid,168,10,True,30,537,98,98,0,1.589506520840122,14.699660106219532,23.313245901892756,14.167208277641231,3.454053808354101,14.167208277403034,0.01345464217501835,6,1,0.03496770106681581,0.010488067874810887,0.08481457082189914,2.4414256069267983,True,True,5.299516337745065e-15,4.426318191370443e-15,2.914203267236168e-15,True,0.09108369477312533,0.44904494826803076,True,A-B|B-E|C-C|D-A|D-D|E-B
arrow,3X2,360,10,True,44,1600,253,253,0,1.5284454362343882,13.871588246681927,23.799074151727908,13.76459516430744,1.4945121847026779,13.764570101808998,0.0008898409064590496,5,1,0.03493606978875606,0.008208288268834336,0.08438831711138099,2.4155068850515296,True,True,2.553030205341999e-14,2.1972320632906738e-14,1.3000517256771047e-14,True,0.0883251020622452,0.42827695480702754,True,A-F|B-E|C-A|C-C|D-D|E-B
2X3,rhombus-ext,180,10,True,52,308,97,97,0,1.7137499986357918,13.97406423802619,23.071040702131217,13.801262715944318,1.6682826001452442,13.801262098602503,0.0022160419564301037,3,1,0.034929488316275306,0.02259880714561216,0.08391152778213881,2.4085397686519285,True,True,9.209752905485264e-15,7.281145412380096e-15,5.6395452000910984e-15,True,0.22672489861048498,0.4804999201258812,True,A-C|B-A|C-D|D-A|E-B|F-D
parallelepiped-int,arrow,78,10,True,8,258,59,59,0,2.0234149684388134,13.947441731240223,23.7007176481908,13.723723000756014,1.8518386170501508,13.723722364558109,0.0009374695735946403,1,1,0.03489693654030966,0.007566657606247427,0.08461211470851922,2.4246287238074107,True,True,7.793734002518813e-15,6.646518689688359e-15,4.070144838902081e-15,True,0.21977708980012506,0.41302574003819187,True,A-C|B-A|B-C|C-B|C-D|D-E
rhombus-ext,pyramid,180,10,True,16,465,123,123,0,1.9182146487856795,12.992382801143634,25.682402067982967,12.801678501976053,1.6895567620562928,12.801678501976053,0.001126630081005331,3,1,0.03489382174563271,0.01592027229131279,0.08428290831148197,2.4154106399087905,True,True,6.526751786450488e-15,4.070144838902081e-15,5.102196573270515e-15,True,0.0516619079444403,0.45323801017551585,True,A-A|A-C|B-F|C-D|D-B|D-E
central-trapezoid,horizzontal-parallelepiped,360,10,True,16,1195,255,255,0,1.507352448242226,13.749658141446432,23.563266101859035,13.579388021256026,2.011197751147675,13.57938104946181,0.0011154991722595042,10,1,0.03486093051631622,0.013048803280989143,0.08436872456058472,2.420151249866868,True,True,8.553487152497937e-15,7.78076911265275e-15,3.552713678800501e-15,True,0.13834593641938572,0.4766607863708305,True,A-C|B-F|C-B|D-A|D-D|E-E
arrow,base-trapezoid,168,10,True,14,663,97,97,0,1.7908311229337674,14.739298393562171,21.918701811758876,14.632888702700345,1.7860152432108944,14.632887572771944,0.001107338829141824,5,1,0.03483499273707346,0.018422869338395605,0.08444974816511368,2.4242791954205654,True,True,9.607118501968132e-15,8.188600426433445e-15,5.0242958677880805e-15,True,0.13150671008127005,0.3846245126357791,True,A-A|B-E|C-B|C-C|D-B|E-D
rhombus-int,two-triangles,180,10,True,24,856,102,102,0,1.5557915506608082,13.86660124096571,23.757955767264228,13.724278274547832,1.5928111595314727,13.724277150500832,0.0008401511585489629,10,1,0.034829051528087206,0.010012276627079998,0.08415912386453268,2.423720493977058,True,True,1.4357101368771723e-14,1.2848435270077331e-14,6.406564666326229e-15,True,0.069907136225761,0.48728827906722066,True,A-A|B-B|B-E|C-C|C-D|D-F
trapezoid-ext,arrow,78,10,True,8,208,49,49,0,1.8793840903650307,13.642883817672768,24.883032849508865,13.115396611589741,3.7830682777859725,13.115155872273494,0.02169713139875995,2,1,0.03456848348385771,0.005759095033314304,0.08500797494870857,2.459117854805646,True,True,7.588599744428075e-15,5.329070518200751e-15,5.4025784115714076e-15,True,0.07642790959494636,0.46513388365735514,True,A-A|A-C|B-E|C-B|D-C|D-D
cross,wave,168,10,True,28,595,106,106,0,1.5023431499458866,13.597765128946289,25.114487701565878,13.046524858105213,3.58277001787691,13.046491939725744,0.00440622467432128,1,1,0.03434539021613258,0.007156779372557166,0.08439470961772931,2.457235427713608,True,True,1.3551999095955062e-14,1.3000517256771047e-14,3.8266474299528865e-15,True,0.09428800856835484,0.4944694914980932,True,A-D|B-C|C-A|D-B|D-E|E-C
pyramid,horizzontal-parallelepiped,720,10,True,20,1980,572,572,0,1.7178149217858272,15.516098711565148,22.66123721119553,14.378680165592417,4.669237155258637,14.378615689837238,0.007884558267214459,8,1,0.034170491863846755,0.023750813748467624,0.08631791200427535,2.536173709174212,True,True,7.993605777301127e-15,6.646518689688359e-15,4.440892098500626e-15,True,0.2022870781677673,0.32747907437451723,True,A-A|B-C|C-E|D-B|E-F|F-D
base-trapezoid,3X2,360,10,True,48,995,242,242,0,1.6399175253445777,14.302147924655301,25.988807901962165,13.209310235931843,5.418719844269045,13.209310235931843,0.030086214309491766,1,1,0.0340338754923861,0.01741258076439077,0.08846608609487373,2.5993538736035204,True,True,1.1682163181672949e-14,1.0950198975068616e-14,4.070144838902081e-15,True,0.06749060962799709,0.44904494826803076,True,A-A|B-C|B-E|C-D|D-F|E-B
central-trapezoid,2X3,360,10,True,44,1182,227,227,0,1.5288750746098945,13.626880440953286,23.5307959551839,13.426489487684405,2.090572023645401,13.426480404589116,0.0012152209086861987,9,1,0.034032313462731896,0.020966653834087974,0.08077327695571271,2.391164651222387,True,True,8.188600426433445e-15,7.32410687763558e-15,3.66205343881779e-15,True,0.08940143105754272,0.3676539667191418,True,A-E|B-A|C-C|D-B|D-F|E-D
rectangle-same,central-parallelepiped,78,10,True,26,165,35,35,0,1.8970901333312227,14.057309573389526,24.801043456698398,12.528041668428614,5.178244067410898,12.526980454611518,0.020255028513529894,2,1,0.03387737349589578,0.03726446554928634,0.0865543524269809,2.556026693653834,True,True,1.3670177499793894e-14,9.079425345009216e-15,1.0219480822442768e-14,True,0.1808648404091292,0.32651322683833955,True,A-C|A-E|B-C|C-A|C-D|D-B
arrow,vertical-parallelepiped,360,10,True,48,1277,249,249,0,1.5996725136018997,13.60789843107222,23.917269498972992,13.393013640619914,1.8428477875055869,13.3930136402571,0.0006324165715465568,2,1,0.033787277447322246,0.02450740206202329,0.08149601290012534,2.412032547670815,True,True,1.6140672660990282e-14,1.2878587085651816e-14,9.729507111180988e-15,True,0.05964205579867091,0.32651322683833955,True,A-F|B-E|C-A|C-D|D-B|E-C
cross,rectangle-opposite,78,10,True,14,129,50,50,0,1.5185826925800336,13.44896383927832,23.991456521763208,12.87308941984458,3.6827861680802645,12.873076108001552,0.021477641985660156,5,1,0.03340301133867783,0.013545393046927227,0.0822810890029572,2.4675408641754073,True,True,1.30836851243432e-14,5.4025784115714076e-15,1.1916163935586911e-14,True,0.35955495693240963,0.41981971932396717,True,A-A|B-D|C-B|D-A|D-C|E-D
central-trapezoid,central-trapezoid,168,10,True,32,385,105,105,0,1.9027506603224837,13.969133872852115,23.741049021397913,13.789054673981889,2.0028622114785026,13.78905376210922,0.001124507441561562,3,1,0.03339578443424754,0.014267884212954322,0.08068947250097201,2.416157424295282,True,True,5.0242958677880805e-15,2.5121479338940403e-15,4.351167857633658e-15,True,0.16766592184114334,0.4964675099329778,True,A-B|B-D|C-E|D-A|D-C|E-D
central-parallelepiped,wave,168,10,True,52,505,68,68,0,1.6081109719574975,13.978333286292122,23.354972024005615,13.918548534749558,1.3274314050490654,13.918519943394175,0.0007625775579267469,2,1,0.03338997672875119,0.01233852974457415,0.08065481350330601,2.4155396740320687,True,True,3.0383621810687567e-14,2.720567485514032e-14,1.3528330643921842e-14,True,0.10134366008909021,0.4668891668184871,True,A-C|B-C|C-A|C-B|D-D|E-E
parallelepiped-ext,hexagon,180,10,True,24,482,116,116,0,1.6355951749441262,13.851121846503709,23.501656061662146,13.687957661490266,1.8946565285318253,13.687950707513647,0.0010075375304481327,8,1,0.03325452144196771,0.010306521594200249,0.08123201771390139,2.494835423276602,True,True,1.7696829641852286e-14,1.6968624882578708e-14,5.0242958677880805e-15,True,0.06361495963082832,0.461113190514354,True,A-C|A-F|B-B|C-D|D-A|D-E
two-triangles,two-triangles,720,10,True,168,1519,456,456,0,1.5650923053470767,13.887224458362027,23.31349288870607,13.721996341050945,1.8532865384625499,13.721994526729764,0.0011021907373045536,8,1,0.0332466492282951,0.016184978431484687,0.074352072423191,2.412694317030875,True,True,8.188600426433445e-15,7.32410687763558e-15,3.66205343881779e-15,True,0.05724179085290879,0.3943564628531809,True,A-F|B-A|C-B|D-D|E-E|F-C
parallelepiped-int,2X3,180,10,True,52,342,102,102,0,2.3197451035826986,13.72128610411212,22.414474263435476,13.592970242780751,1.8943529050000425,13.592954260987995,0.0013443907644195008,10,1,0.03318530155340152,0.016701742041068064,0.0797129573402731,2.402056139583353,True,True,1.566673785727365e-14,1.3237751112778232e-14,8.379058453350832e-15,True,0.21977708980012506,0.3926817942954417,True,A-B|B-C|B-D|C-E|C-F|D-A
trapezoid-int,two-triangles,180,10,True,4,651,123,123,0,1.807415046007561,15.566739040280478,22.26961350720875,14.790996330390298,5.587974961905717,14.790995063068062,0.005972032829268059,1,1,0.03317048163517781,0.015174856259338591,0.0860132045685671,2.5930646866866343,True,True,1.1701767220306847e-14,9.45528881307609e-15,6.89411847443645e-15,True,0.09709082326310556,0.4531133653291396,True,A-D|B-B|B-E|C-C|C-F|D-A
trapezoid-ext,vertical-parallelepiped,180,10,True,24,684,109,109,0,1.554644931222881,13.42042372848533,24.751654508782227,12.898426244385142,3.6143577999639387,12.89819650217868,0.02046144848986131,15,1,0.032906150440419446,0.004013131900798448,0.08000510641069705,2.4338961496152063,True,True,6.169484474161015e-15,3.972054645195637e-15,4.7207330545682824e-15,True,0.05606938793357129,0.46513388365735514,True,A-C|A-D|B-A|C-B|D-E|D-F
rectangle-opposite,central-trapezoid,78,10,True,12,326,38,38,0,1.6047993058932628,13.76013961394542,23.342660505505034,13.467835477499762,2.3272905646096387,13.467818246466704,0.002585147490639983,1,1,0.03282745752477389,0.04116766882607787,0.07878773511518385,2.4000559609505285,True,True,1.6781637082355858e-14,1.5713480306226774e-14,5.891509130072236e-15,True,0.07556782805543794,0.507168727450094,True,A-C|A-D|B-A|C-D|D-B|D-E
central-parallelepiped,pentagon,168,10,True,0,603,130,130,0,1.7068541653058098,13.880016829037354,23.428961477009718,13.6722287117965,1.9045349075557063,13.6722287107519,0.0005908090068853511,10,1,0.03277986357324342,0.018149207216090524,0.0718345037405972,2.4090742155711165,True,True,6.705600017716362e-15,5.329070518200751e-15,4.070144838902081e-15,True,0.06396054429985806,0.3581303928054846,True,A-A|B-E|C-D|C-E|D-C|E-B
wave,rhombus-ext,78,10,True,14,257,51,51,0,1.6470267679954609,14.009722640978262,23.704005850605373,13.962356489628732,1.2817831440312373,13.96235648247985,0.0008276834889482387,4,1,0.03274898918117902,0.005116302664328187,0.07969762112685182,2.4335902609371027,True,True,6.936895214610187e-15,6.705600017716362e-15,1.7763568394002505e-15,True,0.28892212165018033,0.5628364121882136,True,A-A|B-A|C-C|C-D|D-D|E-B
cross,vertical-parallelepiped,360,10,True,20,1124,234,234,0,1.5857225755325588,13.543681380899427,24.70742028177453,12.995481713797478,3.6958472716177058,12.995461760962637,0.02024915406569594,9,1,0.03266360916245199,0.011556225851893302,0.08015654768304468,2.4540015551982406,True,True,1.0950198975068616e-14,7.32410687763558e-15,8.140289677804162e-15,True,0.05584051297036964,0.32747907437451723,True,A-F|B-C|C-A|D-B|D-E|E-D
hexagon,rectangle-same,180,10,True,20,617,112,112,0,1.9307239287302476,14.619558556018799,22.039634076868772,14.109626850064487,2.2244903819042183,14.109605578961958,0.0015577687089081138,5,1,0.03253397661309812,0.022456494577372338,0.07243193428069868,2.412143362416045,True,True,2.2350960326810335e-14,2.051630870048582e-14,8.868286465660625e-15,True,0.16860604643659519,0.32747907437451723,True,A-C|B-A|C-C|D-A|E-D|F-B
rhombus-ext,parallelepiped-int,34,10,True,10,90,14,14,0,9.119422778051863,13.998159368381629,22.60420308490843,13.819427230653469,1.5244157636277182,13.819391177501199,0.0034479786164869353,2,1,0.03251894001303746,0.017206519733953873,0.07802106387350474,2.3992499091982893,True,True,5.265372421343351e-15,3.093221615680937e-15,4.261000677273749e-15,True,0.07361627029667886,0.4633533918727237,True,A-B|A-C|B-C|C-A|D-B|D-D
parallelepiped-int,rhombus-ext,34,10,True,10,86,18,18,0,9.155050869555188,13.902180492556163,22.676707704907965,13.84044839415621,1.4413481506432597,13.840447645027188,0.00133648239312123,6,1,0.032480671557941744,0.009949734157047203,0.07861682165426291,2.4204186023069023,True,True,5.775294377681185e-15,5.758195022971231e-15,4.440892098500626e-16,True,0.10535472118021304,0.432603075572651,True,A-A|B-B|B-C|C-A|C-D|D-D
pentagon,base-trapezoid,168,10,True,0,657,113,113,0,1.6138670267004678,14.661109870465442,22.429361709180696,14.388124857400355,2.2791687807806884,14.388120365418914,0.002020622168211972,8,1,0.03223162091879235,0.02128453100613078,0.07783720212480227,2.4149329107869972,True,True,9.057678187205881e-15,7.32410687763558e-15,5.329070518200751e-15,True,0.05256945195164426,0.44828351572191477,True,A-B|B-A|C-E|D-B|E-C|E-D
rectangle-same,central-trapezoid,78,10,True,4,325,47,47,0,1.9811042777418437,14.107240483566017,25.77773735544698,12.700319883266523,5.230571326771455,12.700264315255573,0.026000960290229358,2,1,0.032133311252832704,0.03170883340579633,0.08231656732934588,2.5676317663861763,True,True,1.3790869650503091e-14,7.520800751496764e-15,1.1559655780924143e-14,True,0.11135698840353857,0.3846245126357791,True,A-D|A-E|B-D|C-A|C-B|D-C
vertical-parallelepiped,trapezoid-ext,180,10,True,24,621,114,114,0,1.689307922380146,14.518430072963927,22.607590149407702,14.437513950489391,1.2538481438200746,14.43751381602376,0.0007234097109343196,3,1,0.03212612135581999,0.008275758069616569,0.0776075095311328,2.4157136391154594,True,True,6.217248937900877e-15,4.351167857633658e-15,4.440892098500626e-15,True,0.07778597195691996,0.4505064537163253,True,A-D|B-B|C-C|D-D|E-A|F-A
central-trapezoid,arrow,168,10,True,9,465,113,113,0,1.5785684780186018,14.091998450545276,23.64452707299721,13.902727420869349,1.6464515847305665,13.902727420868915,0.0012782704551757007,4,1,0.03212544193990882,0.010368308208692953,0.07786843970131509,2.4238869568539885,True,True,8.331852114593072e-15,3.972054645195637e-15,7.32410687763558e-15,True,0.08096940055903461,0.3676539667191418,True,A-C|B-E|C-D|D-B|D-C|E-A
pentagon,central-trapezoid,168,10,True,0,659,125,125,0,1.6150901188748616,13.633141546254054,24.070808770758457,13.427795609200235,2.1419636777792337,13.427701557353094,0.001823990713910817,4,1,0.0320613457725857,0.013162975377447496,0.0775544286841158,2.418938656980185,True,True,8.537264949349443e-15,6.230183953879721e-15,5.836925621952896e-15,True,0.05606997359776881,0.4144789216915609,True,A-E|B-A|C-C|D-D|E-B|E-D
wave,pyramid,360,10,True,24,723,273,273,0,1.7460447768153653,13.02868465728968,25.653979566458542,12.883760036241476,1.6453679992198265,12.883760036241476,0.0013528880462043702,1,1,0.0320140066202849,0.008680374394739199,0.0771835455106947,2.410930516325602,True,True,1.1648350771590544e-14,8.881784197001252e-15,7.53644380168212e-15,True,0.0710698709444958,0.41981971932396717,True,A-C|B-F|C-A|C-E|D-D|E-B
hexagon,3X2,720,10,True,96,2231,492,492,0,1.5637399407486372,13.95632087408233,24.00137009466811,13.864074997510397,1.4556925302994292,13.864074948856818,0.0009405692934105758,20,1,0.03201108597418278,0.007787239237738557,0.07738107041798098,2.4173210018675872,True,True,4.782987168225453e-15,4.351167857633658e-15,1.9860273225978185e-15,True,0.056836544690356726,0.45323801017551585,True,A-A|B-E|C-F|D-C|E-D|F-B
base-trapezoid,rectangle-opposite,78,10,True,0,238,56,56,0,2.2325582194037112,14.162128944232375,25.82041828150657,12.649097357518794,6.106750206273757,12.647203529962972,0.027419278865031593,5,1,0.03197815417510164,0.03604389056919644,0.08231510392015676,2.5741042922436006,True,True,1.5530825725729087e-14,1.0107908447238979e-14,1.1791383911365253e-14,True,0.06417136132970501,0.4499078879065762,True,A-B|B-A|B-D|C-D|D-A|E-C
2X3,parallelepiped-int,180,10,True,52,318,100,100,0,1.9472717644828101,13.723919320951573,22.227441968265214,13.580180787304588,1.8946328871658018,13.580180756114448,0.0012620579959019551,2,1,0.031761507761297186,0.03423846488837453,0.07658436299658572,2.411231972113968,True,True,8.069775499762752e-15,3.986018597825577e-15,7.016618299035496e-15,True,0.12424928129590786,0.4633533918727237,True,A-B|B-C|C-B|D-C|E-A|F-D
wave,base-trapezoid,168,10,True,26,361,112,112,0,1.7468929456659168,15.073911491544337,21.481340889085363,14.986646773800603,1.5970308251920582,14.98664569684445,0.0011746756426216365,2,1,0.03165944088207873,0.009986029434948182,0.07658885168229052,2.4191473237812207,True,True,5.221590278516806e-15,1.7763568394002505e-15,4.910148818092704e-15,True,0.09086635385444874,0.4964675099329778,True,A-B|B-A|C-C|C-D|D-B|E-E
trapezoid-int,rectangle-same,34,10,True,10,82,20,20,0,2.380661511152773,14.17592371091454,21.33757859996711,13.306681223686624,5.1177524928859075,13.306680644535893,0.006230484213403109,1,1,0.03157910530262464,0.017237945189393113,0.08103862302735777,2.5838246770798476,True,True,1.0245379651382904e-14,7.32410687763558e-15,7.16416517438997e-15,True,0.189187017579052,0.4446994208396341,True,A-B|B-A|B-D|C-A|C-C|D-C
hexagon,cross,360,10,True,8,1385,262,262,0,1.6893510206615754,14.553852345667275,23.307936244446918,14.455816465332683,1.2773591526785972,14.455784614273268,0.0009464475928471217,7,1,0.03156286597881803,0.009927210853646591,0.07584181629184264,2.4123344276301477,True,True,1.032451452563107e-14,9.320626457456691e-15,4.440892098500626e-15,True,0.0820290969363935,0.41558740005427486,True,A-D|B-B|C-E|D-D|E-A|F-C
parallelepiped-ext,two-triangles,180,10,True,28,602,114,114,0,1.7898085007085518,13.819610857659253,24.037303675983665,13.646603568649802,1.5791076407627587,13.64660340852728,0.0008510087246502707,2,1,0.031547633577024364,0.012579022641336892,0.07775982767702011,2.4975261706018936,True,True,8.331852114593072e-15,7.53644380168212e-15,3.552713678800501e-15,True,0.056637380556832796,0.3943564628531809,True,A-A|A-B|B-E|C-F|D-C|D-D
triangle,vertical-parallelepiped,90,10,True,18,289,46,46,0,1.5709750843438774,13.990299572019875,23.65127397022946,13.884985710220414,1.3819446919891971,13.884966369950922,0.0011159146171966228,4,1,0.03125830620126758,0.009741130249010393,0.07555490644246286,2.417114540883184,True,True,6.270748715547252e-15,3.37595551391015e-15,5.284431267566753e-15,True,0.09271964487101808,0.4789466625014645,True,A-A|A-D|B-C|B-E|C-B|C-F
cross,cross,168,10,True,60,245,82,82,0,1.5533841260482701,14.442440909186551,23.906614834402344,13.929498600253636,3.633179548916983,13.929043596739922,0.020926246661426617,4,1,0.03125636063901002,0.008306191354886385,0.07678711948900607,2.456687788314377,True,True,1.4609455111976626e-14,1.2434497875801753e-14,7.66938336801217e-15,True,0.11002267832771204,0.4475031594694418,True,A-C|B-E|C-B|D-A|D-D|E-D
wave,arrow,168,10,True,60,212,85,85,0,1.5732514623759148,14.096821057070846,23.836463491049397,13.956626275486148,1.573880595810832,13.956609182941136,0.0013650542065111182,5,1,0.031220808565867068,0.005117110552694463,0.0759369384934998,2.4322540632890517,True,True,9.272854936269104e-15,6.466036496704424e-15,6.646518689688359e-15,True,0.23507082597511275,0.3676539667191418,True,A-C|B-C|C-B|C-E|D-A|E-D
arrow,central-parallelepiped,168,10,True,24,927,112,112,0,1.5463194773967515,13.686801165921453,23.32402323532925,13.49807997306342,1.775934752444117,13.49807863700252,0.000893713681941577,2,1,0.031182003431637736,0.01604847134920562,0.07500637871941368,2.4054380881541135,True,True,7.742959950613002e-15,6.646518689688359e-15,3.972054645195637e-15,True,0.08999887774920029,0.3892155522973273,True,A-E|B-C|C-B|C-D|D-A|E-C
2X3,central-trapezoid,360,10,True,44,1185,213,213,0,1.5549718743385557,13.744769591486818,23.556681981710547,13.506465749135167,2.1171860985687485,13.50646548943846,0.0014420116543920614,2,1,0.031169045843802253,0.022988401567366566,0.07443177598270301,2.3880030321012615,True,True,1.1682163181672949e-14,1.03578512786223e-14,5.4025784115714076e-15,True,0.08523547899522729,0.4633533918727237,True,A-C|B-D|C-E|D-D|E-A|F-B
pyramid,wave,360,10,True,24,722,276,276,0,1.64241860742441,15.949669801782576,22.595781050599204,15.297335012017001,4.605014066025079,15.297294520823783,0.017195757508651432,3,1,0.031036308006619124,0.00857677235196508,0.0794172587805602,2.5588500656593194,True,True,1.073688540127716,0.4260510716854682,0.9855392257628562,True,0.07895852420601794,0.49264782304703897,True,A-A|B-E|C-C|D-B|E-C|F-D
central-parallelepiped,3X2,360,10,True,88,660,204,204,0,1.5223164219595373,13.988832118499985,23.732549209130546,13.760140123027515,2.0305576655566444,13.760105993993317,0.0014428785811588796,16,1,0.03093959250777539,0.009864624200582664,0.0748028235248319,2.41770551780969,True,True,1.2015567885334811e-14,6.572857864924091e-15,1.0058400026574543e-14,True,0.27990562385588724,0.45010767143417935,True,A-A|B-F|C-C|C-E|D-B|E-D
2X3,horizzontal-parallelepiped,720,10,True,168,1537,436,436,0,1.56182890991798,13.652056787355159,23.78671530156002,13.341032894914186,2.647195665343134,13.34101792075579,0.0016111578337589805,10,1,0.030914399943033802,0.03790247962485442,0.07419476632822111,2.400006678600923,True,True,5.121486610213742e-15,4.463041323674983e-15,2.5121479338940403e-15,True,0.07227372566323872,0.31140856846121034,True,A-E|B-C|C-B|D-A|E-D|F-F
arrow,pentagon,168,10,True,0,691,119,119,0,1.951901837617599,13.957383304847742,23.443826704550037,13.83524848020398,1.7716106698704963,13.835219700146236,0.0010478878706461359,5,1,0.030906300865214315,0.01659409283754032,0.07487915369582518,2.4227795497876365,True,True,1.5094134297439634e-14,1.0367366991496098e-14,1.0970441734624025e-14,True,0.1582145789984474,0.40241141832069854,True,A-C|B-E|C-A|C-E|D-B|E-D
pentagon,cross,168,10,True,1,812,116,116,0,1.583197144279283,14.265558071084913,23.10740313268882,14.094025556400746,1.9829019090248439,14.094023946355232,0.0022693100564552537,12,1,0.0307174458375018,0.009919655019009165,0.0696518128968907,2.4204121227781443,True,True,1.0952450018154391e-14,6.4047456679787536e-15,8.884559321017418e-15,True,0.055590002484097276,0.4961573253817933,True,A-A|B-D|C-B|D-C|E-D|E-E
parallelepiped-ext,3X2,180,10,True,48,528,94,94,0,1.7365386031848842,13.712615030682858,23.650092497065863,13.661025170920814,1.5174659875600525,13.661019477404395,0.0010035733818423154,3,1,0.030693620344496044,0.010637189976705416,0.07494177882567335,2.5079417125223715,True,True,8.71365951409179e-15,6.646518689688359e-15,5.634860374059478e-15,True,0.07134752084699499,0.5037404341867917,True,A-C|A-D|B-B|C-A|D-E|D-F
parallelepiped-int,central-trapezoid,78,10,True,2,304,57,57,0,2.059683194827103,13.828987996090923,23.674326973120635,13.706793347341812,1.8319773000685506,13.706784005254512,0.0010108778865802748,3,1,0.030677297306422185,0.00709221145144495,0.07464875503086624,2.4333550079471564,True,True,1.1682163181672949e-14,9.057678187205881e-15,7.377764055609925e-15,True,0.2427772495051519,0.4661386319733713,True,A-D|B-A|B-B|C-C|C-D|D-E
arrow,hexagon,360,10,True,28,738,266,266,0,1.5150110791270204,14.05206647366817,23.85893070386831,13.931077945586122,1.6103718550254398,13.931077051781587,0.0012069197247397412,10,1,0.030667416289056833,0.008441326346484406,0.07465189455893918,2.4342414064264517,True,True,1.2314970930892997e-14,9.565974336450906e-15,7.755684626330685e-15,True,0.2168769169905064,0.4479554975035921,True,A-E|B-C|C-A|C-B|D-D|E-F
wave,parallelepiped-int,78,10,True,18,106,50,50,0,9.245384024933443,13.897128327571256,23.085854216595695,13.838712856134448,1.19699617168663,13.838699034156129,0.0004586753248698727,1,1,0.030474346907457584,0.004747577043365735,0.07394772080625679,2.4265563764439704,True,True,9.107212999211281e-15,7.331676146681978e-15,5.4025784115714076e-15,True,0.2640107660601085,0.5267429318011804,True,A-C|B-A|C-B|C-D|D-C|E-B
cross,rhombus-ext,78,10,True,24,150,38,38,0,1.8669968321988903,13.66103990761535,24.619926295214032,13.060143738178198,3.6921930838487773,13.059888405614938,0.01955507349413743,1,1,0.03046903732288138,0.009868855497256681,0.07466164935257708,2.4504105121991597,True,True,1.0779682786315522e-14,7.598541898862822e-15,7.646157334557887e-15,True,0.2960046470725302,0.4944694914980932,True,A-C|B-D|C-A|D-A|D-D|E-B
arrow,triangle,36,10,True,0,108,25,25,0,1.6368477910423285,14.203252307344457,23.654004099445903,14.13559344992783,1.296739778161348,14.135558254640753,0.001398385239667732,4,1,0.030204186310224694,0.004747941269743209,0.07363825438746556,2.438014837782192,True,True,8.93453660437754e-15,5.630757419431282e-15,6.936895214610187e-15,True,0.5736542830086574,0.47087587555643834,True,A-C|B-B|C-A|C-B|D-A|E-C
central-parallelepiped,triangle,36,10,True,4,146,19,19,0,1.8933416512206511,14.095766902163469,23.567564958831888,13.97327043540557,1.240849150368648,13.97324735316441,0.0008328828829338164,1,1,0.030171884252948488,0.0065658169398838985,0.0728767910405685,2.4153874656816225,True,True,5.5354611109687286e-14,4.7407433161632606e-14,2.857740807228767e-14,True,0.20486092728022343,0.44570029637104946,True,A-A|B-B|C-B|C-C|D-C|E-A
two-triangles,trapezoid-ext,180,10,True,6,494,144,144,0,1.5966081160625103,14.536846268434982,22.866972509622627,14.40769159471515,1.129032571624145,14.407691593541909,0.00044525318142341064,1,1,0.030163436152923457,0.005706265252962085,0.07315767698774248,2.42537609497955,True,True,1.3738084712729321e-14,1.2755491433176288e-14,5.102196573270515e-15,True,0.13981087664082306,0.5070735630213251,True,A-A|B-D|C-B|D-C|E-A|F-D
2X3,wave,360,10,True,88,416,232,232,0,1.8398130366103849,14.1163516574629,23.300126496509737,13.975404114055856,1.7695647268229655,13.97540302434765,0.0023475336953460157,3,1,0.030041584571052833,0.012781436410837583,0.06885727522140235,2.4042199043876353,True,True,9.496139332806617e-15,4.534279142523387e-15,8.343678738167853e-15,True,0.10229393814506535,0.45673777918439046,True,A-C|B-D|C-C|D-B|E-A|F-E
pyramid,cross,360,10,True,21,1059,267,267,0,1.6235683096967226,16.298238011273334,22.301398930644602,15.866321108032404,4.626137120847542,15.866040257268994,0.01801550317085443,1,1,0.029942996639565567,0.010935216586376244,0.07617578643962254,2.547567123829258,True,True,1.0242973220427484e-14,2.5121479338940403e-15,9.930136612989092e-15,True,0.1281497865538651,0.45336865794965664,True,A-D|B-B|C-A|D-D|E-E|F-C
vertical-parallelepiped,parallelepiped-ext,180,10,True,24,706,99,99,0,1.6283206994761363,13.746263234484827,23.805786051759682,13.522208338471419,1.914997397489365,13.522206087184191,0.0011914893463966791,1,1,0.02984655330362485,0.03210751034244331,0.07118850648741466,2.385149995821087,True,True,1.7492619859936476e-14,8.514042613167058e-15,1.5280799322856756e-14,True,0.11017192059405818,0.4182034220705242,True,A-D|B-D|C-A|D-B|E-A|F-C
central-parallelepiped,arrow,168,10,True,24,975,62,62,0,1.5816267479813668,13.772156365847486,23.42690278378015,13.582079693310972,1.8366163897453784,13.582078414748468,0.0011371095688677002,3,1,0.02983220374880572,0.016160687572698288,0.07194002273894948,2.4114887168477948,True,True,1.509903313490213e-14,1.2560739669470201e-14,8.379058453350832e-15,True,0.05199775411844587,0.41981971932396717,True,A-C|B-B|C-A|C-D|D-E|E-C
rhombus-int,parallelepiped-int,34,10,True,10,159,7,7,0,9.162584710283847,13.790226688221752,22.567975224050873,13.704403216602591,1.7669250506482759,13.704360331137913,0.0036443373705150606,2,1,0.029824864651789757,0.010438880016506663,0.07196980034345297,2.416843985636443,True,True,0.73999654781867,0.5267294857645244,0.5197604636847525,True,0.12424928129590786,0.4633533918727237,True,A-B|B-B|B-C|C-A|C-C|D-D
central-parallelepiped,parallelepiped-int,78,10,True,18,314,36,36,0,1.5902443972882703,13.765134131725524,23.24369876093382,13.49636606401498,2.000517212925694,13.496350781810765,0.0017501626803611003,1,1,0.02981933927793145,0.014746185523442416,0.07249475361983816,2.4311321234903995,True,True,1.2464602254290901e-14,6.913980182474253e-15,1.0371267395744222e-14,True,0.1658786539501565,0.492171460355549,True,A-A|B-C|C-B|C-D|D-B|E-C
two-triangles,central-trapezoid,360,10,True,16,1512,245,245,0,1.5552334122954932,13.82334984519635,23.91356370208381,13.682802166348722,1.7301626595325965,13.682792345020559,0.000979943199222788,8,1,0.029743107851847334,0.012228160106550694,0.07183572148302725,2.415205628169269,True,True,7.78530599450396e-15,7.347921705842358e-15,2.5727487310015434e-15,True,0.05842752682148082,0.4079061664915579,True,A-D|B-A|C-E|D-C|E-D|F-B
rectangle-opposite,cross,78,10,True,14,128,50,50,0,1.954831957830658,14.477487645875755,22.197943379701346,14.354832407681421,1.4287464460589199,14.354779546284153,0.0024191330088410012,1,1,0.029728692969623386,0.02651421538636627,0.07187445504236833,2.417679617324894,True,True,0.158268053549984,0.05139347483995706,0.1496913074242299,True,0.24486350500313978,0.45336865794965664,True,A-A|A-D|B-C|C-B|D-D|D-E
pentagon,wave,168,10,True,0,574,127,127,0,1.6345745481736524,13.865539962778758,23.9695936304596,13.68102024169131,1.9553115499935214,13.681017726043233,0.0019884374824741258,3,1,0.02954738456535748,0.009168901365455033,0.07192910127533379,2.434364405967299,True,True,6.217248937900877e-15,3.972054645195637e-15,4.782987168225453e-15,True,0.12057033352284309,0.5123965471788692,True,A-A|B-D|C-C|D-C|E-B|E-E
2X3,parallelepiped-ext,180,10,True,60,234,98,98,0,4.154954638375041,13.630898373471833,21.988470418720013,13.408436046081238,1.7255891067586773,13.408383460082604,0.0005707353659403225,1,1,0.0294976068293862,0.04583876215932822,0.07037923618420748,2.3859303770397418,True,True,1.8693993179973833e-14,1.7719103822653185e-14,5.9580819677934555e-15,True,0.11017192059405818,0.4182034220705242,True,A-D|B-A|C-D|D-A|E-C|F-B
rhombus-ext,3X2,180,10,True,72,329,74,74,0,1.8137386377255833,14.06899832104762,23.62891662091514,13.936324423593515,1.6673384011873564,13.936291145488052,0.001666203355375373,6,1,0.02947245425835801,0.011886994049880896,0.07156044743416755,2.428045075814272,True,True,7.755684626330685e-15,3.9968028886505635e-15,6.646518689688359e-15,True,0.27809249052483903,0.5202372758899162,True,A-C|A-D|B-A|C-B|D-E|D-F
pyramid,parallelepiped-int,180,10,True,4,646,124,124,0,2.3528287785838353,15.530441831581797,21.7922126789054,14.998083059174894,4.513542787118104,14.998077700071487,0.011710521454848077,1,1,0.029051378849517476,0.021692696432151964,0.07398281134273986,2.546619619191282,True,True,1.2646921760708065e-14,1.2058064753249078e-14,3.814145307657198e-15,True,0.07599456487097621,0.4499078879065762,True,A-C|B-A|C-D|D-B|E-C|F-B
vertical-parallelepiped,triangle,90,10,True,18,283,46,46,0,1.5872570939680954,14.109248588532083,23.42955550042547,13.99921649247428,1.3405765302155888,13.99916582014542,0.0018532772046686574,8,1,0.02901750498279109,0.007619915261514462,0.07031828310088513,2.4233056268134554,True,True,0.056379172851682674,0.04382176082320057,0.035472022916576335,True,0.08019780547543355,0.44570029637104946,True,A-B|B-C|C-B|D-A|E-A|F-C
arrow,pyramid,360,10,True,37,621,273,273,0,1.9506641283309927,12.953155115287156,25.559429983053846,12.699189573172694,1.8314233525736245,12.699189573172694,0.0012292399835995838,11,1,0.029015902156508292,0.0065596459476065915,0.0701901235696613,2.430854027951691,True,True,9.382041471783965e-15,8.602795775732282e-15,3.743608822956405e-15,True,0.2196644726936167,0.48264671751891813,True,A-E|B-A|C-B|C-C|D-F|E-D
pyramid,triangle,90,10,True,8,289,55,55,0,1.724976854845833,16.177385831450234,22.4349220388675,15.583942482112858,4.649898718404285,15.583656879204156,0.031618917087193665,4,1,0.028848372139636584,0.006661665456369458,0.07386020869347731,2.560290346227063,True,True,1.6304788408914756e-14,1.3528330643921842e-14,9.101120538054984e-15,True,0.3401878698335022,0.47087587555643834,True,A-C|B-A|C-B|D-A|E-C|F-B
2X3,trapezoid-ext,180,10,True,48,212,115,115,0,1.8334141196622393,14.568150106474366,22.32506057057319,14.525844261219255,1.1799048842617705,14.525843875830576,0.0012894138551224898,3,1,0.028847819630450803,0.009161413411874758,0.06980005906741152,2.4195956561560337,True,True,1.2265829192012248e-14,7.715051554542858e-15,9.535646033613333e-15,True,0.1456010823447598,0.4819685586958586,True,A-A|B-D|C-C|D-B|E-A|F-D
pentagon,parallelepiped-ext,78,10,True,0,417,47,47,0,1.9833384762995043,13.534370879239122,23.837712927521643,13.1956714931071,2.277608697652077,13.195552626342192,0.0024633175380106564,3,1,0.028706746496208357,0.024367441188002954,0.06916521461910322,2.4093714217401367,True,True,5.8410815908364745e-15,4.351167857633658e-15,3.8968670012594065e-15,True,0.06072562417634224,0.40992246481220984,True,A-A|B-D|C-A|D-D|E-B|E-C
central-trapezoid,cross,168,10,True,4,701,123,123,0,1.633629019061166,14.490343425805142,22.96529113892736,14.39252770900793,1.3819441120566545,14.39252761902886,0.000855345781411998,2,1,0.028665614333892375,0.009087712703182075,0.06951402946888673,2.4249970246302315,True,True,7.692822542804792e-15,7.432039703135372e-15,1.9860273225978185e-15,True,0.11025371296439233,0.41013716395797434,True,A-D|B-C|C-E|D-B|D-D|E-A
cross,trapezoid-ext,78,10,True,0,313,59,59,0,1.6126790151950032,14.458714668423847,24.095858507251286,13.962434564957457,3.495588456521379,13.961973064436405,0.021368294279856315,3,1,0.02865409134828332,0.0027548266649277116,0.07044119257763316,2.4583293087691414,True,True,1.465415539316708e-14,1.0155089600892694e-14,1.056496216202069e-14,True,0.09117003666815252,0.5298130983811192,True,A-B|B-D|C-D|D-A|D-C|E-A
base-trapezoid,cross,168,10,True,30,473,98,98,0,1.7639957362155994,14.757724965524854,25.253155566686544,13.063195558785477,5.754295077643925,13.063097232288333,0.040511814012822,6,1,0.02860748726278913,0.010385407367644435,0.07420532879609455,2.5939128492636367,True,True,0.07458229568142631,0.056811155921998466,0.04832195558871846,True,0.0628134731191874,0.49463167676755143,True,A-D|B-A|B-E|C-C|D-D|E-B
rhombus-ext,cross,78,10,True,24,148,38,38,0,1.7944678762780806,14.630622361879853,22.587106110132133,14.516422350549579,1.5008791340811052,14.516421770350972,0.0014309930247513591,3,1,0.028480522102160295,0.009865601033711688,0.06872751463109006,2.413140966466937,True,True,9.654739264636357e-15,3.796860718083127e-15,8.876814685211597e-15,True,0.16964501673059387,0.4475031594694418,True,A-B|A-D|B-C|C-A|D-D|D-E
horizzontal-parallelepiped,trapezoid-ext,180,10,True,16,421,128,128,0,1.6663176654447573,14.590615157586909,22.268075060194292,14.530400818034803,1.2702015327251825,14.530400817812808,0.0010089208727332988,2,1,0.028465692291164853,0.007468745526637903,0.06863788034144531,2.411249290527498,True,True,4.165926057296536e-15,2.5121479338940403e-15,3.3232593448441795e-15,True,0.07368951834628298,0.4505064537163253,True,A-D|B-A|C-B|D-D|E-C|F-A
hexagon,parallelepiped-ext,180,10,True,24,545,117,117,0,1.6347077448699552,13.758960481835055,23.29965222949684,13.62979468384468,1.8519082025128417,13.629753406384303,0.00111860345320558,2,1,0.028375443840777302,0.016831907279109125,0.06843507175398272,2.4117709713367446,True,True,8.236627820231227e-15,4.070144838902081e-15,7.160723346098895e-15,True,0.13658945791577065,0.4926006657592142,True,A-A|B-C|C-B|D-A|E-D|F-D
horizzontal-parallelepiped,parallelepiped-ext,180,10,True,24,664,98,98,0,1.551442322172137,13.60059618685775,23.166189567840124,13.350869333362862,1.9439020247372745,13.350643746624513,0.001286980200124077,4,1,0.02803101626932474,0.021738795394049083,0.06655470194042283,2.374323545780815,True,True,5.891509130072236e-15,4.351167857633658e-15,3.972054645195637e-15,True,0.07901734503244728,0.4182034220705242,True,A-D|B-A|C-D|D-B|E-C|F-A
central-trapezoid,parallelepiped-int,78,10,True,2,301,52,52,0,1.6553486671615445,13.774755141185135,23.74575789028972,13.543326683460286,1.754193921954633,13.543312648637983,0.0008394844084929076,1,1,0.027969260486708607,0.0074422916192734235,0.0681249128326418,2.4357066167343158,True,True,1.685200100630861e-14,1.1916164440659766e-14,1.1916163935586911e-14,True,0.2640107660601085,0.5453732207950648,True,A-A|B-B|C-C|D-B|D-D|E-C
3X2,rectangle-same,180,10,True,66,227,90,90,0,1.6313133680163747,15.031884534685394,21.42416073269966,14.762063689010505,2.465542349299606,14.762063170866982,0.002426658641629942,9,1,0.02785069955651845,0.013007922170943167,0.06705472048599125,2.407649414691169,True,True,4.5193032509710784e-15,2.648295014812466e-15,3.66205343881779e-15,True,0.1356867343664309,0.3676539667191418,True,A-A|B-C|C-C|D-A|E-D|F-B
wave,rhombus-int,78,10,True,14,418,45,45,0,1.5021261203250391,13.911240131867565,23.584026510325952,13.802177413376779,1.389586194319448,13.802162492164458,0.000892360892194688,8,1,0.02775078481264744,0.004170752368806387,0.06726268625193697,2.423812036525971,True,True,6.481268641478987e-15,4.782987168225453e-15,4.3737714791252564e-15,True,0.18604545963653518,0.49161287444401497,True,A-A|B-C|C-B|C-C|D-D|E-B
hexagon,arrow,360,10,True,28,744,262,262,0,1.6176928936869148,14.057164964970816,23.893968396896586,13.902232015336137,1.5463260646468409,13.902225579779468,0.001483460244227075,3,1,0.027534050864311526,0.013965821464546904,0.06622265562118095,2.405118518431153,True,True,7.993605777301127e-15,7.53644380168212e-15,2.6645352591003757e-15,True,0.08037695314012822,0.36945378526400835,True,A-B|B-E|C-C|D-D|E-A|F-C
central-parallelepiped,hexagon,360,10,True,68,1291,215,215,0,1.5353983514488487,13.777145950777667,23.703482837387426,13.684450275695287,1.5716372500294342,13.684450205881982,0.000760096949905531,18,1,0.027531825196866058,0.014075172785392717,0.06288186671726884,2.422696090347618,True,True,5.617333549722722e-15,4.351167857633658e-15,3.552713678800501e-15,True,0.05030718583433825,0.461113190514354,True,A-F|B-D|C-A|C-C|D-B|E-E
vertical-parallelepiped,parallelepiped-int,180,10,True,28,686,98,98,0,1.7214114140410872,13.814853401223003,23.778814972619756,13.594899170975593,1.8608415890682326,13.594886576137846,0.001748037532889768,5,1,0.027434522978466422,0.013524065677948748,0.06584027463525129,2.3999059392040403,True,True,8.188600426433445e-15,5.617333549722722e-15,5.9580819677934555e-15,True,0.1244495523619452,0.4657593743306056,True,A-C|B-B|C-A|D-C|E-D|F-B
vertical-parallelepiped,central-trapezoid,360,10,True,37,1394,238,238,0,1.5170986127931,13.885623944932023,23.80116923961634,13.620722923929183,1.9071533603202746,13.620672244400602,0.001060916842228643,3,1,0.02728154934514611,0.01999430144369151,0.06559899009275935,2.4045184994022573,True,True,2.712945308278816e-14,2.4307546523878914e-14,1.2047838252593955e-14,True,0.2872959961824163,0.5045481804748322,True,A-D|B-D|C-A|D-B|E-E|F-C
triangle,arrow,36,10,True,0,109,24,24,0,1.5608757784601632,14.176420281188411,23.67220618356138,14.035807842019057,1.3251355416930175,14.035784280734616,0.001327237678173887,6,1,0.027058340401819998,0.0024926429205593533,0.0657822813277005,2.4311277170301198,True,True,1.468561118634285e-14,1.0819406765798747e-14,9.930136612989092e-15,True,0.2762423920180818,0.4844774206952201,True,A-B|A-C|B-A|B-C|C-D|C-E
pyramid,central-trapezoid,360,10,True,10,1185,267,267,0,1.8915046193900082,15.7074819365503,22.321026199047065,15.042479757090662,4.624816698421231,15.04226352875439,0.012094581922065473,3,1,0.026845942270535286,0.014338332512917096,0.06801215797932177,2.5456740361859347,True,True,6.705600017716362e-15,5.617333549722722e-15,3.66205343881779e-15,True,0.08951825298704116,0.3832241553251438,True,A-A|B-B|C-D|D-C|E-D|F-E
base-trapezoid,two-triangles,360,10,True,12,1187,260,260,0,1.5333404589948363,14.21866060618667,26.226557605922565,12.819170913505308,5.881887194071391,12.819170913505308,0.039725751515256036,11,1,0.02681471920735602,0.016929028280860018,0.06995833186221528,2.6089526174498885,True,True,0.9610534438078692,0.36894735321302785,0.8874128534183322,True,0.2436320849398739,0.4652866157331114,True,A-A|B-C|B-D|C-F|D-E|E-B
parallelepiped-int,two-triangles,180,10,True,36,452,115,115,0,1.707622531112409,13.866078155996817,23.805732588915284,13.771516821131375,1.7061552050129525,13.771510034980295,0.0010916589420695288,5,1,0.026813899178413737,0.008370655374755296,0.06446341471625802,2.4173614752824673,True,True,1.1462750303739273e-14,9.565974336450906e-15,6.3155981126285585e-15,True,0.11666402260019797,0.4182034220705242,True,A-F|B-A|B-B|C-C|C-D|D-E
trapezoid-ext,two-triangles,180,10,True,6,651,121,121,0,1.7365632916910336,13.580009336531733,24.98943831572061,13.041851408776498,3.7104865140529255,13.041410601867288,0.021330373051494433,9,1,0.026643742070419033,0.0037573529275751086,0.06550270565112754,2.4584649362692677,True,True,7.007609531788139e-15,5.617333549722722e-15,4.189529226675416e-15,True,0.11572765262960066,0.5079232384338422,True,A-A|A-C|B-D|C-E|D-B|D-F
horizzontal-parallelepiped,parallelepiped-int,180,10,True,28,625,104,104,0,1.9930718903089044,13.698664412678191,23.227556573530286,13.425952453619379,1.8809903991089805,13.425952302911803,0.00089048652798418,5,1,0.026234404818114145,0.018597297249648818,0.06290532312687239,2.397817810733711,True,True,4.890025172686938e-15,2.5219419200973697e-15,4.189529226675416e-15,True,0.052395158975629325,0.4182034220705242,True,A-D|B-C|C-B|D-B|E-A|F-C
hexagon,pentagon,360,10,True,0,1664,249,249,0,1.5576639538674466,13.966404775964484,24.164734263115786,13.838697037175674,1.7376778506968884,13.838696784566949,0.0008865729316145377,6,1,0.02619191400431534,0.01986600364173532,0.0627275156720179,2.4061648218426495,True,True,1.1836247986021333e-14,1.1411559013547945e-14,3.1421469200065623e-15,True,0.10396819257413532,0.37787293280661627,True,A-B|B-E|C-C|D-A|E-E|F-D
cross,central-parallelepiped,168,10,True,30,331,102,102,0,1.889777857441543,13.684121006956163,24.781796382599197,13.118193415503907,3.722315583078551,13.118175485909893,0.023037229445995067,12,1,0.025965389384129053,0.006772696523463603,0.06395615887548073,2.4631311292629006,True,True,9.402874621251403e-15,6.587843026271932e-15,6.709275326305665e-15,True,0.15433697908673344,0.41981971932396717,True,A-C|B-D|C-B|D-A|D-C|E-E
rhombus-ext,two-triangles,180,10,True,24,709,105,105,0,1.5887861503815548,13.93801137443145,23.47463276872236,13.796772591216943,1.6585510320798411,13.796771368089573,0.0009323365990834276,4,1,0.025928639607281236,0.014638629970412329,0.056682498846400704,2.402095496216061,True,True,4.216752751443855e-15,3.719771396296319e-15,1.9860273225978185e-15,True,0.08661362488053023,0.4633533918727237,True,A-C|A-D|B-E|C-A|D-B|D-F
cross,horizzontal-parallelepiped,360,10,True,28,1094,241,241,0,1.5841222702550508,13.517189131241356,24.87386400287826,12.972990427075374,3.68597135163293,12.97274226001575,0.017872879036803013,5,1,0.02591085149364445,0.015026029103522118,0.0633482911923038,2.4448556315427226,True,True,7.007609531788139e-15,5.891509130072236e-15,3.794299872214038e-15,True,0.06285152157052416,0.3892155522973273,True,A-A|B-E|C-D|D-B|D-C|E-F
vertical-parallelepiped,rhombus-int,180,10,True,40,454,106,106,0,1.6434874639385,13.980706241577284,23.61291261821211,13.8734243870441,1.7493532771704665,13.873407076955287,0.0013328046274043714,8,1,0.025835278024818047,0.013953537998316907,0.062397946733348864,2.4152225756350583,True,True,0.558103711050684,0.2517602672669366,0.498092883019047,True,0.059515888601880895,0.41115190529900336,True,A-B|B-C|C-C|D-D|E-A|F-B
3X2,central-trapezoid,360,10,True,20,1379,245,245,0,1.5459757018050484,13.917373712801503,23.779661051823165,13.803695459125597,1.6672030729224292,13.80365513509597,0.000947557358108142,12,1,0.025721253579675033,0.0070912521133338,0.06208074578756932,2.4200732215061413,True,True,1.0242973220427484e-14,8.881784197001252e-15,5.102196573270515e-15,True,0.10010587612601642,0.47538038908183505,True,A-B|B-E|C-C|D-D|E-A|F-D
arrow,central-trapezoid,168,10,True,9,456,124,124,0,1.5477778850907933,14.028882637137901,23.65976714173047,13.875770278488293,1.6464679275036704,13.875753499764523,0.0013065963757199484,9,1,0.025633123012912738,0.00772012795104868,0.061889069207334724,2.4144178286882165,True,True,0.6979115912049545,0.22477957460607476,0.6607228859197656,True,0.21744526106860118,0.3846245126357791,True,A-A|B-D|C-D|C-E|D-B|E-C
cross,hexagon,360,10,True,8,1276,257,257,0,1.5383455522622973,13.593107920249107,25.21388658674535,13.051047472134158,3.5822795249504527,13.050787213430155,0.0185120422437155,6,1,0.025587610138412424,0.00980108168208192,0.06257784856691383,2.4529529057304744,True,True,0.4734272851196278,0.4365051906774087,0.1832937882401376,True,0.13009387443983747,0.49463167676755143,True,A-D|B-E|C-B|D-C|D-F|E-A
hexagon,parallelepiped-int,180,10,True,24,559,105,105,0,1.7173532998180523,13.865907647791198,23.488734860768893,13.729507751357424,1.7888524966894606,13.729507695445795,0.0017938868514715267,3,1,0.02506507525778734,0.012556340581770414,0.06057268636930378,2.416616975865044,True,True,7.53644380168212e-15,7.53644380168212e-15,0.0,True,0.0897776196164129,0.47373027955746566,True,A-D|B-A|C-B|D-C|E-B|F-C
trapezoid-int,pentagon,78,10,True,0,274,55,55,0,2.5208806394726015,15.567598218305449,21.479454507717545,14.109338122381335,5.505387020099364,14.109328163619503,0.013960231940897572,1,1,0.024979710601059996,0.014184419184310128,0.06446984221434413,2.590665221366037,True,True,6.028010073543578e-15,3.972054645195637e-15,4.534279142523387e-15,True,0.1191777414608677,0.39317342332716687,True,A-E|B-B|B-D|C-C|C-E|D-A
rhombus-int,parallelepiped-ext,34,10,True,10,90,14,14,0,9.108714181761835,13.955010554843273,22.31924933945984,13.77599904546234,1.7025392194790934,13.77595576253664,0.003962345005103174,3,1,0.024888136009154082,0.011843781250072813,0.06023223234692245,2.420118257340304,True,True,7.377764055609925e-15,4.070144838902081e-15,6.153480596427404e-15,True,0.07599456487097621,0.4499078879065762,True,A-A|B-A|B-D|C-C|C-D|D-B
rectangle-opposite,parallelepiped-int,34,10,True,14,78,14,14,0,8.828788065796774,13.635140965992463,21.81937662623147,13.453082401535578,1.4879927099400838,13.45308209349739,0.0026066027471163267,2,1,0.024771432995927063,0.023753898816697674,0.05947241708459296,2.400846858329571,True,True,1.000791786997154e-14,7.943772904740244e-15,6.087272963323594e-15,True,0.1188707553359662,0.3926817942954417,True,A-B|A-C|B-C|C-B|D-A|D-D
trapezoid-int,pyramid,180,10,True,16,432,139,139,0,1.952661504993495,14.238189913291565,24.20168572371261,13.808946426508628,5.3049120285457105,13.808945908460057,0.004179505861257482,2,1,0.024597074501555058,0.009263361235694727,0.06371409916044377,2.5903120778211117,True,True,1.7222418539888655e-14,7.32410687763558e-15,1.5587468005037626e-14,True,0.06067647804899474,0.41115190529900336,True,A-A|B-B|B-D|C-C|C-E|D-F
base-trapezoid,pyramid,360,10,True,21,999,260,260,0,1.93420531304251,15.027423137797697,27.05014626325344,14.243230567781387,5.647381809063019,14.243230567781387,0.006515544311348265,7,1,0.02433865958509235,0.01621558149634293,0.06283441771147899,2.5970118505298014,True,True,1.1648350771590544e-14,6.4047456679787536e-15,9.729507111180988e-15,True,0.05011714727292482,0.3676539667191418,True,A-F|B-B|B-C|C-E|D-D|E-A
base-trapezoid,rhombus-ext,78,10,True,18,189,40,40,0,2.2528493811258126,14.39083762212502,25.5515583576717,13.353895554383653,6.126327435818861,13.353895554383653,0.04402420119812689,6,1,0.02414096816114666,0.011037882490178876,0.06266591429282728,2.5958326888349097,True,True,7.326683409424675e-15,5.329070518200751e-15,5.0280510333510306e-15,True,0.08905371687565627,0.41115190529900336,True,A-A|B-A|B-D|C-C|D-B|E-D
rectangle-same,two-triangles,180,10,True,6,943,104,104,0,1.8600013980467638,14.098440263038597,25.954240584263637,12.538225060793808,5.031509727422129,12.53707860012203,0.024565316309988816,19,1,0.024071899780154338,0.02184884955780035,0.06275219899523872,2.6068652482083565,True,True,1.974075194057156e-14,1.3673332971056464e-14,1.4238583238573986e-14,True,0.06389320095320437,0.43871064769360363,True,A-B|A-C|B-A|C-D|C-E|D-F
rhombus-ext,wave,78,10,True,14,216,44,44,0,1.7680069155319653,14.035683586715576,23.646920384374614,13.909431922821396,1.3716531875258753,13.909422370525785,0.0009074207271027035,5,1,0.024014244602749788,0.004180806085295633,0.0581985844937477,2.42350261090801,True,True,9.101120538054984e-15,8.565282493038633e-15,3.076740298213702e-15,True,0.07264754516009496,0.45673777918439046,True,A-B|A-C|B-D|C-A|D-C|D-E
base-trapezoid,arrow,168,10,True,14,834,87,87,0,1.9946233200800885,14.251342923374256,25.92687793957784,12.702910886394474,5.630642419913884,12.702281984398459,0.04316454917003387,13,1,0.023849760328016136,0.012599872514650263,0.06186820498033079,2.594080784436843,True,True,9.240897845457147e-15,7.32410687763558e-15,5.634860374059478e-15,True,0.09095333040111452,0.3892155522973273,True,A-B|B-A|B-C|C-E|D-C|E-D
trapezoid-int,vertical-parallelepiped,180,10,True,28,755,112,112,0,1.850813625921654,15.113563049529251,22.328219473582486,14.024106427009396,5.2373302075749555,14.024051746660053,0.005970996659350192,2,1,0.02357951128842503,0.013361950359866431,0.06127303548106225,2.598571053130377,True,True,1.05332318039745e-14,9.219698694939821e-15,5.0937342108501144e-15,True,0.08217843836096399,0.447246773371714,True,A-E|B-C|B-D|C-B|C-F|D-A
hexagon,wave,360,10,True,56,573,250,250,0,1.5633841276796978,14.19766928658478,23.858797063266223,14.131388638586587,1.1807652908643207,14.131388624261659,0.0013311465461942618,1,1,0.023536915774392472,0.0077422679487287255,0.05698033549332743,2.4208921865336532,True,True,9.407502494097996e-15,8.890150297593842e-15,3.076740298213702e-15,True,0.1025502432253864,0.5030247861548097,True,A-B|B-E|C-D|D-A|E-C|F-C
horizzontal-parallelepiped,wave,360,10,True,68,745,220,220,0,1.7224103620623599,14.051792084029175,23.557603376842064,13.967830622039578,1.4608947271453503,13.967775230096954,0.0010802951716595288,3,1,0.02324889608248077,0.009870071177416903,0.05616075888609439,2.4156312061807697,True,True,1.2592102364157598e-14,7.53644380168212e-15,1.0087767680389479e-14,True,0.18600848345222423,0.4668891668184871,True,A-C|B-C|C-D|D-E|E-A|F-B
rectangle-same,hexagon,180,10,True,20,562,108,108,0,2.0600112943283264,14.095554854452008,25.8934901868861,12.619910725575053,5.1933765520730155,12.619712835996935,0.03505033972403471,6,1,0.023163839946016698,0.018604315910435786,0.059924815861062596,2.590298455389157,True,True,1.2833044841990162e-14,1.1495500318653537e-14,5.7044291861996796e-15,True,0.20394827212257657,0.39300248433366436,True,A-C|A-E|B-B|C-A|C-F|D-D
cross,rectangle-same,78,10,True,10,110,56,56,0,1.7385061484141484,14.794001578844924,22.380971957876188,14.24061560037769,3.6021213484407086,14.240615587753652,0.021577669191971793,8,1,0.02265124867649853,0.013267265949768719,0.055462438904182294,2.449605526130982,True,True,1.2592102364157598e-14,7.32410687763558e-15,1.0242973220427484e-14,True,0.25314550147987125,0.4633533918727237,True,A-B|B-C|C-D|D-A|D-C|E-A
rectangle-same,wave,78,10,True,6,244,53,53,0,2.796220234724036,14.224159977935301,25.31016170678112,13.032867881213098,4.650400238569258,13.032867881213098,0.03547820194552731,7,1,0.02255394056118848,0.012625671921059695,0.05807381146940672,2.5748853647926135,True,True,8.962601567874047e-15,6.620504818089212e-15,6.041286520114393e-15,True,0.11135698840353857,0.39028483721018153,True,A-B|A-D|B-C|C-A|C-C|D-E
3X2,parallelepiped-int,180,10,True,52,475,103,103,0,1.628958338361932,13.778003164442614,23.661341387722384,13.726156325299714,1.2774813825322187,13.726156216821646,0.0007747080033393416,2,1,0.02253687010226601,0.007615533718744461,0.05471385610561227,2.4277486561947645,True,True,1.0427271446758856e-14,4.149713823717866e-15,9.565974336450906e-15,True,0.09384963176503709,0.46011384452647847,True,A-A|B-B|C-C|D-D|E-B|F-C
pentagon,pyramid,360,10,True,1,1362,280,280,0,1.878954996400741,13.005873168903051,25.909163699606786,12.75585323272055,2.19225063408111,12.755818685464128,0.0017953657458953387,12,1,0.02246435386062822,0.012562317361733206,0.05435522764328407,2.4196212355143167,True,True,1.0617151655364407e-14,3.045028263293776e-15,1.017112147940183e-14,True,0.21612236444769142,0.3886873512957292,True,A-F|B-E|C-B|D-D|E-A|E-C
rectangle-same,cross,78,10,True,10,109,56,56,0,2.716455721896455,14.76167840957555,24.318546885040515,13.109505129452726,4.949313130549566,13.107947931181675,0.04988671235278552,10,1,0.022325628268096847,0.01273527351786272,0.058076400154657204,2.601333295405977,True,True,1.8416369607817031,1.222954261940915,1.3769566327658327,True,0.146541694623782,0.41115190529900336,True,A-A|A-D|B-D|C-C|C-E|D-B
arrow,rhombus-int,78,10,True,6,510,50,50,0,1.544341505610053,13.757868647465493,23.436060597906756,13.676707112277047,1.3913621065834163,13.676705517256881,0.0008246084593270808,3,1,0.02228328352529229,0.010034381695416528,0.053811536605707824,2.422497459610255,True,True,5.8327006531823566e-15,4.8698974665986986e-15,3.210061615366513e-15,True,0.082289015009576,0.45336865794965664,True,A-A|B-D|C-B|C-C|D-B|E-C
trapezoid-ext,central-trapezoid,78,10,True,2,218,60,60,0,1.5329758034105283,13.576319042632274,24.960188285615484,13.102224492651043,3.6695368180799077,13.101998574122955,0.019872145545884123,3,1,0.022150224298928423,0.003099858981283948,0.05426476122945574,2.4498515453895853,True,True,1.0807438076588089e-14,7.48721764591281e-15,7.793734002518813e-15,True,0.07599873150983588,0.42047603591856025,True,A-B|A-D|B-A|C-E|D-C|D-D
central-trapezoid,parallelepiped-ext,78,10,True,2,268,56,56,0,1.617190966428834,13.708763900473864,23.416386234327824,13.600697607013151,1.8466425972909448,13.600689668766014,0.0008831720957847011,3,1,0.022039331299162836,0.008773901211602124,0.053185439134733725,2.413205664581755,True,True,1.198874367907426,0.4490778595003485,1.111588424792205,True,0.08454261591237636,0.4531133653291396,True,A-C|B-A|C-D|D-A|D-B|E-D
rhombus-ext,triangle,15,10,True,1,51,10,10,0,9.19759145990051,14.114724338456199,23.41812980244283,14.106087729976945,0.8894784821422689,14.106087546249734,0.001491777289494678,2,1,0.02190847565919301,0.003442112310299791,0.053188780697794896,2.4336262205469845,True,True,8.055048693485857e-15,5.617333549722722e-15,5.773159728050814e-15,True,0.29157977111491273,0.4758850463581296,True,A-A|A-B|B-B|C-C|D-A|D-C
rhombus-int,rectangle-same,34,10,True,8,74,19,19,0,2.0544198836286545,14.875648731141915,21.473863635504117,14.762624863269602,1.845590566224729,14.762592333194574,0.001961296974952731,5,1,0.021853013870636383,0.01312054511607898,0.05269573750127791,2.4160689288874186,True,True,1.6354606405429002e-14,5.551115123125783e-15,1.5383701491068513e-14,True,0.2836895103023786,0.4179157688864527,True,A-C|B-A|B-C|C-A|C-B|D-D
wave,triangle,36,10,True,2,64,27,27,0,1.58136553516412,14.41742597578442,23.998124455955598,14.317928577601762,1.3036292953299162,14.317922987768782,0.0016762216510919359,1,1,0.02175031341901108,0.002463807206691141,0.052732795270313146,2.4244613976100924,True,True,1.0119520957953845,0.48386113189735575,0.8887775026538874,True,0.13337764018839757,0.469357098381565,True,A-C|B-A|C-A|C-B|D-B|E-C
central-parallelepiped,parallelepiped-ext,78,10,True,18,218,38,38,0,2.4204030269000745,13.846348056710092,23.20664298272709,13.64729093610002,2.197255895845583,13.647289636867859,0.002201778362945106,2,1,0.02157416929394766,0.020715914211658647,0.051880887428188555,2.4047687176879173,True,True,1.6280579355608324e-14,9.057678187205881e-15,1.3528330643921842e-14,True,0.07784754766705095,0.4652866157331114,True,A-A|B-A|C-C|C-D|D-D|E-B
pentagon,trapezoid-int,78,10,True,0,271,53,53,0,2.333201011925195,13.046424647896584,25.05691943984939,12.904836340497932,2.2349947745226273,12.904836340497932,0.002196068254745498,3,1,0.021399579346649288,0.013979055398932173,0.0517419312038288,2.417894780344384,True,True,1.467556211696704e-14,7.1028790255212905e-15,1.2842166211265442e-14,True,0.05705586026487846,0.4001220501487976,True,A-D|B-B|C-C|D-B|E-A|E-C
two-triangles,trapezoid-int,180,10,True,4,583,137,137,0,2.0098655339955735,12.870082380999754,25.197684419941606,12.71239157117654,1.795072603444947,12.71239157117654,0.0008102122354305408,2,1,0.021350893388454004,0.012172548188743044,0.05165158548898464,2.4191767786595966,True,True,1.3144017978666826e-14,1.248698831543438e-14,4.103697288266033e-15,True,0.06350970643453263,0.5052901940473338,True,A-A|B-B|C-C|D-C|E-B|F-D
wave,horizzontal-parallelepiped,360,10,True,68,741,226,226,0,1.5166862709119955,13.967829519667701,23.864301303389645,13.851386716885425,1.540785391493827,13.851375239114311,0.0010887599019913097,5,1,0.021332644840769004,0.008121581716062271,0.05143207128913505,2.410956150680518,True,True,8.89287949701369e-15,8.140289677804162e-15,3.580361673049448e-15,True,0.12595377579681688,0.45323801017551585,True,A-B|B-F|C-A|C-D|D-C|E-E
arrow,trapezoid-int,78,10,True,8,226,50,50,0,2.2111051159158683,12.9058319066141,24.449571544035752,12.724727615811373,2.111198444176183,12.724727615811373,0.0008232866283623963,2,1,0.021124332176931392,0.01057766651657997,0.05076655045207662,2.4032262902737207,True,True,1.4190022764522377e-14,9.155133597044475e-15,1.0841599276764049e-14,True,0.08078756442080194,0.417569255938564,True,A-A|B-C|C-B|C-C|D-D|E-B
trapezoid-ext,central-parallelepiped,78,10,True,12,322,46,46,0,1.5673124323181113,13.482014041012066,24.754573280550805,13.00609221331478,3.6133006893011492,13.005855917891905,0.02126316407803941,2,1,0.021105211485518704,0.004494148351974399,0.05156025784420324,2.4430107170250914,True,True,1.2434497875801753e-14,1.1374233532693354e-14,5.0242958677880805e-15,True,0.10409452982307359,0.46513388365735514,True,A-B|A-D|B-C|C-A|D-C|D-E
pyramid,trapezoid-int,180,10,True,16,414,136,136,0,2.070647399664398,14.45951378363727,23.938694846626728,13.954961266494687,4.540573427454822,13.954724761747467,0.005189598439949705,1,1,0.021072095365334265,0.014593349363506399,0.05332109968845358,2.5304127930330176,True,True,5.6915174859272416e-15,1.9985941820837785e-15,5.329070518200751e-15,True,0.14042820402256073,0.4801727562418158,True,A-A|B-C|C-B|D-C|E-D|F-B
triangle,rhombus-int,15,10,True,0,109,10,10,0,9.17670833433193,13.927978446342037,23.289853325072333,13.897152801134613,0.9587422054453095,13.897135142986837,0.0008388307173614606,1,1,0.021035386189810046,0.004901644043867135,0.05084891291827401,2.4228240693879552,True,True,8.51910812704787e-15,7.53644380168212e-15,3.972054645195637e-15,True,0.0669520246656928,0.4310677750300933,True,A-A|A-D|B-B|B-C|C-B|C-C
rhombus-int,arrow,78,10,True,6,365,45,45,0,1.5609284050726886,13.809010774688,23.409822843232014,13.73707810221688,1.4492587453721792,13.73707665080703,0.0008107552654426087,3,1,0.02102298850262075,0.010022577254991786,0.050793099231313685,2.422551300533057,True,True,6.646518689688359e-15,3.972054645195637e-15,5.329070518200751e-15,True,0.08230654886164882,0.4179157688864527,True,A-D|B-B|B-C|C-A|C-C|D-E
horizzontal-parallelepiped,central-parallelepiped,360,10,True,76,1093,215,215,0,1.5706368756375728,13.771640431153958,23.742098930575263,13.529284282988002,2.1808995773036286,13.52927941198967,0.0010798759934456115,11,1,0.0207009211576793,0.016160534571610246,0.049919861922746195,2.4114802207353807,True,True,4.957615109938664e-15,2.5918417478740246e-15,4.2261452805446086e-15,True,0.09255589732555004,0.49573600680125657,True,A-B|B-E|C-C|D-C|E-A|F-D
rectangle-opposite,triangle,15,10,True,2,52,9,9,0,9.056412662418134,13.886378277318379,22.332595559795955,13.830696522715261,1.1580317775715387,13.830682922238715,0.0022607685716824477,1,1,0.02068187844198673,0.009734642095963414,0.05004148932966892,2.419581445178529,True,True,8.795014491994382e-15,7.114582967285246e-15,5.170588855827337e-15,True,0.12184551932853434,0.47087587555643834,True,A-B|A-C|B-B|C-A|D-A|D-C
parallelepiped-ext,wave,78,10,True,22,124,46,46,0,1.6027700785886523,14.142789230151514,23.267829556352783,14.072097023153686,1.422739313853164,14.072093535405974,0.0008430996740891317,4,1,0.02060491560347949,0.002777113194224839,0.05093083352170821,2.5202263020656352,True,True,3.3563274164711716e-14,2.6645352591003757e-14,2.040878629308206e-14,True,0.1836576614092634,0.36990647383846204,True,A-B|A-C|B-E|C-D|D-A|D-C
rectangle-same,triangle,15,10,True,3,46,8,8,0,2.9880662572672816,14.256750681970287,24.486826444050322,12.957702555116565,4.503364296152835,12.957702555116565,0.04090577671529605,2,1,0.020559576387938754,0.009424062376584084,0.05332604646359771,2.593732743194133,True,True,1.159106867033638e-14,3.447059237218225e-15,1.1066646083414887e-14,True,0.12184551932853434,0.44570029637104946,True,A-B|A-C|B-B|C-A|C-C|D-A
triangle,central-parallelepiped,36,10,True,4,193,19,19,0,1.8144306752344566,13.881082800444732,23.61004535705379,13.838959091069277,1.2321421307243476,13.838959074845485,0.0008620184063499181,4,1,0.020508070033301982,0.004925922645570731,0.04959949714242658,2.42617583409302,True,True,1.0087767680389479e-14,7.32410687763558e-15,6.936895214610187e-15,True,0.06499494250692572,0.42238175706989983,True,A-C|A-E|B-A|B-C|C-B|C-D
rhombus-ext,central-parallelepiped,78,10,True,22,72,48,48,0,9.160019696286458,14.146039942974708,23.1879728311737,14.013083305469912,1.7928931534075705,14.013077911399678,0.0040218921451185,8,1,0.020170276882126022,0.006661039593217563,0.04883134817727211,2.420955768859287,True,True,5.9746092726847654e-15,5.634860374059478e-15,1.9860273225978185e-15,True,0.22063666966826626,0.32747907437451723,True,A-A|A-C|B-D|C-E|D-B|D-C
cross,parallelepiped-int,78,10,True,8,346,37,37,0,1.7280001912190177,13.53024424774836,24.486510872432277,12.96018280813631,3.4528813959856715,12.959716151494625,0.020619113790499632,6,1,0.02014173913633712,0.00662453010711483,0.04929240859453711,2.447276685537552,True,True,1.0288408213184408,0.2016624449297004,1.0088833896522331,True,0.05015423673555699,0.4499078879065762,True,A-B|B-C|C-C|D-A|D-D|E-B
rhombus-ext,horizzontal-parallelepiped,180,10,True,40,423,103,103,0,1.6250232935282454,13.987517331058287,23.390711250678745,13.848382874666358,1.767690838253874,13.848379260946269,0.0010876033027304999,20,1,0.020036584425184918,0.006787289614715641,0.04767348472694331,2.4276557253077065,True,True,7.016398710624188e-15,5.875797014453728e-15,3.834691684006085e-15,True,0.29146942113982505,0.4179157688864527,True,A-D|A-E|B-A|C-B|D-C|D-F
central-trapezoid,base-trapezoid,168,10,True,0,605,122,122,0,1.795812089129568,14.720194866015744,21.9068424888853,14.594112501001677,1.9241873211087295,14.59411015680278,0.001144089390729519,3,1,0.020036027359331385,0.013117879953410308,0.04833409033154865,2.4123589704042803,True,True,1.1892349186100891e-14,7.464959971954173e-15,9.257555929146552e-15,True,0.07592712169616682,0.4964675099329778,True,A-B|B-B|C-A|D-D|D-E|E-C
central-trapezoid,central-parallelepiped,168,10,True,18,585,109,109,0,1.5272782257709188,13.838178762720602,23.753006499122105,13.606575231511416,2.1345075656803063,13.606533635251003,0.0011402906889994568,8,1,0.019966008866556053,0.009821055071258647,0.04823544221468049,2.4158780323631426,True,True,3.8806384372509013e-14,2.847716647714797e-14,2.6362595803518882e-14,True,0.16660526615856278,0.4531133653291396,True,A-C|B-A|C-B|D-C|D-E|E-D
cross,3X2,360,10,True,62,472,251,251,0,1.7236860272766448,13.795030595193772,25.2421148528628,13.22772176002757,3.6372846446125067,13.22749190415587,0.0235472369786347,8,1,0.01979059508055346,0.0034427642682486053,0.04891161299636677,2.4714574168832377,True,True,6.4047456679787536e-15,3.972054645195637e-15,5.0242958677880805e-15,True,0.1291823955440677,0.4964675099329778,True,A-A|B-E|C-C|D-B|D-D|E-F
cross,parallelepiped-ext,78,10,True,8,291,41,41,0,1.7279894713715584,13.564550170890328,24.29893487799426,12.865507936985798,3.5802268494410714,12.865317825320409,0.018883287855057773,8,1,0.01976843984603962,0.006676788010510555,0.048196997912643806,2.4507768274640065,True,True,9.91423566345576e-14,1.758503553725828e-14,9.757035105095794e-14,True,0.05015423673555699,0.4499078879065762,True,A-A|B-D|C-C|D-A|D-D|E-B
2X3,trapezoid-int,180,10,True,60,187,109,109,0,2.3292560518012273,12.711266445220028,25.03927448727152,12.527696887729284,2.009880561733393,12.527696887729284,0.0013081150102767225,1,1,0.01957705570900409,0.014809114894446371,0.04698695340293761,2.4001031667559114,True,True,7.746143079195815e-15,6.635382375767633e-15,3.9968028886505635e-15,True,0.05877026231621629,0.43871064769360363,True,A-B|B-A|C-C|D-D|E-B|F-C
trapezoid-ext,horizzontal-parallelepiped,180,10,True,16,435,125,125,0,1.5594212563061571,13.46892405946032,24.477462238793994,13.001840897084112,3.6603304250822255,13.001812370086459,0.021342613218902073,3,1,0.019556021583320683,0.003400716720425475,0.044790252205117995,2.445505610719117,True,True,1.0812462831356726,0.10953734448957797,1.0756835477764262,True,0.1118390222762555,0.46513388365735514,True,A-B|A-F|B-A|C-E|D-C|D-D
central-parallelepiped,central-trapezoid,168,10,True,18,517,109,109,0,1.6627359802891817,13.943621666363605,23.694440115123964,13.6784782460986,2.0857697446322767,13.67847517725641,0.0010542881807840132,14,1,0.01938351427736044,0.005842225930818703,0.047017432194615585,2.425640238495401,True,True,8.215650382226158e-15,7.742959950613002e-15,2.7465400791133423e-15,True,0.2873917752318198,0.4964675099329778,True,A-A|B-E|C-C|C-D|D-D|E-B
horizzontal-parallelepiped,trapezoid-int,180,10,True,12,572,124,124,0,1.8481951665779006,12.909033189604092,25.47139636181037,12.63270872544943,2.33519844824832,12.63270872544943,0.0013480422193872243,1,1,0.019271329366491792,0.01654175870995372,0.046404591144203915,2.4079600458124255,True,True,1.382116456984374e-14,8.807579102494405e-15,1.0651344535785507e-14,True,0.06424041954825122,0.4531133653291396,True,A-C|B-B|C-A|D-C|E-D|F-B
arrow,trapezoid-ext,78,10,True,8,215,49,49,0,1.7596762855815868,14.733158470470938,22.881256438274498,14.68848399163732,1.251883613101601,14.688483991439856,0.0013363101040315684,7,1,0.019123364339165894,0.0019165791016710534,0.046467329120814034,2.4298720819560984,True,True,1.1234667099445444e-14,8.140289677804162e-15,7.742959950613002e-15,True,0.1152799334373775,0.46111470751115125,True,A-A|B-A|C-C|C-D|D-D|E-B
rectangle-same,arrow,78,10,True,12,382,38,38,0,2.1120205976263113,13.995451592486594,25.677676234958213,12.559637546224437,4.9064193741506585,12.55912445988256,0.02816148120544959,6,1,0.01911106367172343,0.024769074342404402,0.049035080581964346,2.5703970779685386,True,True,7.446154173999841e-15,5.843455103105348e-15,4.6151104473205536e-15,True,0.05199775411844587,0.4652866157331114,True,A-A|A-D|B-B|C-C|C-E|D-C
3X2,parallelepiped-ext,180,10,True,48,506,83,83,0,1.760434636786605,13.73979915352608,23.577082435098,13.668481894372675,1.4389450061712021,13.668464204154244,0.0015771400021744597,5,1,0.018632975806472548,0.009645977817095861,0.04482983218530262,2.4059405567268572,True,True,1.324045141096702,0.6063441164409906,1.177048150297676,True,0.16084522438471513,0.46011384452647847,True,A-A|B-D|C-B|D-D|E-A|F-C
trapezoid-int,horizzontal-parallelepiped,180,10,True,13,558,131,131,0,1.730972090728389,15.355213037868209,22.54348358736462,13.530792220955906,5.608911498341886,13.530792207721888,0.00501379563174531,5,1,0.01859153710481912,0.007382593192255167,0.048057484962432465,2.5954409639762295,True,True,1.1699164437845831e-14,8.296456802059798e-15,8.248590975149166e-15,True,0.12223651377611393,0.4446994208396341,True,A-B|B-E|B-F|C-A|C-D|D-C
two-triangles,wave,360,10,True,32,959,278,278,0,1.6976455362401504,14.106127952357577,23.647168100512552,14.037800088585572,1.2466795825555101,14.03776821339185,0.0007512832179177309,10,1,0.01852384224736755,0.004756204038025583,0.04496198581237592,2.4272494449020443,True,True,8.611209269944328e-15,7.53644380168212e-15,4.165926057296536e-15,True,0.06793506083086343,0.4284189473923571,True,A-B|B-C|C-D|D-A|E-C|F-E
horizzontal-parallelepiped,triangle,90,10,True,6,223,62,62,0,1.6894088148507893,14.085082967428534,23.724029374424166,14.02790080723629,1.3577379591130412,14.027900127812874,0.001586581109901175,4,1,0.018009330032083444,0.004611621653325194,0.0435610210713798,2.4188029756674054,True,True,6.049442158684427e-15,3.985994439185401e-15,4.550560269027492e-15,True,0.12184551932853434,0.49991820261166414,True,A-C|B-B|C-A|D-A|E-C|F-B
3X2,cross,360,10,True,62,470,251,251,0,1.7596029346324558,14.788754715914072,23.238383581845017,14.7256603615286,1.3038327257988969,14.72566026335342,0.0014616590740548219,3,1,0.017950103835479955,0.005994746623507511,0.043632593995270835,2.430771119497771,True,True,1.1682163181672949e-14,8.140289677804162e-15,8.379058453350832e-15,True,0.1964415530981128,0.5174116091873102,True,A-A|B-D|C-C|D-B|E-D|F-E
trapezoid-ext,3X2,180,10,True,18,681,125,125,0,1.5731202167442422,13.586149899393376,25.19223380862187,13.087640059432971,3.6299727986316563,13.087612731223242,0.0211265934868603,1,1,0.017941631789678666,0.0027287667469671722,0.04391451268235333,2.4523207975234276,True,True,1.591960714822744e-14,1.0405935094609612e-14,1.2047838252593955e-14,True,0.05692352807979822,0.4870303894204649,True,A-B|A-F|B-D|C-C|D-A|D-E
rhombus-int,central-parallelepiped,78,10,True,22,72,48,48,0,9.316151748876454,14.220862923690646,23.396654496665196,14.1167629275958,1.8592821838492704,14.116756612674594,0.003669490937472375,5,1,0.01784273570125775,0.006664862982178271,0.043066573120422516,2.422482928009573,True,True,6.879800455918813e-15,5.329070518200751e-15,4.351167857633658e-15,True,0.2728883806373738,0.4179157688864527,True,A-A|B-C|B-E|C-B|C-C|D-D
parallelepiped-int,trapezoid-int,34,10,True,6,67,22,22,0,2.1173033401997046,12.689181246098885,25.043565637388983,12.591149490070356,1.7425233421762023,12.591135741515863,0.0008903639700950094,1,1,0.01763123046957351,0.005987086394164694,0.04250093875837693,2.4105486472836635,True,True,0.25604331015614346,0.151358108692038,0.20651610012026733,True,0.2186089017181428,0.483783135624614,True,A-B|B-A|B-C|C-B|C-D|D-C
parallelepiped-int,pyramid,180,10,True,4,633,137,137,0,1.8584882631794377,12.8646809762893,25.32988030501777,12.7186096270455,1.7564955423191626,12.7186096270455,0.0010963491480477927,14,1,0.017606158469301157,0.005355655421662881,0.04233603880395361,2.414823565659522,True,True,1.7153574486020033e-14,1.3203721447146771e-14,1.0950198975068616e-14,True,0.15863892865069784,0.41302574003819187,True,A-B|B-A|B-D|C-C|C-F|D-E
trapezoid-int,central-trapezoid,78,10,True,6,280,50,50,0,2.0240366199860924,15.505002589227445,22.73111279644274,14.208411896041891,5.4151436403629924,14.208411885174751,0.007031365363150854,3,1,0.017483598938595718,0.006086788923786121,0.04533320668187612,2.592899027316471,True,True,2.0253584144909416e-14,1.888293221827313e-14,7.32410687763558e-15,True,0.16766592184114334,0.4446994208396341,True,A-B|B-C|B-D|C-A|C-E|D-D
pyramid,parallelepiped-ext,180,10,True,8,598,122,122,0,2.127286120112335,15.42331937392104,21.681103225758577,14.890741163171722,4.576927313721004,14.890606767748668,0.01212405923753046,6,1,0.017414158781975428,0.014587215556830629,0.044048470007330524,2.529462982324648,True,True,7.906442571404721e-15,7.377398583268057e-15,2.8435583831733384e-15,True,0.05466743672882227,0.4633533918727237,True,A-C|B-D|C-A|D-D|E-B|F-A
base-trapezoid,parallelepiped-int,78,10,True,8,149,61,61,0,2.1782936112099978,14.203676193325796,25.903019089435027,13.039502120898785,6.013436482496938,13.039502120898785,0.037358342848627046,2,1,0.017411959740694018,0.0084393475364149,0.04546255237578232,2.6109957209199384,True,True,8.881784197001252e-15,3.972054645195637e-15,7.944109290391274e-15,True,0.2823858998883119,0.4652866157331114,True,A-B|B-B|B-C|C-D|D-A|E-C
central-parallelepiped,trapezoid-ext,78,10,True,12,327,44,44,0,1.6103819155046477,14.534358533442813,22.76671482304152,14.478429958880668,1.2109699698004586,14.478392342169936,0.0008485483951030659,6,1,0.017344568138725088,0.0033102605595034325,0.041694365248340054,2.4154450454097214,True,True,1.1122196307383265e-14,6.720289191984444e-15,8.862333997095065e-15,True,0.1432078908912373,0.48878242500098273,True,A-B|B-D|C-A|C-D|D-A|E-C
trapezoid-int,base-trapezoid,78,10,True,14,110,57,57,0,2.740467084258818,14.688065427800609,21.85712689189401,13.480067825781465,5.384081656244745,13.480067234137456,0.006951421880962982,4,1,0.017292529540351723,0.0034248803391453515,0.044972579304867706,2.6006940858435557,True,True,5.634860374059478e-15,1.7763568394002505e-15,5.347542221830668e-15,True,0.2603704830266705,0.5361261100948537,True,A-A|B-B|B-D|C-B|C-E|D-C
cross,central-trapezoid,168,10,True,4,699,116,116,0,1.6120639956077814,13.575329438909902,24.975441597231498,13.040960396180369,3.545232517471571,13.040507663829132,0.006945273575546196,7,1,0.017203741060654986,0.004708259043712907,0.042410697089393726,2.465202012740539,True,True,1.8223897527643367e-14,1.432144669219779e-14,1.1269720748118957e-14,True,0.4066216824137864,0.4993505740910072,True,A-D|B-B|C-E|D-A|D-D|E-C
central-parallelepiped,rhombus-int,78,10,True,22,74,48,48,0,1.6513837194289331,14.143934165735441,23.364783829569106,14.10772753850847,1.7455744351309073,14.107727197429156,0.0032361463572030402,6,1,0.016885564736380754,0.006649759763212472,0.04077799449196798,2.421508249841638,True,True,1.2983469684810479e-14,4.757227931317306e-15,1.2080532582046505e-14,True,0.18841480106450836,0.45336865794965664,True,A-A|B-B|C-B|C-C|D-D|E-C
wave,3X2,360,10,True,40,1155,263,263,0,1.5026647166301965,13.99627529464812,23.88501686916204,13.933595130859821,1.2574024992768515,13.933594655693764,0.0008110623563286623,12,1,0.016703976194829204,0.003800377285287366,0.040526833151863804,2.4261788139047447,True,True,1.670830324416033e-14,8.510784619318373e-15,1.437824545841364e-14,True,0.12537567035561295,0.45323801017551585,True,A-A|B-E|C-C|C-D|D-F|E-B
central-trapezoid,wave,168,10,True,14,486,109,109,0,1.5692487356385783,14.167456358931059,23.581383296455655,14.059689279475288,1.2909427762004246,14.059674589310061,0.0010145950761177858,6,1,0.016610758338506056,0.0032252645192688287,0.04045423930374772,2.4354239872341736,True,True,0.4059706239946778,0.1144503048858369,0.3895038834956169,True,0.4353114595891255,0.5196985145449446,True,A-A|B-B|C-C|D-C|D-E|E-D
vertical-parallelepiped,wave,360,10,True,36,1326,228,228,0,1.6735077371481415,14.033842346625951,23.44462616272012,13.9393062311395,1.4503948184285163,13.93930600093451,0.0011371616938955498,7,1,0.016333572047232934,0.00867230119606191,0.03948264805509328,2.4172696542384324,True,True,2.399249275257146e-14,2.284617830449086e-14,7.327471962526033e-15,True,0.11753978775164636,0.4668891668184871,True,A-C|B-D|C-C|D-E|E-B|F-A
arrow,wave,168,10,True,60,210,86,86,0,1.902224466342485,14.18787246189235,23.703662918037963,14.077332648393181,1.393329143382536,14.077313409252884,0.0013402052604476467,3,1,0.016275117630052682,0.006573152383923315,0.039287325270523685,2.413950311362297,True,True,6.233089088255905e-15,4.782987168225453e-15,3.9968028886505635e-15,True,0.147759826362048,0.49463167676755143,True,A-C|B-D|C-A|C-E|D-B|E-C
pentagon,trapezoid-ext,78,10,True,0,280,55,55,0,1.7475193693482,14.506265739719186,23.193278342037242,14.406143147349663,1.6634764941028708,14.406141504946955,0.003202282157523051,5,1,0.01593390397060512,0.002108606497136913,0.03867332191950441,2.427109011755624,True,True,1.0087767680389479e-14,1.7763568394002505e-15,9.930136612989092e-15,True,0.11799087689427226,0.4715401760512909,True,A-C|B-B|C-D|D-A|E-A|E-D
rhombus-ext,rhombus-ext,34,10,True,18,37,12,12,0,1.553765729050055,14.221918204868206,23.16068437875057,14.101527774808261,1.731125981282123,14.10151733645294,0.002603631761077807,3,1,0.015896052685022106,0.006335955726458832,0.03846948710420221,2.427243138312244,True,True,7.595905452671892e-15,6.0402662910232525e-15,4.605753226070495e-15,True,0.38761297608381134,0.3902008642505306,True,A-A|A-C|B-B|C-D|D-A|D-D
cross,arrow,168,10,True,12,762,95,95,0,1.5925584942606448,13.448965798299561,24.751707712509756,12.934564315111189,3.5551920023659678,12.934545125336252,0.004258119932204707,9,1,0.015776942898817207,0.005103889405298149,0.03882988029122095,2.4674900194682157,True,True,1.3609601016522979,0.5887382861996517,1.2270287806942954,True,0.14740553228158382,0.4179157688864527,True,A-D|B-E|C-C|D-B|D-C|E-A
central-trapezoid,trapezoid-int,78,10,True,6,255,54,54,0,2.0609738556487387,12.755908372295037,25.648512721235218,12.613542858771192,1.914704425039406,12.613542848148727,0.0008277837497256968,2,1,0.015689200676158775,0.005972033221589837,0.037909863518234554,2.41630305461273,True,True,9.057678187205881e-15,8.140289677804162e-15,3.972054645195637e-15,True,0.17982723174940834,0.3844888679056581,True,A-D|B-B|C-B|D-A|D-C|E-C
rectangle-same,parallelepiped-ext,34,10,True,6,86,20,20,0,2.039543579918544,13.992058104065965,25.342477034999085,12.419928507693403,5.23445518037196,12.41990715067982,0.02879799756547019,5,1,0.015672083308501148,0.023561041861123077,0.03969913913456475,2.5331117984186817,True,True,1.487792059100563e-14,1.3331924943818474e-14,6.603960811865867e-15,True,0.11017192059405818,0.4182034220705242,True,A-C|A-D|B-A|C-A|C-D|D-B
arrow,parallelepiped-int,78,10,True,8,244,48,48,0,1.5814370328862903,13.691088499106797,23.71921098750278,13.473556000175858,1.8709355864499195,13.473554293988578,0.0005933018925201594,1,1,0.015608774307356717,0.009664018962396033,0.03388189672908856,2.4059333517507437,True,True,4.070144838902081e-15,4.070144838902081e-15,0.0,True,0.06077144584341966,0.48728827906722066,True,A-B|B-D|C-A|C-C|D-B|E-C
trapezoid-int,cross,78,10,True,0,375,54,54,0,2.233931644267039,16.0382245950752,22.008723770004224,15.750470230997678,5.311611526725434,15.750346465453541,0.011979925339657527,4,1,0.01550947217786171,0.004332042518074938,0.04030175812726587,2.5985254472291315,True,True,6.646518689688359e-15,3.972054645195637e-15,5.329070518200751e-15,True,0.06713169209036864,0.39028483721018153,True,A-D|B-C|B-D|C-B|C-E|D-A
wave,central-trapezoid,168,10,True,14,510,115,115,0,1.5054897324218823,14.072013213556158,23.877423957081326,13.965761099491942,1.3870098305611842,13.965753153370649,0.0010097279963598993,3,1,0.01528949102631667,0.003825169622596655,0.03712515788019364,2.4281487079126998,True,True,1.915255390092325e-14,1.1682163181672949e-14,1.517719948885615e-14,True,0.22439286247641926,0.4964675099329778,True,A-D|B-B|C-A|C-C|D-E|E-D
hexagon,trapezoid-ext,180,10,True,12,487,127,127,0,1.7092393372863521,14.721239751649907,23.27545682023054,14.683252572692851,1.1687831861454685,14.683252572093949,0.0008810557165279675,6,1,0.015201006654111669,0.0025125207228308914,0.036842783719162664,2.4300980691474363,True,True,6.905953112992442e-15,2.3610191932795496e-15,6.4898210120014545e-15,True,0.16058004723348007,0.4770498073548985,True,A-D|B-A|C-B|D-D|E-C|F-A
base-trapezoid,wave,168,10,True,26,340,115,115,0,1.79465129750267,14.36770381540698,25.6858091745451,13.44299423957265,5.781117062292923,13.44299423957265,0.04280320727435605,3,1,0.01514031963652245,0.007357521091893455,0.03917436552083461,2.591210758659866,True,True,7.844179409424477e-15,6.936895214610187e-15,3.66205343881779e-15,True,0.21861300473033277,0.41013716395797434,True,A-C|B-C|B-E|C-B|D-D|E-A
triangle,horizzontal-parallelepiped,90,10,True,6,236,60,60,0,1.5231653801230147,14.025002705425212,23.735782198257557,13.947021896970961,1.3532985972005638,13.94702165842583,0.001137103885804791,6,1,0.015074515258817579,0.003365507207388549,0.03357132677888551,2.4163700095404597,True,True,9.565974336450906e-15,9.057678187205881e-15,3.076740298213702e-15,True,0.18632900272679512,0.483970554010485,True,A-D|A-F|B-B|B-C|C-A|C-E
trapezoid-int,rectangle-opposite,34,10,True,8,99,21,21,0,2.8440621789486666,14.721238868743196,21.53191366678626,13.386467031935235,5.399046206013928,13.386467024375461,0.006077581786444242,1,1,0.014549223514933094,0.01551749569327295,0.03552119941835332,2.5842863747837876,True,True,8.750360656168091e-15,4.351167857633658e-15,7.591847593814708e-15,True,0.17312435927950837,0.4182034220705242,True,A-D|B-A|B-B|C-C|C-D|D-A
3X2,trapezoid-ext,180,10,True,18,679,120,120,0,1.7021291881323148,14.64477983829946,23.221591127186862,14.575907089844154,1.191786063244973,14.575866709803789,0.0007592289875422154,11,1,0.014535986424794879,0.0016118538980987806,0.03525351239985531,2.432274366122743,True,True,8.730794148008032e-15,3.0206432600571967e-15,8.191610388096e-15,True,0.08155670551094917,0.5205851617528318,True,A-A|B-C|C-D|D-A|E-D|F-B
rhombus-int,pentagon,78,10,True,0,332,58,58,0,1.9256343375860876,13.85313687383157,23.13427518131009,13.652439491318036,1.8480740228550072,13.652425611361046,0.000668422294140214,5,1,0.01452919250880223,0.008170750808693793,0.03501876610153763,2.4217881971254096,True,True,7.988026212180129e-15,4.430841012054051e-15,6.646518689688359e-15,True,0.0888732057210834,0.46211737060774377,True,A-A|B-C|B-E|C-B|C-D|D-E
cross,triangle,36,10,True,2,156,23,23,0,1.614988452002534,13.657877818304186,24.81396021578534,13.108622572865816,3.5256944577157556,13.108156684417981,0.018437956175551662,4,1,0.014519966118841423,0.001731686408245293,0.03585765636477593,2.4695413247725324,True,True,8.542226509110115e-15,5.043883840194739e-15,6.89411847443645e-15,True,0.3832173847160117,0.5747465900474589,True,A-C|B-A|C-B|D-A|D-B|E-C
wave,parallelepiped-ext,78,10,True,22,106,48,48,0,1.5010104252019478,13.773137643686955,23.026147542343065,13.739185449806254,1.2834102253227937,13.73918501215713,0.0004862361830770823,3,1,0.014400347404677084,0.0027951986678491246,0.034817315070830114,2.4178107716708146,True,True,7.720641304371205e-15,3.2709212810858e-15,6.993523870246153e-15,True,0.12478898323235044,0.4931674019475872,True,A-D|B-A|C-A|C-D|D-C|E-B
trapezoid-int,central-parallelepiped,78,10,True,12,387,40,40,0,1.896444909426994,15.277350982011127,22.531689969070083,14.216742489880717,4.959178962914277,14.216675380255895,0.007127731707358365,10,1,0.01423889590981327,0.0074876840744320305,0.03666342371622156,2.5763697451332415,True,True,7.691850745534256e-15,6.936895214610187e-15,3.3232593448441795e-15,True,0.0655219212595971,0.3914966099903299,True,A-C|B-A|B-D|C-B|C-C|D-E
central-trapezoid,rhombus-int,78,10,True,2,244,61,61,0,1.6516676463702942,13.984257315415176,23.601613511972758,13.882342044750938,1.4285767375058116,13.882328578117594,0.001012108406365897,9,1,0.014216477847532874,0.0030049325749742823,0.0346493697330838,2.4372682252726086,True,True,6.624227340069088e-15,4.910148818092704e-15,4.446439748506845e-15,True,0.4932148043554867,0.5827815403642479,True,A-A|B-B|C-C|D-B|D-C|E-D
trapezoid-int,hexagon,180,10,True,12,473,135,135,0,1.9661650139426492,15.51011200773004,22.39272673992662,14.180871774626542,5.561786741283466,14.180871761770895,0.01480268051002831,3,1,0.014199105745294665,0.005263270387101716,0.036788469941327076,2.5995250360687843,True,True,1.2888154420071141e-14,5.9580819677934555e-15,1.1428288744193235e-14,True,0.14076602420384599,0.39028483721018153,True,A-B|B-D|B-F|C-A|C-E|D-C
vertical-parallelepiped,trapezoid-int,180,10,True,28,599,109,109,0,1.8983269763134638,12.766161617595548,25.392138452747435,12.594619747970272,1.782861476235104,12.594619747970272,0.0010366804300385724,7,1,0.014157737022218498,0.009884405664122922,0.03423445790619289,2.4180741493126274,True,True,1.0660453750117863e-14,7.69505501592758e-15,7.377764055609925e-15,True,0.1645067030490522,0.4531133653291396,True,A-C|B-A|C-B|D-C|E-D|F-B
parallelepiped-ext,arrow,78,10,True,6,281,52,52,0,1.6188993718874556,13.952160843728823,23.653091873365895,13.753768832151463,1.9052574758811578,13.753768212312382,0.0012167793422381834,6,1,0.014105550180267936,0.006058847622291813,0.035268346172107605,2.50031694768234,True,True,1.4353104442257547,0.183518788870869,1.4235297416755657,True,0.12766196525935378,0.3914966099903299,True,A-C|A-E|B-B|C-A|D-C|D-D
parallelepiped-ext,cross,78,10,True,8,283,49,49,0,2.09434284273255,14.481812580230502,22.51429567368352,14.320031604975169,1.6470897610743378,14.320019472087118,0.0012681569591439512,11,1,0.014022915380296685,0.004053366714606959,0.0351264474954308,2.5049318592327996,True,True,1.1024799733430816e-14,6.1424537428069986e-15,9.155133597044475e-15,True,0.11829472262832214,0.4804999201258812,True,A-D|A-E|B-A|C-C|D-B|D-D
pentagon,triangle,36,10,True,0,170,25,25,0,1.5863210289137104,13.834675100841864,24.014477358364726,13.707577943853774,1.7045400691336194,13.707502806384438,0.0038989263915629735,7,1,0.013962555297963595,0.0021612875148075907,0.0338801362535351,2.426499700844618,True,True,2.2955589399700368e-14,1.443119118362539e-14,1.7852165294699933e-14,True,0.14053705912792136,0.45136136748048733,True,A-C|B-C|C-A|D-B|E-A|E-B
parallelepiped-ext,central-trapezoid,78,10,True,2,275,55,55,0,1.6640535787448696,13.864034257541217,23.56536647685874,13.730034853126478,1.856546757674367,13.730033706776196,0.0011903850451826514,8,1,0.01366367354559715,0.0046536681437942574,0.03341229032667081,2.495202206463404,True,True,4.3737714791252564e-15,1.7763568394002505e-15,3.9968028886505635e-15,True,0.08154392972914445,0.3846245126357791,True,A-A|A-E|B-D|C-B|D-C|D-D
rhombus-ext,trapezoid-int,34,10,True,6,97,20,20,0,2.2479331241856113,12.867707561500906,24.8157673397157,12.797522320941548,1.2934120078064295,12.797522320941548,0.001048372413260168,4,1,0.013325852200651264,0.005299735802684116,0.03220122581681894,2.416447768739713,True,True,1.391603778983175e-14,1.3336662390266953e-14,3.973605926116015e-15,True,0.14022242576545743,0.4305510598091942,True,A-B|A-C|B-D|C-B|D-A|D-C
trapezoid-int,rhombus-int,34,10,True,0,243,19,19,0,2.2177692635078996,15.279069733821919,22.054234285381302,14.723958143104863,5.246351197864365,14.72395161762452,0.010443691447234116,7,1,0.012922157222355431,0.003339160453393324,0.0335243205489039,2.5943284833980016,True,True,8.97016233590804e-15,8.188600426433445e-15,3.66205343881779e-15,True,0.19894313501162048,0.5432711043397861,True,A-A|B-B|B-C|C-B|C-C|D-D
wave,wave,168,10,True,80,180,68,68,0,9.109432103556477,14.362515917817982,23.77067099078163,14.257973477949655,1.2276949292130908,14.257957291492325,0.0018188006490102993,10,1,0.012855251932358674,0.0017048395099938894,0.0312460777716711,2.4306079675513668,True,True,1.4086959532341126e-14,1.1339265185503894e-14,8.358438485664404e-15,True,0.21161487416956182,0.5373235440576691,True,A-D|B-A|C-B|C-C|D-C|E-E
pentagon,rhombus-ext,78,10,True,0,342,51,51,0,1.5986871400921858,13.793198624154767,24.136398124226886,13.573806526040459,2.1144386034310285,13.57380604383766,0.0028626473190609403,12,1,0.012675668104375913,0.004446402601139708,0.028291630870839184,2.412604976165284,True,True,5.687116766346677e-15,4.070144838902081e-15,3.972054645195637e-15,True,0.055590002484097276,0.39177453957125963,True,A-A|B-B|C-A|D-D|E-C|E-D
wave,rectangle-opposite,78,10,True,22,210,47,47,0,2.0301870575110765,13.685047999027237,23.055134501360243,13.59791625549896,1.5112168775418486,13.59788471440359,0.0009205272842365275,7,1,0.01261862195094715,0.006194730774213152,0.029954863219702085,2.3903211640271778,True,True,8.345340512942145e-15,3.685957161943871e-15,7.48721764591281e-15,True,0.0729537651634865,0.41981971932396717,True,A-A|B-D|C-B|C-D|D-C|E-A
parallelepiped-int,base-trapezoid,78,10,True,8,152,54,54,0,2.0356518011774427,14.964919433505358,21.42406887585966,14.902465619131693,2.181858393793326,14.902433388052994,0.0019083757791111822,14,1,0.012103784096787813,0.0030171674137087208,0.029077654958049495,2.4140124502194076,True,True,1.6110097386971715e-14,4.351167857633658e-15,1.551136925266137e-14,True,0.25310366584673355,0.4758721058984647,True,A-A|B-B|B-D|C-B|C-C|D-E
base-trapezoid,central-trapezoid,168,10,True,0,616,119,119,0,1.5211629459498544,14.159024848641298,25.960345559589243,12.77852440441309,5.9466393921729495,12.777668303820743,0.0402296234191839,17,1,0.012017997306940087,0.007875931195224603,0.031132145593531637,2.591861940847923,True,True,1.0959200373197812e-14,1.0923150274288002e-14,8.881784197001252e-16,True,0.17663837907379087,0.4361681820504353,True,A-D|B-A|B-E|C-B|D-D|E-C
trapezoid-ext,rectangle-opposite,34,10,True,4,107,23,23,0,1.6071795757232263,13.234754558260276,24.239899563188665,12.678992593809703,3.6349966146413286,12.678976945289666,0.01992020819285578,6,1,0.011976331666403946,0.0037071373840849497,0.029128837773550714,2.4417469249377186,True,True,7.513511730867176e-15,6.060638241914243e-15,4.440892098500626e-15,True,0.1239552910622084,0.46513388365735514,True,A-A|A-B|B-C|C-D|D-A|D-D
rhombus-ext,pentagon,78,10,True,0,276,58,58,0,1.8707772376382261,14.017594392842533,23.59650831100534,13.875731256842903,1.5706940426837117,13.875730019100995,0.0006854227926336165,14,1,0.01097160767969278,0.0022676377625863507,0.026787332230102476,2.4415138612441303,True,True,1.3987047740492306e-14,1.1512108063996359e-14,7.944109290391274e-15,True,0.6273863141886495,0.4638242869521035,True,A-A|A-E|B-E|C-B|D-C|D-D
arrow,parallelepiped-ext,78,10,True,6,258,58,58,0,1.5737352287070663,13.537796166222302,23.47830173144304,13.409335813834613,1.7704561657487798,13.409334384167794,0.0005829124496710136,2,1,0.010670919965899061,0.008508844724195249,0.02352749590619418,2.4088308971500774,True,True,0.46910690559541096,0.18451691828712172,0.431294326119792,True,0.06077144584341966,0.48728827906722066,True,A-A|B-D|C-A|C-C|D-B|E-D
triangle,trapezoid-ext,15,10,True,3,38,8,8,0,9.287760083514835,14.899869426948465,22.821860567287857,14.873785381598541,1.1326053114610017,14.873785154519162,0.0022893998623745304,4,1,0.010563911759488549,0.001053804120156207,0.025080435146453264,2.4392334359861514,True,True,1.8374778024090335e-14,1.1916163935586911e-14,1.3987047740492306e-14,True,0.15221291970934303,0.5552173310605173,True,A-C|A-D|B-A|B-D|C-A|C-B
wave,trapezoid-int,78,10,True,6,161,57,57,0,1.863967048885605,13.09620787157156,25.19652580546493,12.956007634498262,1.740240439639279,12.956007634498262,0.0009925527979230964,2,1,0.01049037076470637,0.003266775779398151,0.025383450826877183,2.4196905329863885,True,True,1.2434497875801753e-14,7.32410687763558e-15,1.0048591735576161e-14,True,0.05842240100979924,0.41427204311211313,True,A-A|B-C|C-B|C-D|D-C|E-B
rhombus-int,cross,78,10,True,26,130,38,38,0,1.6464860790654114,14.655656821229922,22.59669121271849,14.555077335982908,1.767681707516064,14.555058620757984,0.0027252962758321786,9,1,0.010026342393604438,0.0034121246056693687,0.024307999573862666,2.4294227339135075,True,True,6.169484474161015e-15,2.5121479338940403e-15,5.634860374059478e-15,True,0.26493669121567903,0.49463167676755143,True,A-C|B-A|B-D|C-D|C-E|D-B
central-parallelepiped,trapezoid-int,78,10,True,12,333,44,44,0,2.004102410930322,12.621087621867218,25.471026813331203,12.487406073448044,1.782534323899886,12.487406073448044,0.0009508171191701109,15,1,0.00930580972540529,0.0016130471740259617,0.021753831719897407,2.4147790863961305,True,True,1.199040866595169e-14,8.803725571481906e-15,8.140289677804162e-15,True,0.11120098750677546,0.417569255938564,True,A-C|B-A|C-B|C-C|D-D|E-B
rhombus-ext,rectangle-opposite,34,10,True,10,38,20,20,0,2.562643138207813,13.79706555853126,22.520499248070056,13.716060973019287,2.308292316880392,13.716060893857861,0.0014735376635730546,4,1,0.009226643385657636,0.006820941203377496,0.022029159085078857,2.401470691121764,True,True,1.2397269499773425e-14,1.1049368807067472e-14,5.6217203786222585e-15,True,0.134863492402877,0.3892155522973273,True,A-A|A-D|B-B|C-D|D-A|D-C
3X2,trapezoid-int,180,10,True,12,723,124,124,0,1.8380116364355703,12.63697506608857,25.5300735271664,12.487343005136546,1.7190237722919148,12.487315141077852,0.0009141399686942719,5,1,0.009140539910525049,0.004100041736523728,0.022121138669788445,2.4201129130585204,True,True,8.331852114593072e-15,7.32410687763558e-15,3.972054645195637e-15,True,0.05881195075331665,0.47538038908183505,True,A-D|B-B|C-B|D-C|E-A|F-C
triangle,rhombus-ext,15,10,True,1,69,9,9,0,9.205580603107864,14.075813279027349,23.390160767043156,14.055434398162284,0.9491832479905079,14.055434358849256,0.0010512485029199325,4,1,0.00901167004919784,0.0024958434751779,0.02114484694722883,2.4313543264109994,True,True,1.3610084544454853e-14,1.3091219639867969e-14,3.722145839155691e-15,True,0.06259513437588778,0.47155867269229795,True,A-C|A-D|B-A|B-B|C-A|C-D
trapezoid-int,3X2,180,10,True,12,755,126,126,0,1.5789857718106866,15.399088123624447,22.602894708194782,14.009331640630789,5.1975529016273745,14.009331629243238,0.006421638579746869,8,1,0.008911733771172806,0.003951577692524127,0.021850583214762933,2.6036038596510727,True,True,1.7326594536814537e-14,1.2210434516706244e-14,1.2292931593253095e-14,True,0.18236144282815786,0.5034916565764344,True,A-E|B-C|B-F|C-B|C-D|D-A
pentagon,parallelepiped-int,78,10,True,0,362,51,51,0,1.5968233806021037,13.629609004949778,24.009878706376355,13.309685189080067,2.3008805502140897,13.309601066242017,0.00224067069830447,18,1,0.008604036644416054,0.004600864662158493,0.019307184462896882,2.424391483212162,True,True,4.165926057296536e-15,1.9860273225978185e-15,3.66205343881779e-15,True,0.12814405322857025,0.46427486582917804,True,A-A|B-B|C-D|D-C|E-B|E-C
rectangle-opposite,rectangle-same,34,10,True,14,38,16,16,0,3.907519444295706,14.740257819558462,21.485353580373047,13.832694271499019,3.723191938643984,13.832640730170738,0.007316218068822877,4,1,0.00851744037534402,0.04024700554957293,0.01877282053849366,2.394756282743749,True,True,1.1791383911365253e-14,1.7763568394002505e-15,1.1656813068944672e-14,True,0.11438341085494365,0.31140856846121034,True,A-A|A-C|B-A|C-B|D-C|D-D
rectangle-opposite,trapezoid-int,34,10,True,8,102,18,18,0,2.182952830606134,12.680540731648595,24.43537872533102,12.162540414967658,2.3939604219436896,12.162540414967658,0.0019594817158763433,4,1,0.008138260224829203,0.009568420193813546,0.019627930614420846,2.4118091670917017,True,True,9.404840721559613e-15,6.2842938400131246e-15,6.9970479439745904e-15,True,0.21173903186249862,0.43871064769360363,True,A-A|A-B|B-B|C-C|D-C|D-D
rectangle-same,trapezoid-ext,34,10,True,10,83,17,17,0,2.1572386858480197,14.719223346165938,23.692892088215736,12.90509637888869,4.21459791996392,12.903466392980647,0.045427644147453705,5,1,0.008073773074009836,0.00412762922774141,0.019675699650869974,2.604558852871697,True,True,1.3730905153988277e-14,9.230220894641107e-15,1.0165666657133341e-14,True,0.15302593046758922,0.4505064537163253,True,A-A|A-D|B-A|C-B|C-D|D-C
3X2,rhombus-int,180,10,True,72,200,86,86,0,1.5646522741564446,14.19871742112938,23.773145803137453,14.172114736016184,1.2304964584170603,14.17210077923865,0.0017572195399004897,15,1,0.007245062586917403,0.0017234347020384632,0.0174248011736094,2.435307183749543,True,True,1.0170515532513834e-14,8.906729185356879e-15,4.910148818092704e-15,True,0.13199573437863452,0.5089644839199717,True,A-B|B-D|C-A|D-B|E-C|F-C
rectangle-same,rhombus-int,34,10,True,8,75,18,18,0,2.049666960491487,14.003800367972682,25.45994586978667,12.606366919595677,4.875482017943046,12.606319326600415,0.034640254863965936,5,1,0.006865775071486839,0.025029374853860774,0.016449337345932943,2.5835662230267906,True,True,5.7918777414010455e-15,2.552456819590322e-15,5.1991164591172345e-15,True,0.11764358390307615,0.41115190529900336,True,A-A|A-D|B-B|C-B|C-C|D-C
hexagon,trapezoid-int,180,10,True,12,423,138,138,0,1.6823599262733056,12.985158926781585,25.371546581188387,12.833578319997203,1.8336480423516734,12.833578319997203,0.0010458769096839404,15,1,0.006513524537315105,0.0023043292754666117,0.014961596455079355,2.4167875764920597,True,True,1.0986160316453369e-14,8.926082647349967e-15,6.4047456679787536e-15,True,0.08515938301970953,0.41427204311211313,True,A-B|B-A|C-D|D-C|E-C|F-B
parallelepiped-int,central-parallelepiped,78,10,True,18,332,42,42,0,1.9252700549143693,13.649348917830022,23.27183353116092,13.483408293422865,2.0087783710606892,13.48338160536264,0.001295452326413482,13,1,0.0064496257878104354,0.003557621606213583,0.014095751530418938,2.398319984934042,True,True,0.415162116741182,0.08888600421152597,0.40553527766684794,True,0.06381402746950593,0.32651322683833955,True,A-C|B-A|B-E|C-C|C-D|D-B
trapezoid-int,arrow,78,10,True,8,228,53,53,0,1.710435843632402,15.074335728827876,21.43386448309601,13.502524244385746,5.198277159249034,13.502524229099496,0.004010603750794317,9,1,0.005655148187031923,0.0029705676277679924,0.014699944422938196,2.599391552045852,True,True,1.4099395310285296e-14,8.140289677804162e-15,1.1512108063996359e-14,True,0.27131583824297517,0.447246773371714,True,A-B|B-A|B-C|C-D|C-E|D-C
trapezoid-int,wave,78,10,True,6,158,57,57,0,1.9976753841402832,15.51123046278037,22.353309592151156,13.961081001649738,5.608233131521294,13.96108098952361,0.00680862370641222,10,1,0.005566257704988132,0.0008412814271092866,0.014485771617601282,2.6024256125655194,True,True,3.66205343881779e-15,2.5121479338940403e-15,2.6645352591003757e-15,True,0.2376378675901505,0.5037404341867917,True,A-A|B-C|B-D|C-B|C-C|D-E
cross,trapezoid-int,78,10,True,0,344,56,56,0,2.097300633029486,13.656337430838363,25.920053100273137,13.351675800447605,3.6256207632994055,13.351675800447605,0.012400275229572877,10,1,0.005206708304071608,0.0020549155562513645,0.012621021786364636,2.456466300704347,True,True,1.30836851243432e-14,6.466036496704424e-15,1.1374233532693354e-14,True,0.14022242576545743,0.4801727562418158,True,A-C|B-D|C-C|D-A|D-B|E-B
trapezoid-int,rhombus-ext,34,10,True,6,108,19,19,0,2.8775910780646923,15.65474064220688,21.851416673352816,15.001306839876207,5.290583734907196,15.001243500401653,0.014503098112298218,5,1,0.005194147458720246,0.002527334879118356,0.01348585797935385,2.596356396604217,True,True,1.551136925266137e-14,5.329070518200751e-15,1.4567209187227738e-14,True,0.19894313501162048,0.4825720176884886,True,A-A|B-A|B-B|C-C|C-D|D-D
rectangle-same,trapezoid-int,34,10,True,10,79,18,18,0,2.417512284688459,13.007739452401031,26.32621520410531,11.423646238780123,4.895286611649243,11.422480713153602,0.012172221376099301,3,1,0.0044069780570427245,0.00742513305150703,0.010222964769458146,2.5547443549136006,True,True,1.133217189230839e-14,1.0444074955076942e-14,4.397660529140337e-15,True,0.21173903186249862,0.43871064769360363,True,A-B|A-C|B-B|C-A|C-C|D-D
two-triangles,parallelepiped-ext,180,10,True,28,491,131,131,0,1.5603562931891537,13.695857341525251,24.01663577580991,13.56253330268901,1.430799983496403,13.562532797408961,0.0007672853013751535,3,1,0.0043291853420049905,0.0016328814959263745,0.010189421638861182,2.4359011421883374,True,True,3.552713678800501e-15,1.7763568394002505e-15,3.076740298213702e-15,True,0.3975778462678227,0.5102897237474906,True,A-A|B-A|C-B|D-D|E-C|F-D
rhombus-int,central-trapezoid,78,10,True,2,252,53,53,0,1.821701522306903,14.067005369465566,23.660921495417718,14.00928367917956,1.4697600045121249,14.009273689492222,0.0010370583109189369,16,1,0.0035448278724080256,0.0020898557236898613,0.008315108634720523,2.4226285569953228,True,True,8.167499635613815e-15,7.32410687763558e-15,3.614624287906422e-15,True,0.05386257358076716,0.4993505740910072,True,A-D|B-A|B-D|C-B|C-C|D-E
base-trapezoid,trapezoid-ext,78,10,True,14,105,56,56,0,1.6680818824333647,14.77486567311382,24.090385056510858,13.10907749079329,5.23787154106138,13.107460759349161,0.0065525491697702165,4,1,0.003539236675386,0.0012565590208693544,0.00913369057170386,2.6015647401685924,True,True,0.015488742296953316,0.005258953208641507,0.014568615208411191,True,0.09778281038625172,0.48348173005233935,True,A-B|B-A|B-D|C-D|D-C|E-A
trapezoid-ext,pentagon,78,10,True,0,263,55,55,0,1.6994470164092768,13.690309986215404,24.703612748432935,13.21145987407296,3.704760016265382,13.21126759754559,0.02116937494126958,14,1,0.0034731674056868002,0.0008795678630758969,0.00832648681168927,2.4547802781843946,True,True,8.26580427636076e-15,8.236627820231227e-15,6.938893903907228e-16,True,0.16664270816187765,0.3899091489862252,True,A-A|A-E|B-C|C-D|D-B|D-E
central-trapezoid,trapezoid-ext,78,10,True,2,216,60,60,0,1.5345977740148369,14.680144090794066,23.011315074300782,14.605688487188157,1.315532577417154,14.605673414174372,0.0008084845379450201,10,1,0.003091087819733891,0.00044546380606368363,0.007515543360109561,2.436782921928419,True,True,1.355957621051357e-14,3.669898020515966e-15,1.3053503572900977e-14,True,0.13796503580636904,0.598733929432745,True,A-A|B-D|C-C|D-A|D-B|E-D
trapezoid-int,2X3,180,10,True,60,175,109,109,0,2.4044128309778716,14.978570343576413,21.826468908118592,13.773465524702118,5.394526106735735,13.773465512910503,0.005921240910092607,11,1,0.002673161394393795,0.0016324974214767525,0.0066733186479751,2.592849208216507,True,True,9.842211965668027e-15,7.464627794690854e-15,6.414707184577301e-15,True,0.189187017579052,0.4824672296799091,True,A-D|B-A|B-E|C-B|C-F|D-C
trapezoid-int,trapezoid-int,34,10,True,16,70,11,11,0,3.152730110845229,15.309258839698918,22.81220422801124,14.104564484863054,5.329252791162817,14.104563807460192,0.0071003821763255814,6,1,0.002218124302391675,0.0004500068929581758,0.00572613649092794,2.5979552311570706,True,True,6.646518689688359e-15,5.329070518200751e-15,3.972054645195637e-15,True,0.0752543297563016,0.4446994208396341,True,A-B|B-B|B-C|C-A|C-C|D-D
rhombus-int,3X2,180,10,True,72,197,87,87,0,9.219920873879875,14.214663721990124,23.7394038684956,14.173985891782628,1.1797042917595477,14.173956993996272,0.0024601684243474864,17,1,0.00163625935957494,0.0013226793820513998,0.003892081917649247,2.434525695494831,True,True,4.440892098500626e-15,4.351167857633658e-15,8.881784197001252e-16,True,0.27119639624424113,0.45323801017551585,True,A-C|B-A|B-D|C-E|C-F|D-B
triangle,pentagon,36,10,True,0,169,25,25,0,1.852505108793027,14.096779929204903,23.54542025615109,14.03256575179832,1.151727777159441,14.032565276112203,0.0006999927895581237,11,1,0.0014486839106557182,0.00020945640977783334,0.0035118983822162633,2.4304511763422956,True,True,1.2505665694398903e-14,9.057678187205881e-15,8.62265274246159e-15,True,0.4096771928120337,0.5260909297008565,True,A-D|A-E|B-A|B-B|C-C|C-E
two-triangles,parallelepiped-int,180,10,True,36,374,124,124,0,1.7696490588665728,13.821202013245902,23.077607402998584,13.636256635955892,1.5842715484032488,13.636143143904096,0.0008253642420008589,16,1,0.0012898259865302699,0.0005249173558668489,0.003020862672784076,2.4187157903332053,True,True,1.578860494311767e-14,3.972054645195637e-15,1.5280799322856756e-14,True,0.20044111509876364,0.4182034220705242,True,A-D|B-B|C-A|D-B|E-C|F-C
trapezoid-ext,cross,78,10,True,0,325,62,62,0,1.6960087579371939,14.358003343228766,24.186863482161723,13.913950103866812,3.644570895821639,13.913930956968754,0.02166474240398486,15,1,0.0006181033517267034,0.0001406372172550573,0.0015007488163713684,2.4530088433658785,True,True,8.108619337311668e-15,5.5000878922503766e-15,5.9580819677934555e-15,True,0.08908225723979857,0.44137944136830126,True,A-D|A-E|B-C|C-B|D-A|D-D
triangle,wave,36,10,True,2,64,27,27,0,1.6496088757895837,14.4679551833513,23.91055767145954,14.320839165753345,1.296516209474058,14.32082466350635,0.0009043952888099227,6,1,0.0004967801411943464,7.28918882310734e-05,0.0012020243945178115,2.4367633842901477,True,True,8.14331749627517e-15,6.5906489508797204e-15,4.782987168225453e-15,True,0.19300521245571095,0.47155867269229795,True,A-D|A-E|B-B|B-C|C-A|C-C
arrow,arrow,168,10,True,61,112,97,97,0,1.591582342726443,14.107267866196787,23.708579513654715,13.928395954791128,1.8528144852187576,13.928395471256216,0.0013601945691013029,10,1,0.0003870811219280917,0.0003406050341584762,0.0009002830851355225,2.430197751724961,True,True,1.03578512786223e-14,9.057678187205881e-15,5.0242958677880805e-15,True,0.12488175048311775,0.42827695480702754,True,A-A|B-C|C-C|C-D|D-E|E-B
rectangle-opposite,parallelepiped-ext,34,10,True,14,72,12,12,0,8.87220032459306,13.779756782404949,21.684346795900137,13.40678887567418,2.3205115070658278,13.406559255641671,0.004883419521591215,8,1,0.0003712858141075831,0.0007152754155266301,0.0008627391031825569,2.412370329398192,True,True,1.102200432789045e-14,9.565974336450906e-15,5.475099487534308e-15,True,0.20044111509876364,0.4182034220705242,True,A-A|A-D|B-A|C-B|D-C|D-D
central-trapezoid,triangle,36,10,True,0,119,28,28,0,1.5629324320120588,14.102781373520829,23.847079539586513,13.963034505381062,1.3339524149833006,13.963033209450256,0.0006247900549656293,8,1,0.0003686074934164668,6.620261734025632e-05,0.000895017318018574,2.4319250070655203,True,True,7.742959950613002e-15,5.617333549722722e-15,5.329070518200751e-15,True,0.1937070374881085,0.5173033260288231,True,A-A|B-A|C-B|D-B|D-C|E-C
wave,trapezoid-ext,78,10,True,6,109,60,60,0,1.7884313122121804,14.974234061321416,23.12752982283207,14.884200522704235,1.1715721326853141,14.88420042670629,0.0016178480249191551,9,1,0.0003330648991006407,8.264084187606723e-05,0.0007953805123252948,2.438764055401867,True,True,7.377764055609925e-15,5.329070518200751e-15,5.102196573270515e-15,True,0.13811276357697083,0.5104643952920104,True,A-A|B-D|C-A|C-D|D-B|E-C
rhombus-int,triangle,15,10,True,0,81,9,9,0,9.188472752476875,14.018415942272304,23.088270468719244,14.002605402535318,1.052501374487684,14.002605096786068,0.000662887481189145,6,1,0.00026201600129871814,0.00014090874838749217,0.0006217401724715798,2.4266014391049375,True,True,0.08669986583174903,0.06665721785704298,0.05544079763858014,True,0.21285120955885786,0.45763061220724666,True,A-C|B-A|B-B|C-A|C-C|D-B
rhombus-int,trapezoid-ext,34,10,True,0,175,23,23,0,9.15913665381141,14.627952570590793,23.07259283598621,14.566827969246308,0.9271776089725938,14.566827844721372,0.0007009753481579395,10,1,0.0001671084450364809,4.845944011174741e-05,0.000398929227812045,2.429062283815956,True,True,8.747542958250513e-15,5.102196573270515e-15,7.105427357601002e-15,True,0.16743896231077318,0.4770498073548985,True,A-B|B-A|B-D|C-C|C-D|D-A
triangle,hexagon,90,10,True,18,199,54,54,0,1.511364385663011,14.1096056257697,24.159875874048993,14.046496572233883,1.3407907978838451,14.046495508656205,0.00097969614770399,18,1,6.183071094329662e-05,6.4361884224054146e-06,0.0001487063266948322,2.424740910337314,True,True,5.0242958677880805e-15,4.351167857633658e-15,2.5121479338940403e-15,True,0.15334703502323055,0.47155867269229795,True,A-A|A-B|B-E|B-F|C-C|C-D
line,line,6,10,False,6,0,0,0,0,,,,,,,,0,0,,,,,,,,,,,,,,
line,diagonal,6,10,False,6,0,0,0,0,,,,,,,,0,0,,,,,,,,,,,,,,
line,triangle,6,10,False,6,0,0,0,0,,,,,,,,0,0,,,,,,,,,,,,,,
line,rectangle-same,15,10,False,15,0,0,0,0,,,,,,,,0,0,,,,,,,,,,,,,,
line,rectangle-opposite,15,10,False,15,0,0,0,0,,,,,,,,0,0,,,,,,,,,,,,,,
line,rhombus-ext,15,10,False,15,0,0,0,0,,,,,,,,0,0,,,,,,,,,,,,,,
line,rhombus-int,15,10,False,15,0,0,0,0,,,,,,,,0,0,,,,,,,,,,,,,,
line,parallelepiped-ext,15,10,False,15,0,0,0,0,,,,,,,,0,0,,,,,,,,,,,,,,
line,parallelepiped-int,15,10,False,15,0,0,0,0,,,,,,,,0,0,,,,,,,,,,,,,,
line,trapezoid-ext,15,10,False,15,0,0,0,0,,,,,,,,0,0,,,,,,,,,,,,,,
line,trapezoid-int,15,10,False,15,0,0,0,0,,,,,,,,0,0,,,,,,,,,,,,,,
line,pentagon,36,10,False,36,0,0,0,0,,,,,,,,0,0,,,,,,,,,,,,,,
line,arrow,36,10,False,36,0,0,0,0,,,,,,,,0,0,,,,,,,,,,,,,,
line,cross,36,10,False,36,0,0,0,0,,,,,,,,0,0,,,,,,,,,,,,,,
line,central-trapezoid,36,10,False,36,0,0,0,0,,,,,,,,0,0,,,,,,,,,,,,,,
line,wave,36,10,False,36,0,0,0,0,,,,,,,,0,0,,,,,,,,,,,,,,
line,base-trapezoid,36,10,False,36,0,0,0,0,,,,,,,,0,0,,,,,,,,,,,,,,
line,central-parallelepiped,36,10,False,36,0,0,0,0,,,,,,,,0,0,,,,,,,,,,,,,,
line,2X3,90,10,False,90,0,0,0,0,,,,,,,,0,0,,,,,,,,,,,,,,
line,two-triangles,90,10,False,90,0,0,0,0,,,,,,,,0,0,,,,,,,,,,,,,,
line,vertical-parallelepiped,90,10,False,90,0,0,0,0,,,,,,,,0,0,,,,,,,,,,,,,,
line,pyramid,90,10,False,90,0,0,0,0,,,,,,,,0,0,,,,,,,,,,,,,,
line,horizzontal-parallelepiped,90,10,False,90,0,0,0,0,,,,,,,,0,0,,,,,,,,,,,,,,
line,3X2,90,10,False,90,0,0,0,0,,,,,,,,0,0,,,,,,,,,,,,,,
line,hexagon,90,10,False,90,0,0,0,0,,,,,,,,0,0,,,,,,,,,,,,,,
diagonal,line,6,10,False,6,0,0,0,0,,,,,,,,0,0,,,,,,,,,,,,,,
diagonal,diagonal,6,10,False,6,0,0,0,0,,,,,,,,0,0,,,,,,,,,,,,,,
diagonal,triangle,6,10,False,6,0,0,0,0,,,,,,,,0,0,,,,,,,,,,,,,,
diagonal,rectangle-same,15,10,False,15,0,0,0,0,,,,,,,,0,0,,,,,,,,,,,,,,
diagonal,rectangle-opposite,15,10,False,15,0,0,0,0,,,,,,,,0,0,,,,,,,,,,,,,,
diagonal,rhombus-ext,15,10,False,15,0,0,0,0,,,,,,,,0,0,,,,,,,,,,,,,,
diagonal,rhombus-int,15,10,False,15,0,0,0,0,,,,,,,,0,0,,,,,,,,,,,,,,
diagonal,parallelepiped-ext,15,10,False,15,0,0,0,0,,,,,,,,0,0,,,,,,,,,,,,,,
diagonal,parallelepiped-int,15,10,False,15,0,0,0,0,,,,,,,,0,0,,,,,,,,,,,,,,
diagonal,trapezoid-ext,15,10,False,15,0,0,0,0,,,,,,,,0,0,,,,,,,,,,,,,,
diagonal,trapezoid-int,15,10,False,15,0,0,0,0,,,,,,,,0,0,,,,,,,,,,,,,,
diagonal,pentagon,36,10,False,36,0,0,0,0,,,,,,,,0,0,,,,,,,,,,,,,,
diagonal,arrow,36,10,False,36,0,0,0,0,,,,,,,,0,0,,,,,,,,,,,,,,
diagonal,cross,36,10,False,36,0,0,0,0,,,,,,,,0,0,,,,,,,,,,,,,,
diagonal,central-trapezoid,36,10,False,36,0,0,0,0,,,,,,,,0,0,,,,,,,,,,,,,,
diagonal,wave,36,10,False,36,0,0,0,0,,,,,,,,0,0,,,,,,,,,,,,,,
diagonal,base-trapezoid,36,10,False,36,0,0,0,0,,,,,,,,0,0,,,,,,,,,,,,,,
diagonal,central-parallelepiped,36,10,False,36,0,0,0,0,,,,,,,,0,0,,,,,,,,,,,,,,
diagonal,2X3,90,10,False,90,0,0,0,0,,,,,,,,0,0,,,,,,,,,,,,,,
diagonal,two-triangles,90,10,False,90,0,0,0,0,,,,,,,,0,0,,,,,,,,,,,,,,
diagonal,vertical-parallelepiped,90,10,False,90,0,0,0,0,,,,,,,,0,0,,,,,,,,,,,,,,
diagonal,pyramid,90,10,False,90,0,0,0,0,,,,,,,,0,0,,,,,,,,,,,,,,
diagonal,horizzontal-parallelepiped,90,10,False,90,0,0,0,0,,,,,,,,0,0,,,,,,,,,,,,,,
diagonal,3X2,90,10,False,90,0,0,0,0,,,,,,,,0,0,,,,,,,,,,,,,,
diagonal,hexagon,90,10,False,90,0,0,0,0,,,,,,,,0,0,,,,,,,,,,,,,,
triangle,line,6,10,False,6,0,0,0,0,,,,,,,,0,0,,,,,,,,,,,,,,
triangle,diagonal,6,10,False,6,0,0,0,0,,,,,,,,0,0,,,,,,,,,,,,,,
triangle,triangle,6,10,False,3,18,1,1,0,9.35409232530622,14.39894903837468,23.6349598148313,14.342840769894515,1.3087666567687806,14.34282661765914,0.002517243210602871,2,0,,,,,,,,,,,,,,
triangle,rectangle-same,15,10,False,3,46,8,8,0,2.71934649752207,15.000325323929204,20.619423310080666,14.981789150834388,1.7601620153853026,14.981776945430017,0.0009505303356274197,4,0,,,,,,,,,,,,,,
triangle,parallelepiped-ext,15,10,False,2,27,11,11,0,1.6328953120549752,13.894591862233401,22.80110165510218,13.859666809284466,1.1687596723407603,13.859653963667698,0.0006699075723357595,2,0,,,,,,,,,,,,,,
triangle,parallelepiped-int,15,10,False,2,27,10,10,0,9.239844269599315,14.0204664185315,23.23924810645022,14.00089043515172,0.7356568456756586,14.000875664327966,0.001185187919537256,3,0,,,,,,,,,,,,,,
triangle,trapezoid-int,15,10,False,3,14,11,11,0,9.61915467392692,13.183030203806922,24.902831896819826,13.095022704684052,1.1803464308704166,13.095022704684052,0.0008579368699059842,1,0,,,,,,,,,,,,,,
triangle,cross,36,10,False,2,185,27,27,0,1.717903325282359,14.58173545546119,22.884877413729292,14.549780712699755,0.9584657871863755,14.549780712360624,0.0006515502639121706,7,0,,,,,,,,,,,,,,
triangle,central-trapezoid,36,10,False,0,123,28,28,0,1.5182734495742163,13.95293609741963,23.863747382992212,13.853661939341656,1.463562145591128,13.853635582416945,0.000851041688397558,8,0,,,,,,,,,,,,,,
triangle,base-trapezoid,36,10,False,6,63,25,25,0,1.8010334362906126,14.144773684030188,20.928860311465268,14.006351197029792,1.1784948481675719,14.006351195522365,0.0006801088383827647,5,0,,,,,,,,,,,,,,
triangle,two-triangles,90,10,False,8,376,47,47,0,1.5940706424226598,14.050957632974733,23.843650495800635,13.965517212160712,1.2962389924166566,13.965516202698566,0.0011034462929480071,20,0,,,,,,,,,,,,,,
triangle,pyramid,90,10,False,8,311,51,51,0,2.4813970650469077,13.072362215773074,25.418515843373825,12.983533742254853,1.2453575639699623,12.983533742254853,0.0012543629636194709,20,0,,,,,,,,,,,,,,
triangle,3X2,90,10,False,6,366,67,67,0,1.581629651456861,13.992694552514719,24.08240380179459,13.946969060572048,1.105868359275551,13.946961574965854,0.0007475852378657777,17,0,,,,,,,,,,,,,,
rectangle-same,line,15,10,False,15,0,0,0,0,,,,,,,,0,0,,,,,,,,,,,,,,
rectangle-same,diagonal,15,10,False,15,0,0,0,0,,,,,,,,0,0,,,,,,,,,,,,,,
rectangle-same,rectangle-same,34,10,False,19,38,11,11,0,3.072391689854499,15.061262282667897,22.619876254315656,13.395175319096062,5.9111865233320335,13.395067069834884,0.03543238011502403,4,0,,,,,,,,,,,,,,
rectangle-same,rectangle-opposite,34,10,False,14,39,16,16,0,2.031174547121908,14.333343289180565,25.570734074859057,12.64778274741602,5.721201704090414,12.64773939383796,0.022775602211082102,4,0,,,,,,,,,,,,,,
rectangle-same,rhombus-ext,34,10,False,14,55,14,14,0,2.492903995138851,13.973612400901953,24.727651183778033,12.732534569313472,4.715722598198358,12.73247660634914,0.04365238299974905,6,0,,,,,,,,,,,,,,
rectangle-same,parallelepiped-int,34,10,False,6,85,22,22,0,2.1861189118789515,14.262177059877587,25.174247633354124,12.778863780203231,4.733334815350597,12.778863780203231,0.023637634562133414,6,0,,,,,,,,,,,,,,
rectangle-opposite,line,15,10,False,15,0,0,0,0,,,,,,,,0,0,,,,,,,,,,,,,,
rectangle-opposite,diagonal,15,10,False,15,0,0,0,0,,,,,,,,0,0,,,,,,,,,,,,,,
rhombus-ext,line,15,10,False,15,0,0,0,0,,,,,,,,0,0,,,,,,,,,,,,,,
rhombus-ext,diagonal,15,10,False,15,0,0,0,0,,,,,,,,0,0,,,,,,,,,,,,,,
rhombus-ext,rhombus-int,34,10,False,18,0,16,16,0,,,,,,,,0,0,,,,,,,,,,,,,,
rhombus-ext,parallelepiped-ext,34,10,False,10,33,21,21,0,9.06533602695746,13.725940026822494,22.388017337379075,13.654317883697225,1.48488911350473,13.654317745951452,0.001939497131550283,3,0,,,,,,,,,,,,,,
rhombus-int,line,15,10,False,15,0,0,0,0,,,,,,,,0,0,,,,,,,,,,,,,,
rhombus-int,diagonal,15,10,False,15,0,0,0,0,,,,,,,,0,0,,,,,,,,,,,,,,
rhombus-int,rectangle-opposite,34,10,False,10,37,21,21,0,2.6399825939785386,13.773685355177669,22.389028084493667,13.486510231573993,2.220987471794003,13.486482776394062,0.0013237672475181483,3,0,,,,,,,,,,,,,,
rhombus-int,rhombus-ext,34,10,False,18,0,16,16,0,,,,,,,,0,0,,,,,,,,,,,,,,
rhombus-int,rhombus-int,34,10,False,18,38,12,12,0,1.525441680173364,14.09886875858204,22.876086237157704,13.960234186549094,1.733960267318935,13.960228551290994,0.0028951067053757384,4,0,,,,,,,,,,,,,,
rhombus-int,trapezoid-int,34,10,False,0,198,25,25,0,1.937206576168219,12.658852904601895,25.07499374638255,12.416699502934481,1.774728821692983,12.416692588865704,0.0008843545207373182,9,0,,,,,,,,,,,,,,
rhombus-int,wave,78,10,False,14,349,32,32,0,1.692969310830029,13.980777759270893,23.718836617811746,13.834301739151243,1.4907502258228487,13.834301584510937,0.0008512533237929887,20,0,,,,,,,,,,,,,,
parallelepiped-ext,line,15,10,False,15,0,0,0,0,,,,,,,,0,0,,,,,,,,,,,,,,
parallelepiped-ext,diagonal,15,10,False,15,0,0,0,0,,,,,,,,0,0,,,,,,,,,,,,,,
parallelepiped-ext,triangle,15,10,False,2,26,11,11,0,9.181037544027964,14.000884441036927,22.739107867071002,13.915767829363755,1.4529368662487585,13.915762364804351,0.0008574358454556119,2,0,,,,,,,,,,,,,,
parallelepiped-ext,rectangle-same,34,10,False,6,82,22,22,0,2.558328410796098,14.124982821459586,20.94949536851689,13.630749054339105,2.1710210457927417,13.630184844495748,0.001287313702595938,6,0,,,,,,,,,,,,,,
parallelepiped-ext,rectangle-opposite,34,10,False,14,70,18,18,0,2.0137541628713946,13.49647750235501,21.527345552693482,13.290488490678214,2.32448849430734,13.290486357092686,0.0009389681363289881,2,0,,,,,,,,,,,,,,
parallelepiped-ext,parallelepiped-ext,34,10,False,18,34,14,14,0,9.124645778642792,13.963491677457446,21.85730772411576,13.882465494873511,1.4143629188911233,13.882455618330388,0.0013016196287445325,2,0,,,,,,,,,,,,,,
parallelepiped-ext,parallelepiped-int,34,10,False,18,0,16,16,0,,,,,,,,0,0,,,,,,,,,,,,,,
parallelepiped-ext,trapezoid-ext,34,10,False,6,59,24,24,0,1.835966501793686,14.610459470206303,22.12547289430288,14.537660413010196,1.3330441493439091,14.537660408863442,0.0009645543213370189,4,0,,,,,,,,,,,,,,
parallelepiped-ext,trapezoid-int,34,10,False,6,66,22,22,0,2.4445218349592537,12.905691985378693,24.973377761682578,12.614102269039716,2.33427953502946,12.614095727945477,0.0014889632253289875,6,0,,,,,,,,,,,,,,
parallelepiped-int,line,15,10,False,15,0,0,0,0,,,,,,,,0,0,,,,,,,,,,,,,,
parallelepiped-int,diagonal,15,10,False,15,0,0,0,0,,,,,,,,0,0,,,,,,,,,,,,,,
parallelepiped-int,triangle,15,10,False,2,25,12,12,0,9.260596967592862,13.990686647275218,23.08387203516048,13.958018745511696,0.8617871273792689,13.957997028188222,0.0005653398172054125,1,0,,,,,,,,,,,,,,
parallelepiped-int,parallelepiped-ext,34,10,False,18,0,16,16,0,,,,,,,,0,0,,,,,,,,,,,,,,
parallelepiped-int,parallelepiped-int,34,10,False,18,34,14,14,0,9.269761875703923,14.036698132217069,21.98862903555371,13.943382540937002,1.3790725556929395,13.943365441047273,0.0015182442158794274,2,0,,,,,,,,,,,,,,
parallelepiped-int,trapezoid-ext,34,10,False,6,50,26,26,0,9.190715887913338,14.643059004628256,22.308055025890365,14.521783076033188,0.9292095824712326,14.521783073448944,0.0004749739367859718,2,0,,,,,,,,,,,,,,
parallelepiped-int,wave,78,10,False,18,122,52,52,0,1.6085609021176628,14.190253745924968,23.28388127459898,14.14754893635963,1.3125669629526153,14.147531513389662,0.0009427765995315696,8,0,,,,,,,,,,,,,,
trapezoid-ext,line,15,10,False,15,0,0,0,0,,,,,,,,0,0,,,,,,,,,,,,,,
trapezoid-ext,diagonal,15,10,False,15,0,0,0,0,,,,,,,,0,0,,,,,,,,,,,,,,
trapezoid-ext,triangle,15,10,False,3,37,8,8,0,9.8089213678791,13.9357889328837,24.798459129824792,13.427844056620094,3.773863004981056,13.427446226836741,0.022276593544502177,4,0,,,,,,,,,,,,,,
trapezoid-ext,rectangle-same,34,10,False,10,83,17,17,0,2.39425655886346,14.675527252104413,21.966160530214967,14.247811666100455,3.5752093046525517,14.247811664574646,0.017853937394693986,7,0,,,,,,,,,,,,,,
trapezoid-ext,rhombus-ext,34,10,False,6,100,19,19,0,1.7093878012491683,13.744759551375523,24.518356656083736,13.19583178713742,3.691949075880589,13.195597569801695,0.02355785487916595,9,0,,,,,,,,,,,,,,
trapezoid-ext,rhombus-int,34,10,False,0,186,23,23,0,1.9311709933296266,13.58071459930331,25.023169071725217,13.090934887173301,3.672424530708497,13.090513220251228,0.022586689517085645,11,0,,,,,,,,,,,,,,
trapezoid-ext,parallelepiped-ext,34,10,False,6,57,24,24,0,2.1651765735350788,13.558679404844538,24.261499867092358,13.006086725684101,3.781540262949064,13.005691748748205,0.01891039179872145,4,0,,,,,,,,,,,,,,
trapezoid-ext,parallelepiped-int,34,10,False,6,45,25,25,0,9.71630614823855,13.868269906665244,24.48087149851445,13.383868565131214,3.69088152730989,13.383490193217101,0.023062126129344662,3,0,,,,,,,,,,,,,,
trapezoid-ext,trapezoid-ext,34,10,False,16,72,10,10,0,9.702558050419082,14.782243359979429,24.078125215093536,14.279818940655623,3.69440644872573,14.279450102525544,0.023607351336869087,8,0,,,,,,,,,,,,,,
trapezoid-ext,trapezoid-int,34,10,False,16,0,18,18,0,,,,,,,,0,0,,,,,,,,,,,,,,
trapezoid-ext,wave,78,10,False,6,110,60,60,0,2.190246018873286,14.003590161179396,24.943856614914445,13.450439084106993,3.7874050491194042,13.450010497227442,0.022814397239996786,12,0,,,,,,,,,,,,,,
trapezoid-ext,base-trapezoid,78,10,False,14,110,55,55,0,2.11999656292957,14.84345097211245,22.299922866229238,14.467467418201542,3.611517772663423,14.46744503793036,0.019479952480249807,9,0,,,,,,,,,,,,,,
trapezoid-ext,2X3,180,10,False,48,207,116,116,0,2.4973380896226307,13.38050081958957,24.695895196220714,12.827917413159495,3.6636613217057157,12.827897457262141,0.021478519128832474,16,0,,,,,,,,,,,,,,
trapezoid-ext,pyramid,180,10,False,13,479,129,129,0,2.0614585261786615,14.23341550867124,26.347348137329746,13.69341351854622,3.777870289306635,13.69341351854622,0.021569946370814108,20,0,,,,,,,,,,,,,,
trapezoid-ext,hexagon,180,10,False,12,431,129,129,0,1.7221901691512398,13.611110185127217,25.206540883040873,13.116313280483533,3.7664671682658373,13.115898842857995,0.018756486633847658,20,0,,,,,,,,,,,,,,
trapezoid-int,line,15,10,False,15,0,0,0,0,,,,,,,,0,0,,,,,,,,,,,,,,
trapezoid-int,diagonal,15,10,False,15,0,0,0,0,,,,,,,,0,0,,,,,,,,,,,,,,
trapezoid-int,triangle,15,10,False,3,14,11,11,0,10.526183371863015,16.21278849109927,21.97365233983684,15.1904137287857,5.369849693965122,15.190393583580237,0.02084435053756195,1,0,,,,,,,,,,,,,,
trapezoid-int,parallelepiped-ext,34,10,False,6,68,22,22,0,2.106090423775638,15.312260772671252,21.442442379480283,14.414576752586665,5.553544756482517,14.414534142103888,0.007312602513778188,6,0,,,,,,,,,,,,,,
trapezoid-int,parallelepiped-int,34,10,False,6,71,21,21,0,2.2113568476176897,15.461140979862384,21.567592141279444,15.23784182417338,5.277759378991948,15.237841254729554,0.005864977916383296,7,0,,,,,,,,,,,,,,
trapezoid-int,trapezoid-ext,34,10,False,16,0,18,18,0,,,,,,,,0,0,,,,,,,,,,,,,,
pentagon,line,36,10,False,36,0,0,0,0,,,,,,,,0,0,,,,,,,,,,,,,,
pentagon,diagonal,36,10,False,36,0,0,0,0,,,,,,,,0,0,,,,,,,,,,,,,,
arrow,line,36,10,False,36,0,0,0,0,,,,,,,,0,0,,,,,,,,,,,,,,
arrow,diagonal,36,10,False,36,0,0,0,0,,,,,,,,0,0,,,,,,,,,,,,,,
cross,line,36,10,False,36,0,0,0,0,,,,,,,,0,0,,,,,,,,,,,,,,
cross,diagonal,36,10,False,36,0,0,0,0,,,,,,,,0,0,,,,,,,,,,,,,,
cross,rhombus-int,78,10,False,26,131,38,38,0,1.65451869308918,13.714203199190129,24.62856376260407,13.131896966955008,3.669715812206227,13.131867369978236,0.020999864296788573,14,0,,,,,,,,,,,,,,
central-trapezoid,line,36,10,False,36,0,0,0,0,,,,,,,,0,0,,,,,,,,,,,,,,
central-trapezoid,diagonal,36,10,False,36,0,0,0,0,,,,,,,,0,0,,,,,,,,,,,,,,
wave,line,36,10,False,36,0,0,0,0,,,,,,,,0,0,,,,,,,,,,,,,,
wave,diagonal,36,10,False,36,0,0,0,0,,,,,,,,0,0,,,,,,,,,,,,,,
base-trapezoid,line,36,10,False,36,0,0,0,0,,,,,,,,0,0,,,,,,,,,,,,,,
base-trapezoid,diagonal,36,10,False,36,0,0,0,0,,,,,,,,0,0,,,,,,,,,,,,,,
base-trapezoid,triangle,36,10,False,6,85,25,25,0,1.8372585496717693,14.348994849614659,24.90016230017841,13.369051347541461,5.559459339411639,13.369051347541461,0.04173511356733961,5,0,,,,,,,,,,,,,,
base-trapezoid,parallelepiped-ext,78,10,False,0,209,64,64,0,2.2539756890459812,14.190626975901562,25.784199577199256,13.035043799871753,5.942248424023426,13.035043799871753,0.027022635204751566,14,0,,,,,,,,,,,,,,
base-trapezoid,trapezoid-int,78,10,False,14,92,58,58,0,3.1913899199231013,14.417848121481384,26.602893413038235,13.53309864861166,5.892220665307013,13.53309864861166,0.0053687714145009835,6,0,,,,,,,,,,,,,,
base-trapezoid,base-trapezoid,168,10,False,64,167,91,91,0,1.664687073154891,15.086930477007812,23.4885970590017,13.48509040960778,5.952689067258469,13.484981104729412,0.04002945772559663,13,0,,,,,,,,,,,,,,
base-trapezoid,hexagon,360,10,False,16,1178,262,262,0,1.838632019608965,14.231357924311878,25.969830463284875,13.016267568155808,5.9069026167847305,13.016267568155808,0.02786869401635439,20,0,,,,,,,,,,,,,,
central-parallelepiped,line,36,10,False,36,0,0,0,0,,,,,,,,0,0,,,,,,,,,,,,,,
central-parallelepiped,diagonal,36,10,False,36,0,0,0,0,,,,,,,,0,0,,,,,,,,,,,,,,
2X3,line,90,10,False,90,0,0,0,0,,,,,,,,0,0,,,,,,,,,,,,,,
2X3,diagonal,90,10,False,90,0,0,0,0,,,,,,,,0,0,,,,,,,,,,,,,,
two-triangles,line,90,10,False,90,0,0,0,0,,,,,,,,0,0,,,,,,,,,,,,,,
two-triangles,diagonal,90,10,False,90,0,0,0,0,,,,,,,,0,0,,,,,,,,,,,,,,
vertical-parallelepiped,line,90,10,False,90,0,0,0,0,,,,,,,,0,0,,,,,,,,,,,,,,
vertical-parallelepiped,diagonal,90,10,False,90,0,0,0,0,,,,,,,,0,0,,,,,,,,,,,,,,
pyramid,line,90,10,False,90,0,0,0,0,,,,,,,,0,0,,,,,,,,,,,,,,
pyramid,diagonal,90,10,False,90,0,0,0,0,,,,,,,,0,0,,,,,,,,,,,,,,
horizzontal-parallelepiped,line,90,10,False,90,0,0,0,0,,,,,,,,0,0,,,,,,,,,,,,,,
horizzontal-parallelepiped,diagonal,90,10,False,90,0,0,0,0,,,,,,,,0,0,,,,,,,,,,,,,,
3X2,line,90,10,False,90,0,0,0,0,,,,,,,,0,0,,,,,,,,,,,,,,
3X2,diagonal,90,10,False,90,0,0,0,0,,,,,,,,0,0,,,,,,,,,,,,,,
3X2,triangle,90,10,False,6,344,54,54,0,1.5439693122529186,14.11016663273203,24.056598183932966,14.054301417452262,1.2604612940849431,14.054278548577614,0.0009071737857873075,20,0,,,,,,,,,,,,,,
3X2,arrow,360,10,False,44,1571,187,187,0,1.558935924265177,13.955377273781641,23.78892074650983,13.813347823011675,1.5700117911852236,13.813346361851236,0.0010903884786781504,20,0,,,,,,,,,,,,,,
hexagon,line,90,10,False,90,0,0,0,0,,,,,,,,0,0,,,,,,,,,,,,,,
hexagon,diagonal,90,10,False,90,0,0,0,0,,,,,,,,0,0,,,,,,,,,,,,,,
hexagon,triangle,90,10,False,18,198,54,54,0,2.000623014617185,14.184964649970496,24.13743769734812,14.09404416516378,1.336497880119153,14.094030878616032,0.0011166761450152052,18,0,,,,,,,,,,,,,,
hexagon,rhombus-ext,180,10,False,40,606,99,99,0,1.6464401134090778,14.018118136519963,23.759479887453338,13.902509990956382,1.550431897213151,13.902509943663823,0.0010994898014686783,20,0,,,,,,,,,,,,,,
