pay_layout,gnd_layout,n_routings_checked,n_poses_checked,feasible,n_wcc_fail,n_wfc_fail,n_ifc_fail,n_ifc_fail_cable_cable,n_ifc_fail_exit_angle,wfc_fail_residual_min,wfc_fail_residual_median,wfc_fail_residual_max,wfc_fail_residual_force_median,wfc_fail_residual_moment_median,wfc_fail_residual_force_lateral_median,wfc_fail_residual_force_vertical_median,n_wfc_verify_attempted,n_wfc_verify_rescued,conditioning_index,manipulability,sigma_min,sigma_max,rank_ok,wfc_ok,max_wfc_residual,max_wfc_residual_force,max_wfc_residual_moment,ifc_ok,min_cable_cable_dist,min_exit_angle_margin,wfc_rescued_by_reposition,best_routing
two-triangles,2X3,720,10,True,72,2328,485,485,0,1.5795202748417956,13.645621368685322,24.202674591692812,13.428315218329693,2.1703391706329844,13.428190816427644,0.018653881319576016,1,1,0.08196115971492667,0.0628001870753773,0.19649920582880626,2.3974673676197393,True,True,9.136265349348076e-15,9.057678187205881e-15,1.1957467920563633e-15,True,0.06381402746950593,0.4431883781158899,True,A-D|B-F|C-A|D-B|E-C|F-E
two-triangles,pentagon,360,10,True,0,1301,249,249,0,1.621059432729246,14.08895284383268,24.11409438511913,13.811351862783415,2.205118203872622,13.811233317085815,0.020335485490649674,1,1,0.08182541487084713,0.04291501755928883,0.19786888161803753,2.4181836649450896,True,True,9.447339088588439e-15,8.881784197001252e-15,3.219646771412954e-15,True,0.08362358299111744,0.4331407140208836,True,A-E|B-A|C-C|D-D|E-B|F-E
two-triangles,vertical-parallelepiped,720,10,True,64,2567,507,507,0,1.5261811635152502,13.776405500465815,24.13541795634475,13.5586259265194,2.0967485791911575,13.558431859101663,0.017313638309138568,1,1,0.07971141614239602,0.044999846697151034,0.19112061180842763,2.397656710389022,True,True,1.105605998782227e-14,5.617333549722722e-15,9.522711076446882e-15,True,0.06381402746950593,0.4431883781158899,True,A-C|B-D|C-A|D-E|E-B|F-F
rhombus-ext,2X3,180,10,True,52,305,97,97,0,1.6152925624181962,13.902472706267009,23.208053807193235,13.66310398319246,2.065127802061871,13.662942669524798,0.025106110984671304,1,1,0.07934576768425124,0.040596190192042206,0.19249861794691503,2.4260729156083607,True,True,7.857524532904002e-15,7.377764055609925e-15,2.7035697373913694e-15,True,0.2057413590396566,0.4179157688864527,True,A-B|A-E|B-A|C-D|D-C|D-F
rhombus-int,rectangle-same,34,10,True,8,75,19,19,0,2.142562327680716,14.964282833079109,21.533319506065464,14.851447075985124,2.155445670030082,14.851395092342228,0.02311327877275282,1,1,0.07730757313581761,0.05214091184106792,0.18632873124041832,2.410226109582656,True,True,0.06864803508889192,0.011703603635636045,0.06764302169112246,True,0.21208042512686553,0.4633533918727237,True,A-B|B-A|B-C|C-A|C-C|D-D
two-triangles,rectangle-same,180,10,True,6,795,110,110,0,2.291215210583931,14.555216179247909,21.944519808826154,14.098833958821743,2.5075537565403296,14.098169043255336,0.019373952876931,1,1,0.07728770540244004,0.07749176345797586,0.18603211733370975,2.407007898151891,True,True,1.0999195283044102e-14,6.4047456679787536e-15,8.942121102011927e-15,True,0.08736623669950835,0.48074338202529493,True,A-B|B-C|C-A|D-A|E-C|F-D
pentagon,rectangle-same,78,10,True,0,405,42,42,0,2.171074623361927,14.633781735456473,22.468032857396228,14.139140030365299,3.0374922583069544,14.139001583725978,0.043758935977374236,1,1,0.07264073947063907,0.08863467488336661,0.17541963231495694,2.4148932622837695,True,True,8.165424295817737e-15,7.32410687763558e-15,3.609932461376776e-15,True,0.051796682337130966,0.5076261603200616,True,A-B|B-A|C-C|D-D|E-A|E-C
rectangle-opposite,pyramid,180,10,True,10,545,122,122,0,1.856975983313105,12.856037791812298,25.482534569091328,12.524615966880992,2.401419862921667,12.524615966880992,0.02581922438610995,2,1,0.07232202358695859,0.05985498519177075,0.1729882237959339,2.3919162547759223,True,True,7.910679901056899e-15,7.378599352986574e-15,2.8522145930998398e-15,True,0.07227321763638558,0.4182034220705242,True,A-A|A-E|B-C|C-B|D-D|D-F
base-trapezoid,rectangle-same,78,10,True,18,140,47,47,0,3.0011346246182167,16.452180861367104,23.504550197597805,13.754847686460554,7.337555957050685,13.751116369270424,0.09630714849065747,1,1,0.0716834539880307,0.074787634283528,0.18476360155933402,2.5774930096167634,True,True,0.2351644848924641,0.049242066461219806,0.22995119883437615,True,0.06417136132970501,0.4652866157331114,True,A-B|B-A|B-C|C-D|D-A|E-C
vertical-parallelepiped,rectangle-opposite,180,10,True,28,569,107,107,0,1.60236737948609,13.674313411381377,23.65745919846742,13.23401096755452,2.9904324304162415,13.233838485053056,0.027066284389759332,1,1,0.07120813442612012,0.06760527928929218,0.16991250173750383,2.3861389307115113,True,True,0.9465518636068799,0.10792075724727307,0.9403794663075288,True,0.09723058338835644,0.32651322683833955,True,A-D|B-A|C-A|D-B|E-C|F-D
vertical-parallelepiped,central-parallelepiped,360,10,True,76,968,223,223,0,1.6068079604276448,13.860927343451387,23.834071201268774,13.506206351519868,2.529923586484418,13.506160721960637,0.027579268071507457,1,1,0.07037160584580698,0.04888918261954693,0.16951181889431358,2.4088098723473106,True,True,1.0128009161825423e-14,5.9580819677934555e-15,8.190105545539335e-15,True,0.12466421747600853,0.42339245367800304,True,A-D|B-C|C-E|D-C|E-A|F-B
parallelepiped-ext,pentagon,78,10,True,0,381,43,43,0,1.8601228351000805,13.9631968331817,23.36731987181899,13.744249122625183,2.4630229104481267,13.744248925420237,0.013285801121261542,1,1,0.06931735170397772,0.02978147715501179,0.1707842269353955,2.498666720286743,True,True,5.442641205208294e-15,2.5121479338940403e-15,4.828193870057736e-15,True,0.08394112376850497,0.3581303928054846,True,A-A|A-E|B-C|C-D|D-B|D-E
central-parallelepiped,rectangle-same,78,10,True,26,165,35,35,0,2.0879996621614025,14.643328239910192,20.663274594925596,14.32686882872685,3.1609580336198895,14.326753367559025,0.02846326512358921,1,1,0.06909441773567303,0.052825214477683506,0.1669633731731511,2.4164524232896016,True,True,0.8321540874786242,0.1311862328601382,0.8217485002209297,True,0.08546886265131835,0.41981971932396717,True,A-A|B-A|C-B|C-D|D-C|E-C
central-parallelepiped,vertical-parallelepiped,360,10,True,76,1184,172,172,0,1.5488041954299503,13.921170446987993,23.935166248410656,13.54455675206317,2.467028728603739,13.54449706005585,0.027805257641965397,1,1,0.0680338901899311,0.04888918261954705,0.16388626197572168,2.4088915321202164,True,True,9.79327472006036e-15,2.5121479338940403e-15,9.465587277121543e-15,True,0.05194102651214602,0.41981971932396717,True,A-B|B-D|C-A|C-C|D-E|E-F
rhombus-ext,rectangle-same,34,10,True,14,55,14,14,0,2.414438441420586,15.055582667795605,20.855575871839473,15.005760018156348,1.5640753914069538,15.005728775936406,0.01733915922113205,1,1,0.06747851126023864,0.05235597490673653,0.16265203581748064,2.4104271534710415,True,True,9.487089610467352e-15,6.646518689688359e-15,6.769686741988946e-15,True,0.2836895103023786,0.4633533918727237,True,A-B|A-C|B-A|C-A|D-C|D-D
hexagon,pyramid,720,10,True,0,1993,566,566,0,1.90278828486739,12.969380116841126,25.886608454388703,12.758597887478217,2.0469631184971027,12.758576612477967,0.024111448873368246,1,1,0.06674076892725107,0.02783715713700321,0.16044046048658983,2.403934852196167,True,True,1.2428548829352097e-14,1.1374233532693354e-14,5.009554625647218e-15,True,0.06047493661516633,0.36945378526400835,True,A-E|B-F|C-C|D-D|E-A|F-B
vertical-parallelepiped,rectangle-same,180,10,True,32,482,108,108,0,1.8304298451417729,14.530150546868239,21.503192962499742,13.9431546715894,2.8768361002689877,13.943008621013272,0.028670667191358135,1,1,0.06651583850020336,0.06371917643815025,0.15864188454706507,2.4004431888250335,True,True,6.210368190880375e-15,3.972054645195637e-15,4.774039690019193e-15,True,0.13651573070173903,0.4182034220705242,True,A-D|B-C|C-A|D-C|E-A|F-B
two-triangles,rectangle-opposite,180,10,True,28,714,100,100,0,1.7525290695046347,13.64174203154047,23.742203495388647,13.380786719313232,2.2020056417138956,13.380682841841994,0.020829774841045534,1,1,0.06640417110018573,0.060740680287369085,0.15906360352336835,2.3953857248422676,True,True,9.724438339223957e-15,9.565974336450906e-15,1.7483809675615383e-15,True,0.06381402746950593,0.4431883781158899,True,A-B|B-D|C-A|D-A|E-C|F-D
hexagon,rectangle-opposite,180,10,True,24,633,114,114,0,1.7725301876085946,13.690072391576289,23.31764565239891,13.399453247471145,2.3617023844312377,13.399446550044065,0.025453656711983186,1,1,0.06637197002330822,0.05432310776832789,0.15926117761616587,2.399524642107764,True,True,5.765682230584617e-15,4.351167857633658e-15,3.7829128801460545e-15,True,0.051927234131438064,0.4472121987926965,True,A-A|B-D|C-B|D-A|E-C|F-D
vertical-parallelepiped,horizzontal-parallelepiped,720,10,True,172,2017,416,416,0,1.6384122895523026,13.783582373954438,23.919577033266776,13.454249333396097,2.3910641177464838,13.454121476619981,0.02540754065996076,1,1,0.06620669122387042,0.049521212065440356,0.15940135546823123,2.407632106688939,True,True,4.664258210240747e-15,1.7763568394002505e-15,4.312755619196869e-15,True,0.12466421747600853,0.42339245367800304,True,A-C|B-F|C-D|D-E|E-A|F-B
vertical-parallelepiped,pentagon,360,10,True,0,1730,242,242,0,1.5915763792781588,13.945716167118086,23.67422608073866,13.684383224769034,2.213634410608088,13.684289325765965,0.02767333384290538,2,1,0.06604102471359283,0.044341467650602956,0.15889087537549745,2.4059420044521795,True,True,1.2866855053981594,0.1355054898478915,1.2795303247765564,True,0.08372800182256722,0.3581303928054846,True,A-D|B-E|C-E|D-B|E-A|F-C
horizzontal-parallelepiped,rectangle-opposite,180,10,True,28,578,107,107,0,1.746432012657487,13.67311038235502,23.165705499599913,13.234298555729225,2.915888582137342,13.234267847548782,0.027292030684821,2,1,0.06596376331523085,0.05684037225192467,0.15843630358793362,2.4018687780257544,True,True,1.582019115349148e-14,1.5183695187629416e-14,4.442279660508709e-15,True,0.052395158975629325,0.4182034220705242,True,A-D|B-B|C-A|D-C|E-A|F-D
two-triangles,horizzontal-parallelepiped,720,10,True,72,2657,480,480,0,1.5585671017553795,13.829286526958121,23.906229310333796,13.600156451874337,2.1007854887133735,13.600145195436648,0.018689208215883824,3,1,0.06580523735303088,0.03674218033198886,0.1584994720598368,2.408614852485394,True,True,0.3244985946008027,0.08612009443994184,0.31286205783308335,True,0.06983174069331585,0.49625046035832693,True,A-B|B-F|C-A|D-E|E-C|F-D
pentagon,2X3,360,10,True,0,1553,229,229,0,1.6330425132586108,13.666635478732616,24.52054966360638,13.184711764198564,2.920061808794242,13.184513633938344,0.0400796470995477,1,1,0.06542919606853378,0.06371250219510456,0.15727186627468143,2.4036955323422755,True,True,1.8862032452911228e-14,1.6189472992030383e-14,9.678699938266253e-15,True,0.09433330160393776,0.3503071239504709,True,A-E|B-B|C-D|D-C|E-A|E-F
hexagon,base-trapezoid,360,10,True,16,1194,248,248,0,1.6620501014150324,14.83338070930834,22.232979149102704,14.64441116689528,2.1151818756488585,14.644395288670053,0.023559888093940273,1,1,0.06539717849564715,0.03052329659479454,0.15815349350018304,2.4211453237504585,True,True,0.23106171247219848,0.018036370113583878,0.23035668934005527,True,0.06819863265917167,0.4381811915516511,True,A-C|B-A|C-E|D-B|E-D|F-B
hexagon,2X3,720,10,True,104,1657,487,487,0,1.6162825289979907,13.745416796017288,23.93474700278012,13.432439379689614,2.4235874074426684,13.432421291264022,0.024409972424168203,1,1,0.06536255322539547,0.048028188123330796,0.15764790999017772,2.411899508370588,True,True,4.387839612844836e-15,1.7763568394002505e-15,4.012193022172073e-15,True,0.10298084941165159,0.36945378526400835,True,A-F|B-A|C-E|D-B|E-D|F-C
2X3,2X3,720,10,True,268,515,411,411,0,1.565027669528065,13.761226773347383,22.454276707069972,13.351752062255176,2.6059114606774307,13.351678558091626,0.029681016191181797,1,1,0.06509381678433906,0.07449828527773422,0.15569474376897327,2.3918515069534516,True,True,1.3662962257488893e-14,1.246617817651181e-14,5.592042499930296e-15,True,0.1129376939867447,0.4179157688864527,True,A-E|B-F|C-B|D-A|E-D|F-C
rhombus-ext,pentagon,78,10,True,0,279,58,58,0,1.6775185976224818,14.070964129093136,23.637908322393542,13.834026090418748,1.8741461877885908,13.834021464106984,0.019382224597547903,1,1,0.0649071822151371,0.03414112964798133,0.1567946364092901,2.4156746766419293,True,True,9.666753379582449e-15,9.057678187205881e-15,3.3770677752576205e-15,True,0.1658594657538295,0.44672992321618066,True,A-B|A-D|B-E|C-A|D-C|D-E
central-parallelepiped,horizzontal-parallelepiped,360,10,True,76,917,214,214,0,1.5153307939597456,13.89301574131381,23.80991902398435,13.536610796529365,2.604136288878168,13.536556703964102,0.025885038074990874,1,1,0.06476597839471598,0.048127612044988326,0.15583899733278242,2.4061861056590903,True,True,2.302341309305785e-14,2.1755839288168293e-14,7.533990132790234e-15,True,0.07227372566323872,0.41981971932396717,True,A-E|B-A|C-B|C-D|D-F|E-C
pyramid,rectangle-opposite,180,10,True,10,564,134,134,0,1.5577382830367907,16.58689231951457,23.681435141727462,14.503102846509066,7.223386704897102,14.501516781315221,0.07455177033348193,1,1,0.06470540973221871,0.0655471271806267,0.1640255060639807,2.5349581548559086,True,True,7.285637170140847e-14,5.46356080350197e-14,4.8197523091311297e-14,True,0.15695969043670036,0.4305510598091942,True,A-D|B-B|C-C|D-A|E-D|F-A
horizzontal-parallelepiped,base-trapezoid,360,10,True,40,1138,233,233,0,1.6481313141941918,14.688368584211048,22.127364330860527,14.480632837237717,2.2525283524219133,14.480585282515417,0.028916058414829138,1,1,0.0642412490978701,0.04810859649917893,0.1539200367193829,2.395968927766164,True,True,1.4662616753633195e-14,1.020439314654103e-14,1.0529135319424447e-14,True,0.05851285294104078,0.503420624847555,True,A-D|B-A|C-B|D-B|E-C|F-E
horizzontal-parallelepiped,vertical-parallelepiped,720,10,True,172,1828,441,441,0,1.6280411734270093,13.718730150579209,24.012246830988243,13.40571966484446,2.350270507270708,13.40568069365387,0.023985384143406563,1,1,0.06399645951482462,0.049521212065440426,0.15309799273315214,2.4076011988869257,True,True,1.1122196307383265e-14,7.377764055609925e-15,8.322971118520123e-15,True,0.05194102651214602,0.47538038908183505,True,A-B|B-D|C-E|D-F|E-C|F-A
pentagon,rectangle-opposite,78,10,True,0,426,43,43,0,2.0211006334301924,13.632537326137935,23.947996125263813,13.102241651014971,3.0873778298720187,13.101990304730872,0.04369765035574069,1,1,0.06392720836103234,0.07062468574056147,0.15276159524177546,2.3896178037221043,True,True,1.2726468661934031e-14,4.351167857633658e-15,1.1959529375267435e-14,True,0.10588941308070975,0.3886873512957292,True,A-A|B-D|C-A|D-C|E-B|E-D
vertical-parallelepiped,2X3,720,10,True,112,2201,437,437,0,1.5580982719157763,13.70435958044941,24.214060463519278,13.327120283650878,2.607248921903215,13.32708908380158,0.026502700269984913,2,1,0.06390327153695212,0.05787908934851538,0.15306052549544258,2.3951907596301263,True,True,1.3419009932492786e-14,1.1408858372399359e-14,7.064543736638133e-15,True,0.15992269866798556,0.45336865794965664,True,A-D|B-F|C-B|D-E|E-A|F-C
pentagon,pyramid,360,10,True,1,1370,280,280,0,1.8085285696193547,13.021416089101004,25.95061333449799,12.763239771475163,2.6544093546182643,12.763208063268165,0.03620944121671954,1,1,0.0636271910107221,0.03735121583029562,0.15413052012285774,2.422400198319057,True,True,9.26021844169201e-15,5.329070518200751e-15,7.57315343829084e-15,True,0.08916388554894873,0.4312665152281575,True,A-A|B-B|C-D|D-F|E-C|E-E
horizzontal-parallelepiped,2X3,720,10,True,168,1553,442,442,0,1.6701933269432039,13.695658554997845,23.887858128894134,13.291500233718583,2.820178453564024,13.291334659049404,0.027098099637916206,3,1,0.06288067453515402,0.05621968673510148,0.15056182986869826,2.394405450986778,True,True,8.60660076784478e-15,5.617333549722722e-15,6.520670254523371e-15,True,0.17475931072517487,0.45336865794965664,True,A-D|B-C|C-F|D-E|E-A|F-B
hexagon,rectangle-same,180,10,True,20,624,112,112,0,1.8749963310852042,14.70117568955153,22.15863131003096,14.344108804550329,2.4231006407528346,14.344073324880661,0.023897702222107853,1,1,0.061604159193822124,0.0417988690366025,0.14687758731781395,2.39907368920932,True,True,1.1464900711844438e-14,9.930136612989092e-15,5.7302997460712835e-15,True,0.14865685688088548,0.36945378526400835,True,A-C|B-A|C-D|D-C|E-B|F-A
horizzontal-parallelepiped,hexagon,720,10,True,96,1793,495,495,0,1.5384973844084247,13.945909376865373,23.885199131305537,13.782631069889261,1.8477869203828792,13.78256389082629,0.02887332879778448,1,1,0.06139920517978715,0.03130478132466877,0.14855991469871113,2.4195739059439423,True,True,0.5604323498423882,0.06104602801667848,0.5570976585960921,True,0.0781355750194554,0.5113369478280886,True,A-D|B-C|C-B|D-F|E-A|F-E
rectangle-opposite,pentagon,78,10,True,0,379,50,50,0,1.9384046059124658,13.81711771172066,23.34674632224051,13.531478963820115,2.530353284837756,13.531309308277761,0.02596052539201743,1,1,0.06120852105848309,0.07120969408164526,0.1462018944956473,2.388587274571711,True,True,9.059038914050065e-15,6.4047456679787536e-15,6.406669881832587e-15,True,0.06283121806132218,0.3581303928054846,True,A-A|A-C|B-E|C-D|D-B|D-E
cross,pentagon,168,10,True,1,716,124,124,0,1.7417270587537281,14.070071053656788,24.801693429932424,12.953191458780427,4.824460276088346,12.952318136424639,0.05512729226000701,1,1,0.060956469358793064,0.01881262064687363,0.14890091960644858,2.442741864362415,True,True,0.5223407211350648,0.12168581012496348,0.5079688893723028,True,0.06305173248891717,0.44672992321618066,True,A-B|B-E|C-D|D-C|D-E|E-A
central-trapezoid,vertical-parallelepiped,360,10,True,36,1441,227,227,0,1.5009621659033903,13.831815051692526,24.02226328479383,13.553645196640064,2.262975475077545,13.553612758975783,0.024073403340677757,1,1,0.060298333662934495,0.029969355214346335,0.14563353224694459,2.4152165308751443,True,True,1.1168644977707568e-14,5.329070518200751e-15,9.815275750080385e-15,True,0.05194102651214602,0.41981971932396717,True,A-B|B-E|C-D|D-A|D-C|E-F
2X3,rectangle-same,180,10,True,60,150,106,106,0,2.163733841748578,14.916430089675492,21.93481821931069,14.622369865270972,2.3888736412258287,14.622276686270286,0.035656097534786824,1,1,0.06010550396805678,0.09961943886633136,0.1427548911867941,2.3913096658262196,True,True,1.4578310592627297e-14,1.0950198975068616e-14,9.623943170110443e-15,True,0.1266874534932104,0.32651322683833955,True,A-D|B-A|C-C|D-A|E-C|F-B
triangle,two-triangles,90,10,True,8,376,47,47,0,1.7993036674501999,14.097821427119936,23.90109898553847,13.965592493462859,1.7246391941486843,13.965516202698566,0.02130342074342373,1,1,0.05971140545324981,0.013588988937790304,0.14442396804910723,2.418699860651947,True,True,8.443536244332048e-15,3.972054645195637e-15,7.450911770040543e-15,True,0.08131627842601762,0.483970554010485,True,A-B|A-E|B-C|B-D|C-A|C-F
arrow,pentagon,168,10,True,0,698,119,119,0,1.5819618644041076,14.007810926587194,23.496833523025828,13.812566648826632,2.0881694385245297,13.812459519919308,0.02512287431082072,1,1,0.05938039538133976,0.038370800465728584,0.1428241433396467,2.405240693034002,True,True,4.820209419629775e-15,1.9860273225978185e-15,4.39205126597841e-15,True,0.1187653942992405,0.3581303928054846,True,A-E|B-C|C-A|C-D|D-E|E-B
2X3,hexagon,720,10,True,104,1513,491,491,0,1.589423328330456,13.918009532347405,23.834906363018106,13.61827474152861,2.4458925862118743,13.61813309904644,0.030410363145973562,1,1,0.05922673569679976,0.04802818812333079,0.14283736479945877,2.411704158923903,True,True,8.970849362473281e-15,7.377764055609925e-15,5.1034043367087296e-15,True,0.0781355750194554,0.5113369478280886,True,A-D|B-F|C-B|D-C|E-A|F-E
horizzontal-parallelepiped,horizzontal-parallelepiped,720,10,True,212,1989,356,356,0,1.518671778198878,13.893255899571296,23.514421554404784,13.531548903326575,2.605685989521053,13.531525378249997,0.026813758064610838,1,1,0.05888264705170061,0.04793350141189131,0.14134713587079578,2.400488818831277,True,True,4.7587660856657865e-15,1.9860273225978185e-15,4.3245288913334616e-15,True,0.23457637813391888,0.42827695480702754,True,A-C|B-D|C-F|D-E|E-B|F-A
2X3,pentagon,360,10,True,0,1579,257,257,0,1.738640085344429,13.901186508297348,23.901667053786337,13.549815791469225,2.497217273444119,13.549654617069171,0.028973161328620378,1,1,0.058860682426734624,0.06413601761229497,0.14129340632976717,2.400471766626876,True,True,8.21208639339988e-15,5.329070518200751e-15,6.2481493535851895e-15,True,0.0888732057210834,0.3581303928054846,True,A-A|B-C|C-E|D-E|E-D|F-B
two-triangles,pyramid,720,10,True,2,2879,527,527,0,1.8199459763535244,12.89995487855656,25.7682551203143,12.732228752861895,1.9599002704314983,12.732228752861895,0.018476708509231443,1,1,0.05884137279722401,0.02913444863284546,0.14229843133066544,2.4183397593568503,True,True,7.481453496197086e-15,3.9968028886505635e-15,6.324374521249838e-15,True,0.05293041758341068,0.41302574003819187,True,A-C|B-A|C-F|D-E|E-B|F-D
horizzontal-parallelepiped,pentagon,360,10,True,0,1312,260,260,0,1.5847266690564765,13.976787445847831,23.763966517615877,13.751211093290841,2.2013103417561837,13.751183921497649,0.02709063810039858,1,1,0.05876853758691674,0.04567493119111844,0.141729795293307,2.411661087936607,True,True,6.9613819803769635e-15,4.351167857633658e-15,5.433983561938039e-15,True,0.2597328806692444,0.40241141832069854,True,A-A|B-C|C-D|D-E|E-E|F-B
pentagon,vertical-parallelepiped,360,10,True,0,1628,261,261,0,1.6452453877526747,13.61857268202192,24.25388278583041,13.234596486768368,2.724855409203106,13.23452991696194,0.04038889066791995,1,1,0.058605881480569395,0.044476814762264824,0.14010921868024986,2.390702351720495,True,True,0.04628386336285769,0.010163700691044896,0.04515412712094581,True,0.08060286963024578,0.3886873512957292,True,A-D|B-A|C-B|D-F|E-C|E-E
pentagon,two-triangles,360,10,True,0,1320,252,252,0,1.5294858969139649,13.804010777566916,24.698189498454393,13.42634841461867,2.6732597655794152,13.425976236130591,0.04239461571795644,1,1,0.05829835838583659,0.04881569641747407,0.14106549039817384,2.419716340287984,True,True,1.2367406112494557e-14,8.140289677804162e-15,9.31066151853899e-15,True,0.08417006367026594,0.42159434034221743,True,A-B|B-F|C-C|D-D|E-A|E-E
2X3,vertical-parallelepiped,720,10,True,112,2029,474,474,0,1.5109624449713166,13.70155586376769,24.107017049518394,13.336590472737646,2.6363671835556035,13.336511052145822,0.029276497273270863,1,1,0.05820881828779371,0.05797058629143102,0.13944826864223867,2.3956553791005364,True,True,8.988007959235976e-15,3.972054645195637e-15,8.062696135342631e-15,True,0.20327483498624505,0.4179157688864527,True,A-F|B-D|C-E|D-A|E-C|F-B
rectangle-opposite,arrow,78,10,True,8,459,35,35,0,1.7631470476457027,13.686946099213204,23.54249620429174,13.436126074243951,2.2015393397926855,13.436081883426446,0.027779008632835556,1,1,0.05806401812438698,0.05629342952489786,0.1393132051717743,2.399303556177118,True,True,9.615494457083794e-15,3.972054645195637e-15,8.756741148954269e-15,True,0.05199775411844587,0.32651322683833955,True,A-B|A-C|B-D|C-E|D-A|D-C
parallelepiped-int,pentagon,78,10,True,0,348,45,45,0,1.6062651194310635,14.078176381563143,23.4788675945674,13.782092465795836,2.4714482452760542,13.782066572447365,0.018366012806595222,1,1,0.05759966253176372,0.024438194951635284,0.13847224212179698,2.404046066162897,True,True,1.2457801873627938e-14,9.057678187205881e-15,8.553086774935849e-15,True,0.08362358299111744,0.4331407140208836,True,A-E|B-A|B-C|C-B|C-D|D-E
rhombus-int,two-triangles,180,10,True,24,858,102,102,0,1.634334398917947,13.915517004756069,23.75981864654038,13.726720231887665,1.9570740841614642,13.726588050419169,0.02737643510936394,1,1,0.057562169172420685,0.0237412086819477,0.1395667484250099,2.4246262854854232,True,True,1.0477977937836253e-14,1.020439314654103e-14,2.3787354154276385e-15,True,0.22887403963028954,0.48728827906722066,True,A-B|B-A|B-E|C-C|C-F|D-D
rhombus-ext,rectangle-opposite,34,10,True,10,38,20,20,0,2.578280525642127,13.867915181107474,22.576992812752152,13.71613913575286,2.5848140117533944,13.716060893857861,0.024034600868121814,1,1,0.05753656199876006,0.04022540523834262,0.13875542231698165,2.4218180645655027,True,True,5.867400015501816e-15,1.7763568394002505e-15,5.592042499930296e-15,True,0.29146942113982505,0.4179157688864527,True,A-A|A-D|B-A|C-B|D-C|D-D
vertical-parallelepiped,vertical-parallelepiped,720,10,True,212,1998,348,348,0,1.5601908641762714,13.91502482740853,23.5854643225209,13.517592186957565,2.6569768431567606,13.517299912402105,0.027976935183682272,1,1,0.05735078436145385,0.0474491189338337,0.13758373780432506,2.3989861574900577,True,True,1.466377258521647e-14,8.565282493038633e-15,1.1902191489191896e-14,True,0.16766331629055414,0.42339245367800304,True,A-F|B-E|C-A|D-B|E-D|F-C
2X3,two-triangles,720,10,True,72,2891,426,426,0,1.5741312003450216,13.739829156768042,24.05811343572221,13.509537233107558,2.191432130628656,13.509454941306746,0.030833707139885647,1,1,0.056598901449469406,0.04684333168576995,0.13535303036537144,2.391442711767338,True,True,2.8242481356346387e-14,1.896630097780749e-14,2.0926470805723356e-14,True,0.05943624352311705,0.3918321979520063,True,A-B|B-F|C-C|D-E|E-A|F-D
3X2,2X3,720,10,True,228,648,434,434,0,1.784404211685943,13.789008107327934,23.883913895035874,13.572734500516109,1.9302456158061738,13.572713392122495,0.028242220854604483,2,1,0.0565768505531106,0.02847986336075238,0.13580297745927647,2.4003276274948115,True,True,6.069783312783914e-15,3.972054645195637e-15,4.5896678920952255e-15,True,0.124718162624229,0.3676539667191418,True,A-B|B-E|C-C|D-F|E-A|F-D
arrow,rectangle-opposite,78,10,True,8,444,56,56,0,1.593897078504071,13.481612253289903,23.48377164369463,13.200104937867074,2.125675871894736,13.199597363914165,0.02886740576940383,3,1,0.0564553908539176,0.033362753630700695,0.13661934357445205,2.4199521340302907,True,True,9.799722993377166e-15,5.617333549722722e-15,8.029952337223718e-15,True,0.3225343898119573,0.36898991146262244,True,A-D|B-A|C-A|C-C|D-B|E-D
2X3,rectangle-opposite,180,10,True,72,151,94,94,0,1.6590962959805173,13.719671273254171,22.60803303072401,13.45784275029816,2.786602728797025,13.457613105866335,0.029960561749993175,1,1,0.05639104554753601,0.09572875744328327,0.1333058502688248,2.3807129797512614,True,True,1.0216012630098011e-14,4.351167857633658e-15,9.243065094059318e-15,True,0.07611609640718162,0.32651322683833955,True,A-D|B-A|C-D|D-A|E-C|F-B
3X2,two-triangles,720,10,True,56,3249,459,459,0,1.526960007515471,13.905965710435575,24.063247611206705,13.73056969116399,1.8012455489705341,13.730515032231361,0.02594875311429412,2,1,0.05638690596744497,0.02288201465336152,0.13587646892527758,2.4097166991876797,True,True,0.298981375840415,0.0501934555327617,0.29473798554157926,True,0.05798214362692299,0.45860994651839865,True,A-B|B-E|C-A|D-F|E-C|F-D
triangle,pyramid,90,10,True,8,311,51,51,0,2.5473740428389466,13.08574427448534,25.45262688124197,12.983533742254853,1.7068050079524832,12.983533742254853,0.02195522714316489,1,1,0.056322567010676894,0.012788524678931896,0.13665547270345904,2.426300503625016,True,True,0.0383310259025315,0.008843990885249344,0.037296801095565386,True,0.070358301045685,0.42238175706989983,True,A-B|A-E|B-C|B-F|C-A|C-D
arrow,two-triangles,360,10,True,16,1455,239,239,0,1.5829949239659016,13.801180571870105,24.297163552555553,13.599833895507796,1.953369891189399,13.599723311682304,0.027286859666686425,2,1,0.05605180538946997,0.028737723875818202,0.13467754473207516,2.40273339629799,True,True,9.196105383803585e-15,8.62265274246159e-15,3.196594111384947e-15,True,0.0643693165910503,0.4499078879065762,True,A-B|B-E|C-A|C-F|D-C|E-D
rhombus-int,rectangle-opposite,34,10,True,10,37,21,21,0,2.6428119178747695,13.845433378847016,22.411313862891408,13.486512897301886,2.7093371821209713,13.486482776394062,0.02507483037767777,2,1,0.05585142893040464,0.03987956297510909,0.13515916427431762,2.419976836093787,True,True,9.360832774799083e-15,5.9580819677934555e-15,7.219864922753553e-15,True,0.35371915254215736,0.4633533918727237,True,A-B|B-A|B-C|C-A|C-D|D-D
rhombus-int,pentagon,78,10,True,0,335,58,58,0,1.7827807859171731,13.925461939115523,23.140963280946057,13.64112864852191,2.120372267500076,13.641066907962585,0.02150193645474552,1,1,0.055710668275799374,0.02711706596141295,0.13333296789869822,2.3933112279074535,True,True,1.1517460292684788e-14,1.0546534389844024e-14,4.628445090676577e-15,True,0.05025397784024472,0.41673938331060273,True,A-E|B-B|B-C|C-A|C-D|D-E
3X2,hexagon,720,10,True,96,2131,466,466,0,1.5019528814858716,14.04170525540602,23.969069912620917,13.888443038559362,1.8985211058641338,13.888362482837731,0.026723331746010714,3,1,0.055695316555538756,0.01856732793787949,0.13489059930039188,2.421937923018724,True,True,0.6702706212951678,0.12200948077824263,0.659072372635687,True,0.10461166799833613,0.4479554975035921,True,A-C|B-B|C-E|D-F|E-D|F-A
rhombus-int,base-trapezoid,78,10,True,12,435,30,30,0,1.7186851397329783,14.822962857112127,21.893876755759106,14.51985652296077,2.212536482231991,14.519770640969043,0.027255145773166234,1,1,0.055541157618386995,0.023346221863097122,0.1343429645143547,2.418800224464177,True,True,1.1120533838131948e-14,1.0805156823142815e-14,2.6296119242823513e-15,True,0.21524043613620883,0.4993505740910072,True,A-E|B-A|B-C|C-B|C-D|D-B
two-triangles,hexagon,720,10,True,76,2354,500,500,0,1.5120567265046139,13.954956140079513,23.957824626332137,13.757659556474806,1.9458209177427745,13.757642807567994,0.019423813290396552,1,1,0.05539544355048448,0.027322533683979622,0.13384832158036924,2.416233412020376,True,True,5.721689223181559e-15,3.972054645195637e-15,4.118313910115614e-15,True,0.050933605817140015,0.39300248433366436,True,A-E|B-A|C-C|D-B|E-F|F-D
3X2,base-trapezoid,360,10,True,48,1140,240,240,0,1.9297444198725207,14.791586095649269,22.0787105809225,14.632676094934297,1.963798185947104,14.63257727769673,0.025916234510390268,1,1,0.05538985830762248,0.02227064556118411,0.1329823508943596,2.400842951354133,True,True,1.1785665846658652e-14,4.351167857633658e-15,1.0953047873710401e-14,True,0.06173225164065423,0.47538038908183505,True,A-B|B-D|C-B|D-E|E-A|F-C
rectangle-opposite,hexagon,180,10,True,24,615,99,99,0,1.6683313460793971,13.900996857801132,23.40360590005677,13.595249706613956,2.3721409681005814,13.59524797083525,0.025348948053318665,1,1,0.05518838587162415,0.05432310776832799,0.1323888574904122,2.39885358847724,True,True,7.51843163430666e-15,4.351167857633658e-15,6.131407058289218e-15,True,0.08188232597417444,0.39300248433366436,True,A-C|A-E|B-B|C-F|D-A|D-D
two-triangles,arrow,360,10,True,16,1579,251,251,0,1.6334436934911727,13.970791017545707,24.177170428945892,13.7495194810963,1.8753023255433152,13.749465230692214,0.01787369153699281,1,1,0.05512053993787103,0.029375808088323952,0.13301989113616156,2.413254501608558,True,True,6.787813141621145e-15,3.972054645195637e-15,5.504288250186802e-15,True,0.05449769045323954,0.3914966099903299,True,A-C|B-B|C-D|D-E|E-A|F-C
hexagon,two-triangles,720,10,True,76,2493,445,445,0,1.5344107593713803,13.958727308869772,23.996496196891226,13.754963830766151,1.9626580416929862,13.754849444646013,0.026634571789481143,1,1,0.05510340134071431,0.030266064545454916,0.1324913058316583,2.415825012438328,True,True,7.070647768654696e-15,4.351167857633658e-15,5.57327535144975e-15,True,0.06994458301685227,0.4474195841660554,True,A-A|B-E|C-B|D-F|E-C|F-D
rhombus-int,hexagon,180,10,True,28,695,105,105,0,1.5359042749642362,13.992297696346252,23.71569738891914,13.835303149008482,1.7574406973651535,13.83528280218385,0.027246079237505327,1,1,0.05508685135607782,0.021232283923666925,0.1333544022715413,2.420802768514525,True,True,1.2635586715532696e-14,9.607118501968132e-15,8.207394576532066e-15,True,0.06708926685656628,0.45673777918439046,True,A-D|B-B|B-F|C-A|C-C|D-E
2X3,horizzontal-parallelepiped,720,10,True,168,1544,436,436,0,1.5922177023650896,13.743985107096599,23.84482610263362,13.3584333229694,2.940509335291205,13.358393128982883,0.03080063334547667,4,1,0.055066059077846716,0.05630512599196856,0.13186284205077975,2.394630090821747,True,True,1.0128009161825423e-14,6.646518689688359e-15,7.642012751209136e-15,True,0.20128288065876768,0.4179157688864527,True,A-D|B-E|C-F|D-A|E-B|F-C
rectangle-opposite,rectangle-same,34,10,True,14,38,16,16,0,4.3155612430486086,14.87032473589689,21.597227068507078,14.588803445450516,3.9367500040189536,14.588734842523753,0.029473681149699615,1,1,0.054989566747492676,0.10077694657600722,0.13178864040513724,2.396611724734971,True,True,1.273578734010338e-14,7.32410687763558e-15,1.0419104453709478e-14,True,0.35251747362679714,0.32651322683833955,True,A-A|A-D|B-A|C-C|D-B|D-C
central-parallelepiped,2X3,360,10,True,68,1009,192,192,0,1.6235616516885623,13.77052285731894,23.77133366518577,13.342238548828334,2.790433368100644,13.34215294893065,0.02648228141752007,1,1,0.054608735881311335,0.043968347234835295,0.13090868951009815,2.397211497343941,True,True,0.3424999962264572,0.025764612309769255,0.3415295480154689,True,0.08546886265131835,0.41981971932396717,True,A-E|B-A|C-D|C-F|D-B|E-C
rectangle-same,2X3,180,10,True,60,146,106,106,0,2.168138754262497,15.386554798840903,26.488680336761206,12.948273919405143,7.358707891437242,12.9461850957555,0.13514048335116335,2,1,0.05441248359504777,0.08766588937139624,0.14106813430052326,2.592569296237054,True,True,1.1001996483945993e-14,8.140289677804162e-15,7.40132492153905e-15,True,0.337390622761497,0.45336865794965664,True,A-A|A-D|B-C|C-B|C-F|D-E
vertical-parallelepiped,pyramid,720,10,True,22,2490,524,524,0,1.6127380431189227,12.880743023140784,25.625975038994916,12.649485623784408,2.167733216593344,12.649485623784408,0.026929637825576336,1,1,0.05421632439059698,0.03392920593688698,0.13105304286919717,2.4172247813229917,True,True,1.1077778413041292e-14,8.926082647349967e-15,6.560657218687885e-15,True,0.1158252361786886,0.45336865794965664,True,A-A|B-E|C-B|D-F|E-C|F-D
2X3,pyramid,720,10,True,64,1426,525,525,0,1.6124856035951782,12.894590619359434,25.21445333381876,12.631215297157818,2.4314238124559893,12.631196707045742,0.02918735870243694,1,1,0.054088527814936296,0.04454311496358743,0.13066443958232993,2.4157514515720937,True,True,1.150621773690404e-14,1.0741085019148343e-14,4.125789526923561e-15,True,0.05247567292217509,0.45336865794965664,True,A-A|B-C|C-E|D-B|E-D|F-F
cross,hexagon,360,10,True,8,1292,257,257,0,1.6202516744028779,14.112977524676117,25.535414698551108,13.041131005562566,4.819995694090439,13.039934355758714,0.07705051529705642,1,1,0.05399974874927699,0.01578033437796837,0.13237383247418938,2.451378673793584,True,True,1.3987488353755831e-14,1.1949218545369531e-14,7.270901361004141e-15,True,0.06540921570603549,0.49463167676755143,True,A-E|B-A|C-B|D-C|D-F|E-D
rhombus-int,2X3,180,10,True,64,428,77,77,0,1.8001260050125425,13.807400934443752,22.942910039105175,13.5296640680499,2.4214101729324704,13.529583884080079,0.02707780243532021,1,1,0.053673879479450765,0.03331007204642319,0.12992202978340217,2.420582060462823,True,True,1.3843995886801384e-14,1.3053503572900977e-14,4.611102534756203e-15,True,0.2492126465619583,0.4179157688864527,True,A-B|B-A|B-E|C-D|C-F|D-C
pentagon,central-parallelepiped,168,10,True,0,737,117,117,0,1.6834673390779895,13.814537124969219,24.05613596780436,13.49579325374636,2.754945506895762,13.495390563240873,0.04004817048126519,1,1,0.05334634776198909,0.029300690092570712,0.128887937360658,2.416059257434201,True,True,9.313308849135149e-15,8.926082647349967e-15,2.6575873065728005e-15,True,0.1329123226792162,0.3503071239504709,True,A-E|B-C|C-B|D-C|E-A|E-D
central-parallelepiped,pyramid,360,10,True,10,1422,210,210,0,1.626905695540401,12.884961726818986,25.536410919693036,12.677106782214274,2.143203119322139,12.677106782214274,0.02949688395226957,3,1,0.05313756847323244,0.02213176242361913,0.12814506644168602,2.4115718901635086,True,True,7.188211828540968e-15,6.5418425621716e-15,2.9790409838967277e-15,True,0.11551688788557338,0.41981971932396717,True,A-C|B-D|C-A|C-E|D-B|E-F
2X3,arrow,360,10,True,68,948,207,207,0,1.6994209715549156,13.920282953564374,23.79719069784833,13.585000527889399,2.4523955702577767,13.584955623383028,0.032235861149784384,1,1,0.05301242575531891,0.047994586408402755,0.1274600649394333,2.404343191683599,True,True,1.0859916519865717e-14,6.4047456679787536e-15,8.770234874104551e-15,True,0.20158893719805432,0.42827695480702754,True,A-A|B-D|C-C|D-C|E-E|F-B
rectangle-same,pyramid,180,10,True,24,432,118,118,0,2.6874960223542352,15.138858653397183,27.25007587398024,13.349642315625474,6.9839891328155215,13.349560431597336,0.12728469288457767,2,1,0.0525541406641361,0.0677004615486331,0.1353375650173691,2.5752027015775356,True,True,2.7174848939782896e-14,2.4211008991485423e-14,1.2340966676651857e-14,True,0.11764358390307615,0.41115190529900336,True,A-A|A-D|B-B|C-C|C-F|D-E
central-trapezoid,horizzontal-parallelepiped,360,10,True,16,1202,255,255,0,1.5702412641662526,13.806724660725328,23.581484701854738,13.57891560701302,2.30527505608753,13.578901119892107,0.0257250487556977,2,1,0.052544244350500084,0.029887198642841957,0.12661268253731336,2.409639421070261,True,True,5.921767677594486e-15,3.2023728339893768e-15,4.981178641599761e-15,True,0.08096940055903461,0.3676539667191418,True,A-E|B-A|C-F|D-C|D-D|E-B
rhombus-ext,hexagon,180,10,True,40,553,101,101,0,1.5574277835189836,14.040817309122595,23.8138485667655,13.801567841116588,1.8201513281046349,13.80143647862231,0.023583896250867653,1,1,0.0522972386163448,0.02038828274131176,0.12673216795355427,2.423305155426425,True,True,6.098146940684871e-15,3.2023728339893768e-15,5.189624682220392e-15,True,0.06708926685656628,0.45673777918439046,True,A-D|A-F|B-B|C-C|D-A|D-E
central-parallelepiped,base-trapezoid,168,10,True,12,753,102,102,0,1.574365839536216,14.775150473511502,21.858378944524542,14.565080868208188,2.2478439806085655,14.564933309267943,0.029822825499087102,1,1,0.05214673488228679,0.030143235421512204,0.12511930402574759,2.399369860992929,True,True,1.1111675953144737,0.10991091007670867,1.1057183261224621,True,0.07556782805543794,0.503420624847555,True,A-D|B-A|C-C|C-E|D-B|E-B
rhombus-int,horizzontal-parallelepiped,180,10,True,44,441,102,102,0,1.6846337971501517,13.923835467218192,23.435014231215874,13.783254237094068,1.999450821019873,13.783122746591378,0.026188181186123316,2,1,0.05211998884753916,0.021468455973157753,0.1255515945982154,2.4152610190684527,True,True,8.48794364729395e-15,4.782987168225453e-15,7.012005498302777e-15,True,0.05603420845546338,0.4179157688864527,True,A-F|B-C|B-E|C-B|C-D|D-A
vertical-parallelepiped,base-trapezoid,360,10,True,52,1500,193,193,0,1.6554465263336495,14.734445272662477,21.750492273729225,14.548288721146207,2.2754456880420184,14.548247930742246,0.030218126660527034,1,1,0.05205358039106246,0.037073683252047074,0.12436273299176545,2.3891292790518284,True,True,1.143332885499486,0.1522600583159193,1.1331491348036293,True,0.06837350382187522,0.4668891668184871,True,A-D|B-E|C-B|D-C|E-B|F-A
rhombus-ext,3X2,180,10,True,72,330,74,74,0,1.707057722259711,14.097574044614987,23.63220542251682,13.933862156590585,1.9791626639285043,13.933792891152677,0.02705782951657909,1,1,0.05200404272707885,0.016973563902858806,0.12625133613984327,2.427721567771564,True,True,5.025522352822287e-15,3.972054645195637e-15,3.078742732723249e-15,True,0.2360589479133897,0.5202372758899162,True,A-C|A-E|B-A|C-B|D-D|D-F
central-parallelepiped,central-parallelepiped,168,10,True,80,192,68,68,0,1.5945858168241598,14.107952945977893,23.171579857210535,13.832194564470115,2.4704164844040992,13.832128577853119,0.025443936375394216,1,1,0.05179145744946393,0.03863041124495967,0.1244949052264544,2.4037729648355937,True,True,1.3397406758065844e-14,9.930136612989092e-15,8.993491796206959e-15,True,0.16766592184114334,0.41981971932396717,True,A-D|B-E|C-A|C-B|D-C|E-C
rectangle-opposite,vertical-parallelepiped,180,10,True,28,571,96,96,0,1.794975732987769,13.830947127972557,23.58982951361745,13.358386079465113,2.9344220301498583,13.35830426851038,0.025959849522978473,1,1,0.0517472766708961,0.06760527928929215,0.12362772536520057,2.3890672769400396,True,True,6.9101907838466635e-15,5.9580819677934555e-15,3.5002851218456245e-15,True,0.05964205579867091,0.32651322683833955,True,A-D|A-E|B-F|C-A|D-B|D-C
hexagon,horizzontal-parallelepiped,720,10,True,96,1852,474,474,0,1.5245884866819561,13.892593519539862,23.934918213744723,13.713866872959661,1.9262984322812335,13.713723413393147,0.02390101269627465,1,1,0.051674327769874955,0.031304781324668726,0.12460686601718803,2.420249844924487,True,True,1.9178921996884626e-14,1.2560739669470201e-14,1.4493407740016928e-14,True,0.0919558562718783,0.36945378526400835,True,A-D|B-E|C-A|D-F|E-B|F-C
wave,horizzontal-parallelepiped,360,10,True,68,745,226,226,0,1.5143779702989424,14.005138097544782,23.895849646680748,13.861606530508867,1.8830764473211565,13.861576030119615,0.018909633158115113,1,1,0.05157248777060511,0.014537328008355138,0.12405634899789793,2.405475367984994,True,True,7.724631506355698e-15,7.32410687763558e-15,2.455074409046352e-15,True,0.10635896183184038,0.3676539667191418,True,A-D|B-F|C-A|C-C|D-B|E-E
parallelepiped-ext,3X2,180,10,True,48,528,94,94,0,1.8088023637400517,13.785679017981124,23.654453003072184,13.661068363712427,2.005497728921118,13.661019477404395,0.013034462813642733,1,1,0.05153660786063724,0.017663008548877056,0.1259729648978154,2.5042881392906695,True,True,1.282820056711007,0.16516996311056875,1.2721423588522176,True,0.2180471420425119,0.5034916565764344,True,A-C|A-E|B-A|C-B|D-D|D-F
vertical-parallelepiped,cross,360,10,True,20,1087,250,250,0,1.8096151554902706,14.592619023376841,22.734882631076772,14.435712303341798,1.792896241732761,14.435611788000529,0.02882240378992229,1,1,0.05141772349831337,0.018501243515255495,0.1240267778070517,2.412140588276338,True,True,8.326672684688674e-15,4.351167857633658e-15,7.099353229177726e-15,True,0.21312342260752237,0.36990647383846204,True,A-C|B-D|C-E|D-A|E-B|F-D
3X2,rectangle-opposite,180,10,True,76,114,92,92,0,1.7851321693784248,13.841571537796629,23.189902633764635,13.430199886146292,2.331587258758077,13.430114681763314,0.028020800941670032,4,1,0.051392373910227086,0.03111852362680431,0.12291647374745023,2.391725938991696,True,True,0.29452220798140544,0.02881391269332173,0.2931093472230865,True,0.1949230736446107,0.42664682117134556,True,A-C|B-B|C-D|D-D|E-A|F-A
horizzontal-parallelepiped,central-parallelepiped,360,10,True,76,1097,215,215,0,1.6433027317273428,13.829199423340295,23.809205854704967,13.540719280759307,2.4194350437918857,13.540508537819962,0.02762690157015335,1,1,0.05130735523758083,0.040092025997318106,0.12326542564359677,2.402490346127005,True,True,1.0706603116298291e-14,6.936895214610187e-15,8.155417528946421e-15,True,0.16766592184114334,0.47538038908183505,True,A-D|B-E|C-C|D-C|E-B|F-A
two-triangles,base-trapezoid,360,10,True,12,940,270,270,0,1.6871622280082956,14.65545181792589,22.169711760242276,14.16538144460743,2.0556039610846635,14.165158938311617,0.01880604180218093,1,1,0.051146147558496016,0.032325731624052514,0.12249553050620335,2.3950099147957293,True,True,0.2853954201381361,0.03923804328811242,0.2826851991080245,True,0.07684507570634776,0.4446994208396341,True,A-D|B-B|C-B|D-E|E-A|F-C
3X2,arrow,360,10,True,44,1582,187,187,0,1.5586202547521484,13.998429762563418,23.820640901219974,13.804873507921098,1.9557862938368347,13.804792910207432,0.02859296236697695,1,1,0.05111359103871842,0.019684857401182042,0.12345403114738476,2.415287766689463,True,True,1.2870928097709678e-14,1.020439314654103e-14,7.844179409424477e-15,True,0.05225963340424052,0.3676539667191418,True,A-B|B-C|C-D|D-E|E-C|F-A
3X2,rhombus-ext,180,10,True,72,337,73,73,0,1.6362045193393382,14.173029588515837,23.58924941225962,13.988295080237515,2.218861509905929,13.988272988916906,0.02655055967892217,1,1,0.05102355637441475,0.016973563902858806,0.12360462278842216,2.4281188548627504,True,True,0.8751735112685043,0.08640592375056091,0.8708976352975446,True,0.1964415530981128,0.5100712246168457,True,A-A|B-D|C-A|D-D|E-B|F-C
pentagon,rhombus-ext,78,10,True,0,343,51,51,0,1.7305478207859337,13.938419886382855,24.152679925901655,13.63999749651638,2.591850245732672,13.639912989618658,0.039246960313393586,1,1,0.05102324040433914,0.034037721101013475,0.12284274842560808,2.420277819425944,True,True,9.974722135027126e-15,7.32410687763558e-15,6.771450370191848e-15,True,0.17263926036094918,0.4312665152281575,True,A-D|B-A|C-D|D-C|E-A|E-B
rhombus-ext,vertical-parallelepiped,180,10,True,44,553,87,87,0,1.5855305023762527,13.933603779280267,23.334529058568833,13.778631989924973,1.9931341036415176,13.778558474044294,0.02392705849431387,1,1,0.05086053793757928,0.02140266424865916,0.12290082843302318,2.416428009154334,True,True,6.329245045284193e-15,5.773159728050814e-15,2.5942184945888343e-15,True,0.051551054684209126,0.4499078879065762,True,A-A|A-C|B-D|C-E|D-B|D-F
base-trapezoid,vertical-parallelepiped,360,10,True,52,1210,226,226,0,1.6504088014923857,15.327326030068644,26.26191045193326,13.137569462409584,6.804500685829229,13.135933714525223,0.11732282952346296,1,1,0.05083503174970814,0.03638612460453918,0.1310350668665649,2.5776528971542785,True,True,0.7278767841758629,0.13948925574921223,0.7143860024333669,True,0.07176213543832696,0.4499078879065762,True,A-C|B-D|B-E|C-F|D-A|E-B
horizzontal-parallelepiped,two-triangles,720,10,True,72,2837,444,444,0,1.5157292283444983,13.768893073599893,23.885153369601408,13.557922395004987,2.0724921427396987,13.557856645586735,0.02750370033308336,3,1,0.050812619042880536,0.03674218033198885,0.12244958666624622,2.409826318200831,True,True,8.490121625428575e-15,6.646518689688359e-15,5.282608685317633e-15,True,0.05203632867502829,0.45860994651839865,True,A-A|B-B|C-F|D-D|E-E|F-C
parallelepiped-ext,rhombus-int,34,10,True,10,87,18,18,0,1.8917232790073708,13.93317310720341,22.671011286016398,13.72603469640485,1.9778415229244357,13.725941581144625,0.010707279814850423,1,1,0.050642121927540557,0.017641557613247254,0.12335162720973264,2.5025588626376227,True,True,1.1244674003850281e-14,3.972054645195637e-15,1.0519765936010462e-14,True,0.11829472262832214,0.45336865794965664,True,A-B|A-C|B-A|C-B|D-C|D-D
base-trapezoid,hexagon,360,10,True,16,1197,262,262,0,1.55390616929442,15.5351481652576,26.552096388954684,13.26486336288432,6.856263364492184,13.262499451053385,0.12256856524741444,1,1,0.05053570466348792,0.029923568459428982,0.1309742250711875,2.601180281349338,True,True,1.3713052168280033e-14,1.0950198975068616e-14,8.254752702314946e-15,True,0.06188741691517028,0.4447467282831025,True,A-B|B-C|B-E|C-A|D-F|E-D
rectangle-opposite,two-triangles,180,10,True,28,842,97,97,0,1.53719026112745,13.674662398999292,23.56865928671023,13.470766591538457,2.1531587049054073,13.47074511809682,0.025907949131033448,1,1,0.0502574274977198,0.04958823115811414,0.12063011915137437,2.4002446037821454,True,True,9.674878644465298e-15,8.926082647349967e-15,3.732067169519928e-15,True,0.06389320095320437,0.4182034220705242,True,A-C|A-F|B-A|C-B|D-D|D-E
base-trapezoid,horizzontal-parallelepiped,360,10,True,40,1214,226,226,0,1.7720329342365009,15.414005124136596,26.663570716384385,13.351016665813722,6.769078798459849,13.350297041040182,0.10404978234948992,1,1,0.04978520751531784,0.04720001554417417,0.12730717269203623,2.580201876489632,True,True,1.3543810850981838e-14,7.32410687763558e-15,1.1392641081511548e-14,True,0.05292182433932827,0.3892155522973273,True,A-F|B-A|B-B|C-D|D-E|E-C
rectangle-opposite,horizzontal-parallelepiped,180,10,True,28,562,108,108,0,1.7978988140853815,13.696261374495148,23.267950213401445,13.321981443535748,2.9948590158037147,13.321939636777179,0.025966923503998984,1,1,0.049779669813207056,0.06733109329739176,0.11877616764765242,2.386037675487753,True,True,9.18537636701491e-15,6.4047456679787536e-15,6.584099933341186e-15,True,0.07227372566323872,0.32651322683833955,True,A-D|A-E|B-A|C-F|D-B|D-C
3X2,pentagon,360,10,True,0,1732,276,276,0,1.5723643476779314,14.031179840711498,24.101468563570002,13.86071529578706,1.9430825637504396,13.860662141375604,0.02369935071055984,1,1,0.04960692991330496,0.025076782737174674,0.11980675371870404,2.415121313253674,True,True,5.870592330965522e-15,3.972054645195637e-15,4.32280420699006e-15,True,0.12202216746304069,0.40241141832069854,True,A-A|B-E|C-C|D-D|E-B|F-E
wave,rhombus-ext,78,10,True,14,257,51,51,0,1.6858941192166608,14.06640504017201,23.73497906797333,13.962446723073937,1.57485234581628,13.96235648247985,0.017670752440883675,1,1,0.04947149105329244,0.008530648864551234,0.12025422447947008,2.430778250647994,True,True,1.1606079486820638e-14,6.646518689688359e-15,9.514455862634612e-15,True,0.09075906061666329,0.4944694914980932,True,A-B|B-A|C-A|C-C|D-D|E-D
cross,horizzontal-parallelepiped,360,10,True,28,1114,241,241,0,1.5668717273430608,14.031274979496647,25.11321865826729,12.971378178033577,4.876384661885933,12.970182320746675,0.07634910716985566,2,1,0.04947136184657575,0.016831171597542743,0.12062038494021247,2.4466180683320915,True,True,0.3933521902501391,0.048753027751427015,0.3903192127728921,True,0.10635896183184028,0.4179157688864527,True,A-D|B-E|C-C|D-A|D-F|E-B
2X3,central-parallelepiped,360,10,True,68,1073,196,196,0,1.6698622610101432,13.777590942992571,23.670055655470403,13.344287348977586,2.8183281050166635,13.344259159715461,0.031700269415436466,1,1,0.04933093804840742,0.043968347234835364,0.1182833525055951,2.3977519419867126,True,True,0.08205916431379438,0.016359011741753686,0.08041199650992054,True,0.23281973224301278,0.4179157688864527,True,A-C|B-E|C-C|D-A|E-B|F-D
base-trapezoid,rhombus-ext,78,10,True,18,192,40,40,0,1.966723722582944,15.6712051170398,25.94629594353639,13.469959608081073,7.203758346364706,13.46777474744485,0.11617231408005857,1,1,0.04929301484160463,0.02629537212177234,0.12772175122627635,2.5910720136857153,True,True,1.5035722225109551,0.30321533004272927,1.4726811915460902,True,0.13995190091608387,0.4804999201258812,True,A-C|B-A|B-B|C-D|D-A|E-D
pentagon,arrow,168,10,True,0,625,135,135,0,1.667040176295078,13.835805520545142,24.020016078678587,13.503570823361663,2.599614911191573,13.50321922510876,0.039921698089861124,1,1,0.049078651387890346,0.03821990902226027,0.11811586626183723,2.406664872029901,True,True,1.0177784514167811e-14,9.057678187205881e-15,4.641741426862217e-15,True,0.05668030598150012,0.3886873512957292,True,A-C|B-E|C-B|D-C|E-A|E-D
vertical-parallelepiped,central-trapezoid,360,10,True,37,1401,238,238,0,1.5779651208211916,13.921373905024291,23.884126836270845,13.615359404732972,2.1922041535956795,13.615328159244116,0.028061428896505092,1,1,0.04907427752220182,0.029973156280823563,0.11852412384305154,2.4151985485559053,True,True,8.578224251856995e-15,7.377764055609925e-15,4.3765887235263146e-15,True,0.12466421747600853,0.49573600680125657,True,A-B|B-D|C-E|D-D|E-A|F-C
parallelepiped-int,rhombus-ext,34,10,True,10,86,18,18,0,9.155074427574263,14.06290016902507,22.704076462160252,13.840601166981227,2.0158117117421206,13.840447645027188,0.02464395620973292,4,1,0.048997562851736814,0.011695133068765464,0.11832675782745564,2.414951906597969,True,True,1.0549017628701262e-14,6.646518689688359e-15,8.191798473978308e-15,True,0.10535472118021304,0.432603075572651,True,A-B|B-A|B-C|C-A|C-D|D-D
horizzontal-parallelepiped,rectangle-same,180,10,True,26,571,107,107,0,1.8292340280943356,14.618912360677678,21.190708964731524,14.171010283097232,2.809552990568457,14.170971807290096,0.026982675034277648,1,1,0.048781693375672425,0.05430366177451098,0.11641058135794943,2.4007140822133777,True,True,1.2884806661106357e-14,1.020439314654103e-14,7.86693099022212e-15,True,0.07463135630357431,0.32651322683833955,True,A-A|B-C|C-C|D-B|E-D|F-A
arrow,base-trapezoid,168,10,True,14,668,97,97,0,1.9118084639398145,14.731406843732945,21.96616371581801,14.072463284429093,2.080078845740882,14.072164546462293,0.028106148842116596,1,1,0.0487766105480752,0.029800255484802793,0.11782586434345703,2.415622221788566,True,True,1.2932549549818032e-14,1.1374233532693354e-14,6.1544820580007095e-15,True,0.13150671008127005,0.3846245126357791,True,A-B|B-E|C-A|C-C|D-B|E-D
base-trapezoid,pyramid,360,10,True,21,1005,260,260,0,2.033115887595838,15.308277170034108,27.476047577961186,14.49560084923113,6.553114020840835,14.493931357513079,0.09657788694409497,1,1,0.0487052418065042,0.027526566843864737,0.12634889030833116,2.5941538450889747,True,True,1.6687726792306412e-14,1.3359632472723714e-14,1.0000022284395537e-14,True,0.08905371687565627,0.41115190529900336,True,A-A|B-C|B-D|C-F|D-B|E-E
central-trapezoid,pyramid,360,10,True,10,1174,251,251,0,1.521586328913235,12.881310458516694,25.41392647530632,12.696284343220661,2.0078738639608944,12.696258939328319,0.027377184812905853,4,1,0.048408666324693615,0.014433948380573158,0.11650413547164781,2.4176584206466853,True,True,9.764914844410565e-15,3.972054645195637e-15,8.920557371272804e-15,True,0.06749574593006163,0.41981971932396717,True,A-C|B-B|C-D|D-A|D-E|E-F
rectangle-same,vertical-parallelepiped,180,10,True,32,469,103,103,0,2.036661537750952,15.474240383399197,26.14073076091371,12.860096237356949,7.4036805685898806,12.85950021968868,0.13440980902078614,1,1,0.048367487562160645,0.062358647028093614,0.1255158889793395,2.595046699873127,True,True,5.187546040945947e-15,3.972054645195637e-15,3.336677362663902e-15,True,0.10388484120579342,0.4652866157331114,True,A-A|A-C|B-B|C-D|C-E|D-F
horizzontal-parallelepiped,central-trapezoid,360,10,True,16,1298,254,254,0,1.521381665052194,13.861108812911112,23.67664220733819,13.63317046172884,2.165989874812536,13.63309097611169,0.027958486913654212,1,1,0.048352340482000745,0.03001179517654712,0.11657315046517584,2.410910191794551,True,True,1.3382678259169867e-14,1.1374233532693354e-14,7.051445875294789e-15,True,0.16766592184114334,0.4341882410243255,True,A-B|B-E|C-D|D-D|E-A|F-C
two-triangles,3X2,720,10,True,56,2904,478,478,0,1.5341503616203565,13.874770558709884,24.027802766945044,13.713670060398528,1.7514564118870442,13.713608043364754,0.017148964237421183,2,1,0.0481195973881676,0.022882014653361482,0.11593252835760413,2.4092580705197553,True,True,9.516398910142132e-15,9.057678187205881e-15,2.9189577033539096e-15,True,0.06983174069331585,0.4983373804363495,True,A-C|B-E|C-A|D-B|E-F|F-D
vertical-parallelepiped,hexagon,720,10,True,124,1839,449,449,0,1.5597805935825546,13.936175414581996,23.76434941973892,13.74819936573958,2.000156281911416,13.748117703844251,0.028712821085035145,1,1,0.04809900959938947,0.026576342504520612,0.11605458564854772,2.412826929601079,True,True,1.2576430793226386e-14,6.936895214610187e-15,1.0490285805369229e-14,True,0.12158795657747613,0.39300248433366436,True,A-E|B-B|C-C|D-D|E-A|F-F
2X3,rhombus-ext,180,10,True,52,315,97,97,0,1.6274900108207397,14.052162627954711,23.07983051380749,13.782964205961818,2.1284404640449672,13.782927897008209,0.03350562810234514,1,1,0.048098917856682556,0.040596190192042206,0.11629896762016323,2.4262493933419575,True,True,1.0183232845301673e-14,4.351167857633658e-15,9.206821897719459e-15,True,0.152567359694524,0.45336865794965664,True,A-A|B-D|C-B|D-A|E-D|F-C
rhombus-ext,horizzontal-parallelepiped,180,10,True,40,425,103,103,0,1.6417600331521651,14.002026932110171,23.40104970000706,13.867994918222287,2.04308956029953,13.867921881783937,0.021836158358324198,1,1,0.04805549128795196,0.022906919536484313,0.11670181228187954,2.428480266336138,True,True,7.421074851107613e-15,4.070144838902081e-15,6.205342290003078e-15,True,0.2360589479133897,0.5320633063655716,True,A-B|A-F|B-A|C-E|D-C|D-D
rectangle-opposite,rhombus-ext,34,10,True,10,38,20,20,0,2.6098700543956506,14.011390411865072,22.608035183471788,13.68111096028143,2.452607552331856,13.681092219535484,0.024598830453332,1,1,0.04801482259975554,0.04022540523834262,0.11580575672390153,2.4221775695376095,True,True,0.18530743062523458,0.02803755784417058,0.18317406802017833,True,0.40455298687384883,0.45336865794965664,True,A-A|A-D|B-A|C-B|D-C|D-D
3X2,pyramid,720,10,True,30,1996,524,524,0,1.6932957354820042,12.908131861471633,25.719375414740462,12.710833339162878,2.0503559243266243,12.710821685188694,0.027065762214279587,1,1,0.04800580723707374,0.019391207674022453,0.11587470396487536,2.413764305485693,True,True,1.4320785116500816,0.2303546311463977,1.413430439547458,True,0.05225963340424052,0.4387982942468777,True,A-A|B-B|C-D|D-E|E-C|F-F
vertical-parallelepiped,two-triangles,720,10,True,64,2935,432,432,0,1.5438042014073212,13.786605494980538,24.12203799631419,13.569703173386078,2.133741129718502,13.56967235198892,0.027850795453757016,1,1,0.04762842492604089,0.033173398929446825,0.11472834507347386,2.408820893229791,True,True,1.0762293788937554e-14,1.020439314654103e-14,3.420135685938544e-15,True,0.0667122630549902,0.4652866157331114,True,A-C|B-F|C-B|D-E|E-A|F-D
two-triangles,rhombus-int,180,10,True,24,813,100,100,0,1.5774225615646504,13.956091783815463,23.704635745345296,13.79434772799653,1.8750111187768657,13.794322351383693,0.016836807635071338,1,1,0.04721337546113578,0.023741208681947696,0.11446656845427038,2.424452124769067,True,True,0.7579868708213554,0.09386593410453511,0.7521524331890664,True,0.12280317420997572,0.45336865794965664,True,A-B|B-C|C-A|D-B|E-D|F-C
two-triangles,two-triangles,720,10,True,168,1524,456,456,0,1.5244241748918932,13.919246707564765,23.314023647411336,13.73329115847602,2.159632877840946,13.733244148776876,0.01954621922020472,3,1,0.04720349751262784,0.01961827189902848,0.11413332351144646,2.417899721962628,True,True,7.978943554234763e-15,7.32410687763558e-15,3.1655961028905227e-15,True,0.06642452791692688,0.492171460355549,True,A-C|B-A|C-B|D-F|E-D|F-E
cross,2X3,360,10,True,48,712,247,247,0,1.5490115010393672,13.98049726366671,25.02269986346314,12.944014751687877,4.896962911219305,12.943197698770078,0.07606830180186108,2,1,0.047142273354826555,0.023111904666423946,0.11527657984606074,2.445291065587918,True,True,0.27631375794861934,0.04355119278939168,0.272860012530802,True,0.07514272091914191,0.4179157688864527,True,A-E|B-C|C-B|D-A|D-F|E-D
rhombus-ext,base-trapezoid,78,10,True,18,192,41,41,0,2.3783227433470757,15.034459073618523,21.641784467628323,14.929301967206499,1.9643429722303891,14.929254435395128,0.02505734229666956,1,1,0.046958563340284,0.0267671693626353,0.11368772486463176,2.421022211450479,True,True,1.2358185627113751e-14,9.565974336450906e-15,7.824122122549183e-15,True,0.05386257358076716,0.5202372758899162,True,A-A|A-D|B-B|C-C|D-B|D-E
hexagon,pentagon,360,10,True,0,1678,249,249,0,1.564728678028617,14.004999690847832,24.26532122242037,13.832084108682672,2.026095422335972,13.831995461449182,0.02225245594001457,3,1,0.04691780613016528,0.020880249212259228,0.11261452836486335,2.4129447426930226,True,True,0.3015532632253701,0.044373790425334,0.29827057730382645,True,0.13193619455897973,0.4792206689381541,True,A-E|B-B|C-A|D-D|E-E|F-C
rhombus-int,vertical-parallelepiped,180,10,True,40,539,91,91,0,1.5781868488809034,14.008084013859111,23.595999994958657,13.787683917646996,2.207170716871933,13.787489656473086,0.026272829292794952,2,1,0.046843364506488204,0.02290421552153462,0.11375026099535004,2.4283110787141404,True,True,0.8210182109739679,0.10609889649602373,0.8141338507353818,True,0.27104158318917776,0.4179157688864527,True,A-F|B-A|B-B|C-C|C-E|D-D
rectangle-same,hexagon,180,10,True,20,571,108,108,0,1.7977662115461326,15.470619497858282,26.513445227995177,13.088544390711919,7.165391364631489,13.08611225680544,0.14538279735649517,1,1,0.0468276794893208,0.041008730530518,0.1200995438414867,2.576425848193886,True,True,1.1680580411448003e-14,5.329070518200751e-15,1.039408322846928e-14,True,0.10111599400144398,0.39028483721018153,True,A-B|A-E|B-F|C-A|C-C|D-D
rectangle-same,rhombus-ext,34,10,True,14,56,14,14,0,2.6994911767029164,15.5197315153166,25.09258639845706,13.777042650724061,6.608773300299417,13.777042650724061,0.14355240806922964,1,1,0.0468114927443591,0.05142405683393717,0.12001171181764438,2.580421691262799,True,True,0.8163977558519433,0.11785176577758008,0.8078466791806448,True,0.11764358390307615,0.41115190529900336,True,A-A|A-D|B-A|C-B|C-C|D-D
parallelepiped-ext,cross,78,10,True,8,285,49,49,0,1.851755016322208,14.549525558060347,22.528762880187156,14.33214801017367,2.106236753604016,14.332108627675922,0.01179887333304741,1,1,0.046580674061600554,0.014949496738931636,0.11462269616065708,2.4998016849281064,True,True,1.743965334135605e-14,9.057678187205881e-15,1.4903018973472656e-14,True,0.12280317420997572,0.45336865794965664,True,A-A|A-D|B-C|C-B|D-D|D-E
horizzontal-parallelepiped,wave,360,10,True,68,748,220,220,0,1.6014308228612741,14.120401493542653,23.641950454543732,13.973029856969262,1.7864710746677936,13.972933668382261,0.02950136607914544,1,1,0.04652008245461781,0.014537328008355152,0.11191662735689924,2.405770184652582,True,True,7.902105480750097e-15,4.351167857633658e-15,6.596257219332524e-15,True,0.1968589624219254,0.4375415187649024,True,A-E|B-C|C-B|D-C|E-D|F-A
hexagon,rhombus-ext,180,10,True,40,610,99,99,0,1.5187462203802553,14.075583134744917,23.786562694080626,13.898972276560643,1.8693446863466607,13.898927457958084,0.024299473657263704,1,1,0.04644099141431092,0.02037269258289167,0.11254904215243745,2.4234849154782503,True,True,6.073843368965517e-15,4.351167857633658e-15,4.237795599769071e-15,True,0.05431799011643127,0.4475031594694418,True,A-B|B-A|C-D|D-A|E-D|F-C
parallelepiped-ext,2X3,180,10,True,60,248,102,102,0,3.992678010033697,13.801604009142508,22.115487409789363,13.62290090333985,2.1287468114047403,13.622864916305218,0.011190827883465815,1,1,0.04602230087756355,0.023895605550314374,0.11275101741744831,2.5022475705240517,True,True,0.6822453033849081,0.09718768332852919,0.6752875004026053,True,0.05172163655963992,0.4446994208396341,True,A-C|A-D|B-E|C-A|D-B|D-F
horizzontal-parallelepiped,rhombus-ext,180,10,True,40,528,100,100,0,1.5641718074541706,14.044739896931928,23.28484611482438,13.839935737837923,2.0969540910127846,13.839891511172054,0.027069180053898023,2,1,0.04597538074700487,0.022899772243859046,0.11164383718362787,2.4283395889201214,True,True,8.391552999452448e-15,5.9580819677934555e-15,5.909265691071425e-15,True,0.13199573437863452,0.5089644839199717,True,A-A|B-A|C-B|D-D|E-D|F-C
pentagon,horizzontal-parallelepiped,360,10,True,0,1240,270,270,0,1.7694778835290368,13.745946587369133,24.26277525599813,13.368608486712358,2.833546879037692,13.36829515201422,0.04146713972803262,1,1,0.045859736814393696,0.04576962665421064,0.11027234861339273,2.416623795334142,True,True,1.1296485177750765e-14,9.565974336450906e-15,6.008553267260379e-15,True,0.08731941453218817,0.3503071239504709,True,A-A|B-F|C-B|D-C|E-D|E-E
parallelepiped-int,3X2,180,10,True,52,621,74,74,0,1.6230781771390603,13.837238808695888,23.68943063934668,13.696762345917007,1.7670763902976319,13.696612209917216,0.02063560344169524,1,1,0.04567802180874122,0.010369068927510116,0.10960901984357438,2.410785504132221,True,True,1.190490963810828e-14,1.1374233532693354e-14,3.514780937025448e-15,True,0.07318145025589515,0.4758721058984647,True,A-E|B-A|B-C|C-B|C-D|D-F
two-triangles,central-trapezoid,360,10,True,16,1519,245,245,0,1.561240499531728,13.887076806583243,23.962866614367538,13.677866137956364,2.0358689970661055,13.677777883817212,0.017127648652477845,3,1,0.04566385251643886,0.014653665941686118,0.11105597448487835,2.4320325238633447,True,True,1.0810294250983927,0.1076416899563057,1.0756569548475536,True,0.09384548488577421,0.4661386319733713,True,A-A|B-B|C-E|D-D|E-C|F-D
horizzontal-parallelepiped,arrow,360,10,True,46,907,247,247,0,1.5139150391337386,13.907253353650518,23.71460098206751,13.645226492357798,2.2346257991746694,13.6450714486204,0.02737391334585304,1,1,0.04564642097484712,0.03036310150803655,0.10973010969049168,2.4039148600710023,True,True,1.9109386264541936e-14,1.7222418539888655e-14,8.279912019119742e-15,True,0.16622082587559467,0.32651322683833955,True,A-B|B-C|C-D|D-A|E-E|F-C
two-triangles,rhombus-ext,180,10,True,24,688,108,108,0,1.5726610913972432,14.044943053776134,23.461866774133448,13.868221414571268,2.0714492011556613,13.868206033007432,0.019201335650249618,1,1,0.04558655008813575,0.02299560826468197,0.11073926182987136,2.4292090894303513,True,True,6.9979286851126974e-15,6.646518689688359e-15,2.1897020778056687e-15,True,0.06861440183273573,0.45336865794965664,True,A-A|B-D|C-A|D-B|E-D|F-C
horizzontal-parallelepiped,cross,360,10,True,28,1177,249,249,0,1.688074951194853,14.511046619445752,22.88654691947894,14.332460444892693,1.798578686357268,14.332377072817707,0.0288946941615027,1,1,0.04553233558074949,0.018769883137920784,0.11010405229208611,2.418150768849133,True,True,4.297366292363304e-15,2.5121479338940403e-15,3.4866129422366675e-15,True,0.12481706842300791,0.36990647383846204,True,A-C|B-E|C-D|D-A|E-D|F-B
rhombus-ext,central-trapezoid,78,10,True,6,255,47,47,0,1.7758606024809127,14.056792046997792,23.742793030661,13.928044142241454,1.9060527377157739,13.927995835429892,0.02429406861432959,1,1,0.045529277354029306,0.013650790139968023,0.1107074742352283,2.431566690030734,True,True,0.33898704984522326,0.20882639925613772,0.26702762953762677,True,0.26787424706002044,0.5202372758899162,True,A-C|A-D|B-A|C-D|D-B|D-E
2X3,cross,360,10,True,48,724,249,249,0,1.756579225912033,14.544435892659944,22.756637867183443,14.334209852627756,1.897929064281517,14.334095178453863,0.03295896260901365,1,1,0.04550309738733922,0.024213666292036525,0.10941503541765855,2.4045623638821163,True,True,8.904134009695873e-15,7.32410687763558e-15,5.063700317711733e-15,True,0.06970391706375242,0.36990647383846204,True,A-C|B-B|C-D|D-E|E-D|F-A
pentagon,pentagon,168,10,True,22,471,104,104,0,1.5733964345614637,13.946407583922095,23.586807694410915,13.54546336587115,3.057342102762727,13.545171190695932,0.03967929117043134,1,1,0.04537286356019566,0.029842878813963268,0.10860510093011158,2.4041527849582103,True,True,6.980292748090266e-15,4.782987168225453e-15,5.084045691930022e-15,True,0.061770518582597606,0.4160614448474135,True,A-C|B-A|C-E|D-D|E-B|E-E
rectangle-opposite,rhombus-int,34,10,True,10,38,20,20,0,2.574939717080206,13.964794462160746,22.518406557181155,13.850663762228326,2.53337464713192,13.850589322879372,0.0225282451212383,1,1,0.0453328633311302,0.0400855729368467,0.10976754123937782,2.4213679254625893,True,True,1.7714929547086372e-14,5.9580819677934555e-15,1.6682925046984065e-14,True,0.26808156824084334,0.45336865794965664,True,A-B|A-C|B-A|C-B|D-C|D-D
horizzontal-parallelepiped,3X2,720,10,True,148,1849,458,458,0,1.5374496844131582,13.93550668424,23.836506029490405,13.717860603860498,2.0307631371162813,13.717844604863831,0.02816012808066226,1,1,0.04518286158544096,0.022599750811664224,0.10874842297997778,2.406851163561965,True,True,1.275742393700272e-14,1.03578512786223e-14,7.447602459741819e-15,True,0.10318781976809567,0.4341882410243255,True,A-F|B-B|C-A|D-E|E-D|F-C
central-trapezoid,central-parallelepiped,168,10,True,18,588,109,109,0,1.5273428543132148,13.898148132457749,23.813222858255816,13.609967942051886,2.4058085751711857,13.609772658191725,0.026538603534115524,1,1,0.045089940550885624,0.0249077483778146,0.10868128481836736,2.4103222024814297,True,True,0.13324530952730199,0.013041984934245722,0.1326055019220599,True,0.16766592184114334,0.41981971932396717,True,A-D|B-C|C-E|D-A|D-B|E-C
pyramid,vertical-parallelepiped,720,10,True,22,2576,547,547,0,1.6410443903342555,16.637280673674557,23.464698218270925,14.336042827893259,7.248298869794166,14.33390064612707,0.07173688130743727,1,1,0.044985591462501105,0.03427115837811408,0.11434443975018503,2.5418014086910423,True,True,0.30808516742893377,0.03685950681479825,0.30587227260260774,True,0.15695969043670036,0.4633533918727237,True,A-D|B-C|C-B|D-E|E-F|F-A
3X2,3X2,720,10,True,268,489,414,414,0,2.007235194943098,14.164058413469848,23.748482138940794,13.941653352913299,1.727568210968683,13.941569171418818,0.02504937182913558,1,1,0.044857166261539475,0.010156824254022008,0.10883015511895133,2.4261486890281407,True,True,7.816632414262308e-15,7.337557957613285e-15,2.6944360297401985e-15,True,0.1996871374912286,0.4361681820504353,True,A-E|B-F|C-B|D-A|E-D|F-C
cross,base-trapezoid,168,10,True,30,547,98,98,0,1.619650441032218,15.119056616788862,23.474588230313312,14.13383985291583,4.747127948290631,14.132527204465065,0.0759380210804732,2,1,0.04483901491110774,0.011888811768595266,0.11000567228368313,2.4533472133981244,True,True,1.2733246558761284e-14,1.246617817651181e-14,2.5942184945888343e-15,True,0.21524043613620883,0.4993505740910072,True,A-E|B-B|C-B|D-A|D-C|E-D
two-triangles,central-parallelepiped,360,10,True,36,1719,198,198,0,1.5136171901395683,13.798476781512775,23.849528778286885,13.562964120033808,2.1955486237449926,13.562922243139697,0.01989916593251273,1,1,0.04450983640146523,0.023312138265982343,0.10682779723515859,2.4000941336113715,True,True,0.11145098578408451,0.03179802912767882,0.10681857317826098,True,0.05660086350271414,0.4431883781158899,True,A-B|B-E|C-A|D-C|E-C|F-D
hexagon,cross,360,10,True,8,1390,262,262,0,1.6164165085578919,14.625580824786944,23.34972307260818,14.450388563024813,1.6481694924169625,14.450164429794839,0.025522418305989447,1,1,0.044189892136761375,0.01590468901344159,0.1070876602502212,2.423351926698537,True,True,5.971771897370961e-15,5.329070518200751e-15,2.6950077933603723e-15,True,0.052972451291152654,0.5194900697183719,True,A-C|B-A|C-D|D-B|E-E|F-D
rectangle-opposite,base-trapezoid,78,10,True,0,246,60,60,0,2.424129470358612,14.886471830057427,21.423001475713324,14.504993796024312,2.6194317645004257,14.504858435146966,0.02882028669843706,1,1,0.044164765731956934,0.06494324511975423,0.10637982611432976,2.4087035072248777,True,True,8.453201947702006e-15,7.32410687763558e-15,4.220673123283083e-15,True,0.07556782805543794,0.507168727450094,True,A-B|A-D|B-A|C-B|D-C|D-E
hexagon,vertical-parallelepiped,720,10,True,124,1886,455,455,0,1.5790195127999538,13.845933311330253,23.807183314981284,13.613657507675322,2.069128614698376,13.613605316169004,0.025270573661359208,1,1,0.04411014270896546,0.026576342504520636,0.10643701973062374,2.412982892231501,True,True,9.689518753423438e-15,6.646518689688359e-15,7.050571819403574e-15,True,0.050002356365240426,0.36945378526400835,True,A-A|B-D|C-E|D-F|E-C|F-B
central-parallelepiped,two-triangles,360,10,True,36,1699,221,221,0,1.5163914649486188,13.79154896612896,23.824303067784573,13.582422488015268,2.093442662464289,13.582378550685807,0.02726361366815233,3,1,0.04405199526135094,0.023293030775853086,0.10683527011007056,2.4252084264569644,True,True,8.770761894538737e-15,8.140289677804162e-15,3.2652638748082423e-15,True,0.17599912025402614,0.5232912264762855,True,A-D|B-E|C-A|C-C|D-B|E-F
pyramid,2X3,720,10,True,64,1480,548,548,0,1.73679074228441,16.758677261684745,23.382360649043644,14.866748914858313,7.317475602227917,14.866108146953295,0.0751631814467455,12,1,0.04395634505158038,0.026070394653393662,0.11049031651013037,2.5250502536664343,True,True,7.033067890166158e-15,6.936895214610187e-15,1.159106867033638e-15,True,0.07463135630357431,0.4179157688864527,True,A-C|B-F|C-B|D-A|E-E|F-D
wave,cross,168,10,True,28,664,100,100,0,1.5391612582064835,14.649405770435678,23.07590332193386,14.488506895764067,1.6148308069767263,14.48843469020727,0.016446696792735693,1,1,0.04392524177624604,0.006758090592101579,0.10651378057780002,2.4248877472406014,True,True,0.12351566621394944,0.009873964898651751,0.12312036637963665,True,0.05071673947113901,0.4475031594694418,True,A-D|B-C|C-A|C-D|D-B|E-E
pentagon,cross,168,10,True,1,813,116,116,0,1.8234523002214544,14.430980246519832,23.10818563529539,14.093488178306954,2.4822462583718363,14.09320144821682,0.03995617451047728,1,1,0.04390171967172726,0.01885921114118778,0.10622958405289473,2.41971350660568,True,True,1.0443328091883157e-14,8.140289677804162e-15,6.542078079337704e-15,True,0.0654221785506943,0.4312665152281575,True,A-C|B-D|C-B|D-E|E-A|E-D
hexagon,3X2,720,10,True,96,2241,492,492,0,1.537911900672479,13.99011940482843,24.048159873655816,13.857063788880165,1.7967521790916254,13.856949915925727,0.025939387096462596,1,1,0.04359210891764173,0.018589170321302535,0.10555690123992026,2.421468101929828,True,True,5.96970750463885e-15,4.351167857633658e-15,4.08714398640874e-15,True,0.056456766395305155,0.4836808458573047,True,A-E|B-C|C-A|D-F|E-B|F-D
horizzontal-parallelepiped,rhombus-int,180,10,True,44,530,105,105,0,1.5515709350958304,13.90716828820629,23.422563612504785,13.78471940953504,1.9279038311618257,13.784618880433328,0.026753245575532603,1,1,0.04352896549906269,0.021606162650842753,0.10522517872624325,2.4173599698460344,True,True,0.05464910534806712,0.00807513183723746,0.0540492087005478,True,0.05717736575661363,0.4375415187649024,True,A-D|B-C|C-B|D-C|E-B|F-A
central-parallelepiped,pentagon,168,10,True,0,611,130,130,0,1.5542656820258114,13.922097185614001,23.448466463042767,13.63369389908357,2.1795325060166397,13.633638414914744,0.023418955578504708,1,1,0.04352804290360235,0.029251571650207336,0.10500426143288012,2.412335920211796,True,True,7.304938477162283e-15,6.646518689688359e-15,3.0308275211152088e-15,True,0.05854812886921447,0.3581303928054846,True,A-E|B-D|C-A|C-C|D-E|E-B
parallelepiped-ext,base-trapezoid,78,10,True,0,214,56,56,0,2.493121671950891,14.97912192627279,21.013373050006734,14.649028562529448,2.362944063999728,14.648923683971855,0.012349306680178529,1,1,0.043441954360963944,0.02420819803204885,0.10621065565266691,2.5001135725007124,True,True,0.8858303200245039,0.125016567818081,0.8769642031723427,True,0.15555707358765414,0.4446994208396341,True,A-B|A-D|B-B|C-A|D-C|D-E
base-trapezoid,rhombus-int,78,10,True,12,428,25,25,0,1.760486809439825,15.466991372999159,26.348527622885957,13.27016014681023,6.969531163541664,13.269045746211795,0.12320380344142023,1,1,0.04341210686624653,0.022876417537654115,0.11260416389552384,2.593842409963176,True,True,8.314821872513881e-15,6.646518689688359e-15,4.9960036108132044e-15,True,0.14232149778427988,0.49463167676755143,True,A-B|B-A|B-C|C-B|D-D|E-C
pyramid,base-trapezoid,360,10,True,21,1067,258,258,0,1.8395406565599286,16.967224598942067,23.890446948213214,14.286778506493794,7.449054671321891,14.286139271645919,0.07984205595770355,1,1,0.043397096470972486,0.03399570370433441,0.10982649340976422,2.530733674388219,True,True,0.13483939337526304,0.017884869332485974,0.13364802076637286,True,0.08489774029962718,0.3832241553251438,True,A-E|B-C|C-B|D-D|E-B|F-A
vertical-parallelepiped,rhombus-int,180,10,True,40,461,106,106,0,1.5474982285266496,13.990699573075695,23.623340382425724,13.86994968957489,1.9825888220101786,13.869839259542657,0.02529852924150866,1,1,0.043328317442418156,0.022904478851778556,0.10519852439608655,2.4279392924936856,True,True,9.520769317158771e-15,7.53644380168212e-15,5.8178228930278586e-15,True,0.13881707081770853,0.47930655890500934,True,A-B|B-B|C-C|D-D|E-C|F-A
cross,vertical-parallelepiped,360,10,True,20,1140,234,234,0,1.713460859996953,14.037217265487978,24.900832912417325,12.992297996640911,4.881647303073858,12.991432570325347,0.08338224160869423,3,1,0.04318768400877708,0.016253111785944626,0.10576004028843253,2.4488472284584373,True,True,1.1102935212546734,0.09469558855888423,1.106247914731408,True,0.08547816624632362,0.32747907437451723,True,A-E|B-C|C-A|D-B|D-F|E-D
2X3,base-trapezoid,360,10,True,100,589,210,210,0,2.145547242341857,14.890002431763255,21.316862109513377,14.733337631291723,2.3259280254826615,14.733223477275377,0.03395370797901087,1,1,0.04314731978780528,0.038683421099747484,0.10379756543304043,2.4056549964982232,True,True,5.079497837283418e-15,1.7763568394002505e-15,4.7587660856657865e-15,True,0.14791625621687243,0.44904494826803076,True,A-B|B-D|C-B|D-A|E-C|F-E
base-trapezoid,arrow,168,10,True,14,848,87,87,0,1.657349188647353,15.472791763446022,26.430769268095382,13.243422936751234,6.871978996884131,13.243422936751234,0.10581835331536205,1,1,0.043123945546556054,0.02926133775348454,0.1118190466837209,2.5929688312726977,True,True,9.122257452905157e-15,6.646518689688359e-15,6.2481493535851895e-15,True,0.08096940055903461,0.3676539667191418,True,A-C|B-B|B-E|C-C|D-D|E-A
rectangle-same,rhombus-int,34,10,True,8,76,18,18,0,2.668191710375767,15.344019232310945,26.04908876368759,13.44218243087738,7.118578561281312,13.441089678009973,0.13067649727083008,1,1,0.043081583510823925,0.05124529557157738,0.1111107632856302,2.579077977895461,True,True,0.4308511061737885,0.07178473518943977,0.4248289390860269,True,0.26808156824084334,0.41115190529900336,True,A-B|A-C|B-A|C-B|C-C|D-D
vertical-parallelepiped,3X2,720,10,True,136,1545,474,474,0,1.5215383066316457,13.94829562660213,23.9658356102384,13.70012246069635,2.0334562157036986,13.700038902588506,0.027888429699698847,1,1,0.04295984523251066,0.019672369729863762,0.10364171113937537,2.412525244875477,True,True,8.993491796206959e-15,7.377764055609925e-15,5.14310142114581e-15,True,0.12008825600660163,0.3846245126357791,True,A-F|B-A|C-B|D-C|E-D|F-E
rectangle-same,central-parallelepiped,78,10,True,26,165,35,35,0,2.3857080347306248,15.478800707067878,25.135577625676774,12.810226814870811,7.241845778553391,12.806545625832708,0.13347649971276532,1,1,0.04291476384721588,0.051887183263067696,0.11133484448088878,2.594324994476503,True,True,8.356226185527988e-15,5.329070518200751e-15,6.436421635951703e-15,True,0.2011456302235052,0.4652866157331114,True,A-A|A-B|B-C|C-D|C-E|D-C
pentagon,rhombus-int,78,10,True,0,423,47,47,0,2.123816991075407,13.819281860629589,23.8303338268044,13.491108813132934,2.631637196706997,13.49083591121273,0.040044470190876424,1,1,0.042912624228101375,0.027026324523876197,0.10292202897621738,2.3984091121795994,True,True,8.452290561089217e-15,6.4047456679787536e-15,5.515473566030869e-15,True,0.051060516802225384,0.4312665152281575,True,A-C|B-B|C-B|D-C|E-A|E-D
rhombus-int,arrow,78,10,True,6,365,45,45,0,1.5731709532258704,13.864720548164737,23.413990964706926,13.73912541124723,1.7787873304601836,13.739066064700642,0.025755317777727882,1,1,0.042869741399079994,0.013283539185274917,0.10375131877353676,2.420152662170323,True,True,1.0070305798543708,0.12139701923025206,0.9996866271406456,True,0.08272779994818835,0.4499078879065762,True,A-A|B-C|B-E|C-B|C-D|D-C
wave,pentagon,168,10,True,0,564,119,119,0,1.6391839912587352,14.229805815113899,23.632991864658933,14.070416088850681,1.7993592052786194,14.070301450276594,0.014116800400286067,1,1,0.04281121232449889,0.012344771680101722,0.10352049862519482,2.418069776686861,True,True,0.9432027591479722,0.10832133716936233,0.936962076488792,True,0.11990081808689683,0.403356028754083,True,A-B|B-E|C-C|C-D|D-A|E-E
base-trapezoid,two-triangles,360,10,True,12,1201,260,260,0,1.622510716252608,15.403126297396941,26.74500812526237,13.294233943677009,6.879195855584648,13.294233943677009,0.09872217456308796,2,1,0.042748809770701085,0.030100465530481638,0.11037789178728824,2.582010876544646,True,True,7.23776861244768e-15,5.9580819677934555e-15,4.109325218620118e-15,True,0.06725787130427473,0.443009111449057,True,A-D|B-A|B-E|C-B|D-F|E-C
central-trapezoid,two-triangles,360,10,True,16,1534,243,243,0,1.5180905683424843,13.861444263355144,24.11028568353334,13.66359151859873,1.9854266866210182,13.663536093284232,0.025189412074309914,4,1,0.04261233838079621,0.014644834722778124,0.10363098847956854,2.4319479384935883,True,True,1.0175362097255202e-14,5.329070518200751e-15,8.668275562203903e-15,True,0.1444063467437753,0.443009111449057,True,A-A|B-B|C-E|D-D|D-F|E-C
3X2,central-parallelepiped,360,10,True,88,676,206,206,0,1.552403604237909,14.02078025626263,23.7695188168197,13.748995291321515,2.4134732047552907,13.74893790101213,0.026657340383369643,1,1,0.042445640948810155,0.016524425604738185,0.10248514836402418,2.4159022148582467,True,True,6.995286129029383e-15,6.646518689688359e-15,2.1812421540521875e-15,True,0.11883491840235728,0.3676539667191418,True,A-C|B-E|C-C|D-A|E-D|F-B
rhombus-int,pyramid,180,10,True,12,563,121,121,0,1.7651382744877289,12.96976698181887,25.447872041714852,12.786425015081091,1.8971469204502707,12.786425015081091,0.025391050902895174,2,1,0.04233981387594724,0.01922210747396537,0.10241826732739186,2.4189588463348084,True,True,1.1631867507215192,0.08055932365305692,1.1603937316388122,True,0.11002267832771204,0.4475031594694418,True,A-A|B-B|B-D|C-C|C-E|D-F
rhombus-ext,pyramid,180,10,True,16,466,123,123,0,2.0237297556688847,12.99534988372633,25.776033764097935,12.798430306867855,2.044623571913572,12.798430306867855,0.026652139647419304,1,1,0.042309969137474694,0.020188868853876905,0.10236816415541307,2.4194809460341524,True,True,1.2421108514497738e-14,9.057678187205881e-15,8.49955308154158e-15,True,0.2057413590396566,0.4179157688864527,True,A-D|A-F|B-B|C-A|D-C|D-E
vertical-parallelepiped,rhombus-ext,180,10,True,44,495,100,100,0,1.6271897444275756,14.05803335357412,23.24862001989388,13.912091359123645,1.884012825290367,13.912057637118572,0.027786766970484322,1,1,0.04223290358374588,0.021402664248659137,0.10203979103580309,2.4161206636778583,True,True,8.594732584726608e-15,1.9860273225978185e-15,8.36212435191299e-15,True,0.06858181942565879,0.4804999201258812,True,A-C|B-D|C-A|D-D|E-A|F-B
parallelepiped-int,hexagon,180,10,True,24,523,124,124,0,1.6106068917081728,13.933798787697267,23.598457861030276,13.636687897117268,2.200305557599384,13.636659239214634,0.02087029424388298,2,1,0.042225601934746795,0.01256152499979435,0.10192944547593061,2.413925220851723,True,True,1.2853536336969411,0.20006881769922302,1.269687533152297,True,0.050933605817140015,0.39300248433366436,True,A-E|B-A|B-B|C-C|C-F|D-D
arrow,horizzontal-parallelepiped,360,10,True,46,909,247,247,0,1.5358014304567926,13.90887562287419,23.72863707694435,13.65597614062474,2.3620359437855183,13.655875291276114,0.02991758410888501,1,1,0.04221611582285009,0.03038470758150703,0.10096492895968487,2.404003985939424,True,True,7.06803240042442e-15,5.329070518200751e-15,4.643068966264981e-15,True,0.1260039589860245,0.32651322683833955,True,A-F|B-A|C-D|C-E|D-C|E-B
triangle,2X3,90,10,True,30,125,48,48,0,1.8077943962855922,14.02842011581816,23.60456378008618,13.907598889792771,1.7988558366434124,13.907563059389355,0.02228721105689324,2,1,0.042197781766710754,0.014501214385939525,0.10202209178197312,2.417712199802335,True,True,0.7315139463285202,0.11035389129640975,0.7231422213844696,True,0.18632900272679512,0.48333701435588255,True,A-C|A-E|B-B|B-D|C-A|C-F
2X3,rhombus-int,180,10,True,64,444,77,77,0,1.617439788672027,13.900446036003004,22.906577348019564,13.58390065086807,2.287594768873257,13.583768975355538,0.031232869676346198,1,1,0.042156098763452186,0.033310072046423236,0.1020290786871536,2.4202685181962122,True,True,0.7979540826333142,0.10881170677557417,0.7905003038960583,True,0.152567359694524,0.45336865794965664,True,A-B|B-C|C-B|D-A|E-D|F-C
cross,rectangle-same,78,10,True,10,112,56,56,0,1.7772417940650305,15.11820058875836,22.71613298418713,14.240617082304238,4.912453404295109,14.240615587753652,0.0850966441430554,5,1,0.04196200797874437,0.02009826702156765,0.10258598750749272,2.4476868717315883,True,True,0.25388805620662364,0.038903683826190506,0.25088971375711977,True,0.29146942113982505,0.4179157688864527,True,A-D|B-C|C-A|D-A|D-C|E-B
base-trapezoid,2X3,360,10,True,100,608,203,203,0,1.590039581414891,15.281908795401197,26.225880891018406,13.065435693875887,6.911397235495247,13.064394649307838,0.10500769343783922,2,1,0.04184993783185583,0.03787271472900759,0.10811513782497476,2.583400201437776,True,True,0.40422282700587087,0.0769740377385875,0.3968262735591441,True,0.11416721002847433,0.41115190529900336,True,A-D|B-A|B-C|C-E|D-B|E-F
hexagon,rhombus-int,180,10,True,28,753,102,102,0,1.5434302345342792,13.976361380256384,23.804359236182748,13.851214007221277,1.70569764174452,13.851183143661443,0.02549089817135375,1,1,0.04175434537350945,0.021233348347272685,0.10106692501566196,2.4205127421248633,True,True,2.2953710005707734e-14,1.5587468005037626e-14,1.6849440471957985e-14,True,0.05431799011643127,0.4475031594694418,True,A-B|B-C|C-B|D-A|E-D|F-C
rectangle-same,horizzontal-parallelepiped,180,10,True,26,552,109,109,0,1.62758378504009,15.404741415598,25.722756376080106,12.803652265225892,7.4036067451485525,12.802951797925555,0.1328465933319336,3,1,0.04166622472286932,0.04565310816932786,0.10750386229586671,2.5802173937677666,True,True,1.4426065560596145e-14,1.432144669219779e-14,1.7342238036525468e-15,True,0.12417614469095416,0.3926817942954417,True,A-B|A-E|B-F|C-C|C-D|D-A
3X2,vertical-parallelepiped,720,10,True,136,1517,462,462,0,1.5548164029555676,13.914415597369802,23.994361375803173,13.653468567147982,2.15869662438714,13.653256287360428,0.025225043861409446,1,1,0.04156188835085939,0.019624526958548383,0.10027294289204806,2.412617589594547,True,True,7.873195718262682e-15,5.617333549722722e-15,5.516590850265166e-15,True,0.1356867343664309,0.3676539667191418,True,A-E|B-F|C-B|D-A|E-D|F-C
parallelepiped-int,pyramid,180,10,True,4,636,137,137,0,2.0246909691449,12.895185371177293,25.337866621582915,12.719332957215304,2.238120773872928,12.719327161293442,0.017963258114123803,2,1,0.041520693569797464,0.012604317226335916,0.10032738391580646,2.4163224476766816,True,True,0.9385779931889593,0.1664521414886545,0.9237003485397496,True,0.12280317420997572,0.3914966099903299,True,A-E|B-B|B-C|C-A|C-D|D-F
cross,arrow,168,10,True,12,767,95,95,0,1.5378789761222187,13.978973480288671,24.9652495557024,12.93120317214476,4.901868997720806,12.93120317214476,0.0817299120347581,1,1,0.04123603183793805,0.010720462808753016,0.100889210949861,2.4466275355098723,True,True,1.4101143638807148e-14,8.926082647349967e-15,1.0916377626985478e-14,True,0.055703953154907095,0.4179157688864527,True,A-E|B-C|C-C|D-B|D-D|E-A
central-parallelepiped,3X2,360,10,True,88,666,204,204,0,1.5289211434354661,14.03423876811781,23.74134726615273,13.751279276135318,2.258700109515836,13.751236857598794,0.028048990990365397,2,1,0.04104719770120406,0.016516520644452103,0.09915252014730609,2.4155734301052565,True,True,0.6124399907559582,0.049030397303786846,0.6104742110993642,True,0.22396553977378938,0.42827695480702754,True,A-D|B-F|C-A|C-C|D-E|E-B
two-triangles,cross,360,10,True,4,1663,247,247,0,1.6486300441444697,14.5394534342649,23.07099968335408,14.361030726656944,1.7695500943011875,14.360786354836545,0.017524029711315947,1,1,0.04104218705645649,0.01478153981359015,0.09921233813532543,2.417325811581427,True,True,8.13498828376885e-15,3.972054645195637e-15,7.099353229177726e-15,True,0.06870619841975627,0.503420624847555,True,A-D|B-A|C-B|D-C|E-E|F-D
central-trapezoid,rectangle-same,78,10,True,4,341,48,48,0,2.1209610809403636,14.543069950091478,21.794319663518863,14.394149885320719,2.622550578396066,14.394091357296743,0.02585063886063743,2,1,0.04100144606911866,0.032232630093207086,0.09803567832524356,2.4039021861258645,True,True,1.0560104189935007e-14,1.7763568394002505e-15,1.0409628085642582e-14,True,0.08940143105754272,0.3676539667191418,True,A-A|B-A|C-C|D-C|D-D|E-B
arrow,triangle,36,10,True,0,111,25,25,0,1.5202989892311294,14.224876128698268,23.66932144848629,14.070904475022344,1.7471298905786992,14.070766747381025,0.03272432191788788,1,1,0.040859346419206945,0.009266673341956317,0.09923377495119594,2.428667701462514,True,True,0.09950964154380063,0.0154710614857663,0.09829961859884977,True,0.23373934116623202,0.5415070311565382,True,A-B|B-C|C-A|C-B|D-C|E-A
rhombus-ext,triangle,15,10,True,1,51,10,10,0,9.202105425872116,14.15841740349978,23.456435306199815,14.106151054086858,1.3606364316479043,14.106087546249734,0.028533236683438545,1,1,0.0408363847824005,0.008527042602050972,0.09896535210056913,2.4234601722927445,True,True,1.1632467371486227e-14,9.607118501968132e-15,6.558778181783045e-15,True,0.07252816243454502,0.4758850463581296,True,A-A|A-C|B-B|C-B|D-A|D-C
parallelepiped-int,vertical-parallelepiped,180,10,True,28,703,114,114,0,1.6672580898866376,13.752079447980265,23.752210537786343,13.558163501995917,2.145309942376912,13.558054631699125,0.019888366875845165,4,1,0.04081511261107613,0.019377084509867797,0.08786133907875805,2.3882623262504663,True,True,0.5753326056960947,0.0560078957368278,0.5725999675097708,True,0.08446371459322005,0.41302574003819187,True,A-E|B-C|B-D|C-A|C-F|D-B
triangle,rectangle-opposite,15,10,True,2,53,9,9,0,1.7014569003194444,13.712503905057485,22.567729625437966,13.553588634431577,1.6934110492366312,13.553447556231557,0.020400959613434466,1,1,0.040615788735825296,0.018903005001426675,0.0972453799609825,2.4070541214885126,True,True,0.0793877930624803,0.014929522634734838,0.07797134756582148,True,0.09271964487101808,0.42238175706989983,True,A-A|A-D|B-A|B-D|C-B|C-C
central-parallelepiped,central-trapezoid,168,10,True,18,520,109,109,0,1.59214881796876,13.986247923520402,23.718500575326527,13.673051849671014,2.369853187804465,13.673015234638271,0.027818303617914708,1,1,0.04060663073395867,0.02491391435112618,0.09787287526943887,2.4102683108743954,True,True,8.566001992598308e-15,6.4047456679787536e-15,5.688200336284365e-15,True,0.16766592184114334,0.49573600680125657,True,A-B|B-E|C-A|C-C|D-D|E-D
rectangle-opposite,2X3,180,10,True,72,150,94,94,0,1.7871969514244537,13.770411371557984,22.33844283947926,13.431986660938732,2.721424955165225,13.43171960603873,0.027644491082641665,2,1,0.040591351117686525,0.071897415290878,0.09659652931642347,2.397059242688435,True,True,1.983450021109802e-14,9.729507111180988e-15,1.728421505297611e-14,True,0.1129376939867447,0.32651322683833955,True,A-E|A-F|B-A|C-B|D-C|D-D
rhombus-ext,arrow,78,10,True,6,320,45,45,0,1.8590909168274274,13.99243980773702,23.7856726986042,13.866640263993204,1.7359344017867584,13.866548706721364,0.026118110953749607,2,1,0.040586934616092994,0.019741528989905197,0.09800452239955523,2.414681555199189,True,True,0.11419051361964955,0.013530137513023626,0.11338610487885206,True,0.1032572795041736,0.32747907437451723,True,A-B|A-C|B-D|C-E|D-A|D-C
rectangle-opposite,wave,78,10,True,22,229,40,40,0,1.7143389693904936,13.92548727429232,23.001166944380486,13.788287572078605,1.9055725238559011,13.788175278805962,0.02928120085899444,1,1,0.040554652793758195,0.019871224203027543,0.09805644649995243,2.4178840094778073,True,True,2.9666023450863638e-15,1.7763568394002505e-15,2.375981029593432e-15,True,0.10229393814506535,0.5174248366170574,True,A-A|A-C|B-B|C-C|D-D|D-E
cross,central-parallelepiped,168,10,True,30,336,102,102,0,2.0598085573448484,14.16437696191585,25.01599089614966,13.121176248332802,4.854161480026533,13.11990396322265,0.08696300193053474,1,1,0.040467973421983675,0.0132746472760964,0.09921166159030378,2.4516093394587535,True,True,1.7055569729570692e-14,1.497443529182562e-14,8.16448078515563e-15,True,0.17055892128979422,0.4179157688864527,True,A-E|B-C|C-D|D-A|D-C|E-B
vertical-parallelepiped,wave,360,10,True,36,1330,228,228,0,1.5247610302396926,14.093763123975565,23.452333369337353,13.952974810511737,1.7780261581217571,13.952931297004131,0.028164724578552125,1,1,0.03997148542079463,0.012949284411846989,0.09623484572412434,2.4075874266623942,True,True,5.458188813492739e-15,1.9860273225978185e-15,5.084045691930022e-15,True,0.1037139264412211,0.4503388968118645,True,A-D|B-B|C-C|D-C|E-E|F-A
hexagon,central-trapezoid,360,10,True,24,1071,273,273,0,1.6409216681380683,13.934513279876201,23.870193796240084,13.777437990478248,1.8570080971872855,13.777362792330063,0.023638678564745774,2,1,0.039967925060671296,0.012027807275855205,0.09636920553199901,2.4111635864436445,True,True,6.805042272227426e-15,6.646518689688359e-15,1.4602703977091186e-15,True,0.07588757017104093,0.5167335944924983,True,A-D|B-C|C-A|D-B|E-D|F-E
3X2,horizzontal-parallelepiped,720,10,True,148,1692,451,451,0,1.5009171785036093,13.938249880336278,23.821982579826606,13.715489548885738,2.167351500874876,13.715388069742467,0.024506972412593697,1,1,0.03982840323610936,0.022599750811664272,0.0953421242102431,2.406913541977798,True,True,3.7155169009665e-15,1.7763568394002505e-15,3.263375893225244e-15,True,0.08096940055903461,0.3676539667191418,True,A-D|B-A|C-F|D-E|E-C|F-B
arrow,rhombus-ext,78,10,True,6,420,47,47,0,1.5793631782255395,13.947016823447097,23.83552857312444,13.789096635947082,1.832850090498737,13.788994541863186,0.02865113539946229,1,1,0.039778697253605444,0.02006017202421122,0.09634224034478671,2.4219556445140866,True,True,9.660854302232332e-15,7.53644380168212e-15,6.044346174157144e-15,True,0.0921745280346655,0.4375415187649024,True,A-C|B-B|C-A|C-D|D-A|E-D
central-trapezoid,hexagon,360,10,True,24,1095,276,276,0,1.649717009278253,13.95971057069107,23.800191419376137,13.828001696720944,1.7645858260850702,13.827974730351904,0.02366337253788764,3,1,0.03971064401759102,0.012056373905779547,0.09576293519572521,2.4115180593219323,True,True,1.5015945971703698e-14,1.434896150467636e-14,4.425600203637969e-15,True,0.09416625740333405,0.4579559407757837,True,A-E|B-F|C-C|D-B|D-D|E-A
cross,two-triangles,360,10,True,4,1723,246,246,0,1.593226808996803,14.007103524092148,25.496369136136853,12.950358744405934,4.749363851884983,12.950028766845168,0.07337959867276389,6,1,0.0395889050912851,0.010786417113564909,0.09717625812083161,2.454633637802312,True,True,1.2793367705160874e-14,4.351167857633658e-15,1.2030693891631893e-14,True,0.069907136225761,0.48728827906722066,True,A-B|B-F|C-C|D-A|D-E|E-D
central-trapezoid,rhombus-int,78,10,True,2,244,61,61,0,1.7743726287529022,14.040360134579283,23.608720958486575,13.882372196000833,1.759060716336351,13.882328578117594,0.025713418819302447,1,1,0.03945764112084143,0.011911804217747837,0.0954817282810745,2.428253992173879,True,True,1.1425726906868744e-14,1.020439314654103e-14,5.139805041163608e-15,True,0.08911753969340183,0.4944694914980932,True,A-B|B-B|C-D|D-A|D-C|E-C
vertical-parallelepiped,arrow,360,10,True,48,1479,222,222,0,1.5534459832521514,13.836711922482861,23.972967147077803,13.558158902590323,2.036766395176695,13.558078072048621,0.02450247168556352,1,1,0.03928526231198599,0.02683351845360212,0.09424892371179278,2.399091113693221,True,True,1.1554856477198506e-14,6.466036496704424e-15,9.576276950461626e-15,True,0.09724707432395896,0.42827695480702754,True,A-A|B-E|C-C|D-B|E-C|F-D
rhombus-ext,trapezoid-ext,34,10,True,6,91,21,21,0,9.168990381785532,14.745998892653457,22.620023040398934,14.68105002267123,1.3450359493732371,14.680965579123228,0.025272712145705256,1,1,0.03921642808510347,0.006800099882851231,0.09514699033079371,2.426202358978627,True,True,7.242875823676482e-15,2.5121479338940403e-15,6.793258640404412e-15,True,0.1394761916589179,0.5104643952920104,True,A-B|A-D|B-A|C-A|D-C|D-D
2X3,3X2,720,10,True,228,631,451,451,0,1.8935640363427242,13.78112182459699,23.816885708394175,13.572038073210367,1.8514251168154985,13.571946986513044,0.03314856041112968,1,1,0.039069107130968644,0.028492133070883205,0.09375656921194762,2.39976226990942,True,True,7.888835772847054e-15,1.7763568394002505e-15,7.686240058056171e-15,True,0.10480553440708013,0.3846245126357791,True,A-F|B-D|C-B|D-A|E-E|F-C
hexagon,hexagon,720,10,True,240,1461,354,354,0,1.5604265713563261,14.079689996303431,23.721169016046247,13.920115404654455,1.8459053534285088,13.920112899030803,0.026589695500087274,1,1,0.038974586222847996,0.020111911951878867,0.0860242159912187,2.4123151674559073,True,True,6.8833827526759706e-15,6.4047456679787536e-15,2.5219419200973697e-15,True,0.07437438955533564,0.39527610412442066,True,A-B|B-E|C-A|D-C|E-F|F-D
rhombus-ext,two-triangles,180,10,True,24,713,105,105,0,1.6105888691290267,13.970405781716192,23.595516954534578,13.798649156287643,1.9932938847213046,13.798575663632358,0.026262152294973973,2,1,0.03894796186500562,0.015311747898056144,0.08790059565393875,2.4192175250115797,True,True,8.180317321210782e-15,5.329070518200751e-15,6.2063353831181824e-15,True,0.12209762219059873,0.4055542535747792,True,A-B|A-F|B-A|C-E|D-C|D-D
rhombus-int,3X2,180,10,True,72,199,87,87,0,1.5066971783966834,14.245224517559123,23.74446941617973,14.170367191533751,1.613959778291295,14.170359541745091,0.02613486532209386,2,1,0.038913790046546305,0.010305950480068856,0.09469094976048131,2.4333520237226383,True,True,1.0950198975068616e-14,9.607118501968132e-15,5.254534392573277e-15,True,0.11843945761752434,0.5202372758899162,True,A-C|B-A|B-D|C-B|C-E|D-F
2X3,triangle,90,10,True,30,128,46,46,0,1.730860326925899,14.171266651974777,23.310679821721074,14.012696847002914,1.7765922827331393,14.012579770081658,0.03640240237481507,1,1,0.03888181630040603,0.014566527753615222,0.09365973088913142,2.418515616431874,True,True,7.23776861244768e-15,6.646518689688359e-15,2.8651498730356417e-15,True,0.12184551932853434,0.47087587555643834,True,A-C|B-B|C-A|D-B|E-A|F-C
pyramid,horizzontal-parallelepiped,720,10,True,20,2017,572,572,0,1.6332981628138472,16.81437942474207,23.443163471050813,14.61774474408002,7.23243398626038,14.616976996967704,0.07454549784070075,5,1,0.0388621315531108,0.024659935470527947,0.09816108311348785,2.553840838131122,True,True,0.04856350037594506,0.009078218209143604,0.047707436767359335,True,0.21131544149447104,0.4305510598091942,True,A-D|B-B|C-C|D-A|E-F|F-E
triangle,arrow,36,10,True,0,111,24,24,0,1.5824088858690022,14.173186776877932,23.755025031998958,14.010652495439517,1.707009400025425,14.010637367981522,0.019438213645043945,1,1,0.038804733666038066,0.00927136860013759,0.09425628378119358,2.4289893236321,True,True,0.8473498377139183,0.13072329766281787,0.8372055702884219,True,0.238359797770778,0.4844774206952201,True,A-C|A-E|B-A|B-C|C-B|C-D
arrow,2X3,360,10,True,68,924,236,236,0,1.5145554372146768,13.752671679800478,23.854630494014216,13.461954535471445,2.413832612579078,13.461823427116236,0.026679727462390446,5,1,0.03870484556512572,0.026158562295222072,0.09346151372881642,2.414723850830403,True,True,0.7804806626965736,0.11270622449454609,0.772300052960938,True,0.24554816662491827,0.4499078879065762,True,A-D|B-B|C-A|C-F|D-E|E-C
horizzontal-parallelepiped,pyramid,720,10,True,20,2014,562,562,0,1.6605029746649376,12.864506735778667,25.49801766333237,12.618729206688453,2.103615096869908,12.618712228230446,0.028739582348300985,1,1,0.038665157737810124,0.03152864419583387,0.09322892145829531,2.411186890545853,True,True,1.2933979113692383e-14,9.272854936269104e-15,9.016760895373711e-15,True,0.18204014879660296,0.45336865794965664,True,A-A|B-B|C-E|D-F|E-D|F-C
rectangle-opposite,trapezoid-ext,34,10,True,4,105,22,22,0,2.4772669261967954,14.46432156937829,22.052131555018068,14.274580741560591,1.6622473129487916,14.274542190377435,0.025527028490975212,1,1,0.03861520414617882,0.012979183019136462,0.09296238473931616,2.4074036845022166,True,True,1.4070543901326755e-14,1.0950198975068616e-14,8.835912408210585e-15,True,0.05233636082856346,0.43963889103736126,True,A-A|A-D|B-B|C-C|D-A|D-D
rectangle-opposite,3X2,180,10,True,76,111,93,93,0,1.8215844717364194,13.82808240576358,23.12824782549083,13.586913041810568,2.379841466898214,13.58676755147663,0.02905566136940685,2,1,0.03857607630655951,0.0313230176877648,0.09248469302470484,2.397462414003434,True,True,9.712389403855846e-15,8.331852114593072e-15,4.9910668471462356e-15,True,0.22887341196288286,0.3846245126357791,True,A-E|A-F|B-B|C-A|D-C|D-D
rhombus-int,central-parallelepiped,78,10,True,22,73,48,48,0,1.6913159020182966,14.229139374284824,23.400950941028675,14.094266999192355,2.1465960034547513,14.094150227047136,0.02665409910141925,3,1,0.03848075939750719,0.013728197769047904,0.09364128463217404,2.4334572939389596,True,True,1.0810859054170974e-14,7.793734002518813e-15,7.492154816014724e-15,True,0.5269548920118649,0.4179157688864527,True,A-C|B-A|B-C|C-B|C-E|D-D
pyramid,rectangle-same,180,10,True,24,460,121,121,0,2.532257093554303,16.84124753628003,23.76944623689371,14.23504157142398,7.528590128912059,14.2340274394899,0.08413441596291804,4,1,0.038409223363655945,0.042299708472168726,0.09704135890741035,2.541629524003766,True,True,0.3075479544385093,0.06639261822701141,0.3002961280540822,True,0.2720719740097186,0.4179157688864527,True,A-A|B-D|C-C|D-A|E-C|F-B
central-trapezoid,2X3,360,10,True,44,1194,227,227,0,1.5149154941288128,13.68581184636032,23.57975747196021,13.420462515052083,2.3755612374253943,13.42041909925658,0.026019095701508732,14,1,0.038318679073148204,0.020488430972505967,0.09142183105438231,2.3990760875354775,True,True,0.04572885568060597,0.00921920324032218,0.044789893206741656,True,0.12823707950313834,0.4652866157331114,True,A-E|B-F|C-D|D-A|D-C|E-B
hexagon,central-parallelepiped,360,10,True,68,1425,212,212,0,1.5978101386670338,13.861817016541448,23.776941092615345,13.675085138057455,1.960871497356409,13.675066251867005,0.02518881245824467,1,1,0.0382970461206952,0.019670370186166013,0.09252025482704308,2.415858772383137,True,True,8.961913909027148e-15,7.377764055609925e-15,5.087681048627601e-15,True,0.051927234131438064,0.5143179217989187,True,A-C|B-C|C-B|D-A|E-D|F-E
rhombus-ext,cross,78,10,True,24,150,38,38,0,1.7922683370256973,14.657162532660944,22.587919644146975,14.512214426846217,1.7721056046503816,14.512162001033698,0.02430502726062045,1,1,0.038084910594331375,0.00996418177154053,0.09208543891972815,2.417898256361781,True,True,9.79016702392409e-15,6.4047456679787536e-15,7.404498854401834e-15,True,0.22761054642904863,0.49735129699233444,True,A-A|A-D|B-E|C-B|D-C|D-D
rectangle-same,two-triangles,180,10,True,6,958,104,104,0,1.745589160815037,15.361007439633592,26.446931141990422,12.892500006657588,7.053236426784176,12.890009755973054,0.13042584226191245,4,1,0.0380392570502111,0.05701305723692705,0.09788476283734528,2.573256431063815,True,True,1.863761585529871e-14,1.7222418539888655e-14,7.123834950823988e-15,True,0.0667122630549902,0.43871064769360363,True,A-C|A-D|B-B|C-A|C-E|D-F
rhombus-ext,central-parallelepiped,78,10,True,22,73,48,48,0,1.7101342997518176,14.145271776657687,23.194116752321175,13.999386360845175,1.9918469844529905,13.999374883737822,0.024830533342905525,1,1,0.03777303685718666,0.013695185138119223,0.09191840363363295,2.4334395982287735,True,True,4.1614855592600616e-15,1.7763568394002505e-15,3.763312163380282e-15,True,0.46732105530054263,0.5604410305501056,True,A-B|A-C|B-A|C-C|D-D|D-E
pyramid,3X2,720,10,True,30,2047,560,560,0,1.606349203213908,16.91682010750574,23.63928403449885,15.201981233528906,7.075597702915316,15.20182108358925,0.07530757309093339,1,1,0.03771615085003694,0.019218878268679858,0.09614705262891891,2.5492275977792347,True,True,1.4412887262572545,0.333539714542136,1.4021642026736418,True,0.12196085419772039,0.3846245126357791,True,A-B|B-F|C-D|D-A|E-C|F-E
pentagon,3X2,360,10,True,0,1735,231,231,0,1.5301159988902282,13.863330666772434,24.619927876254263,13.571993092460323,2.5026807170024017,13.57178002714303,0.042426224722310835,1,1,0.0372584642637017,0.024953955710729038,0.09006269147597241,2.417241108987795,True,True,1.0356066109055376e-14,6.936895214610187e-15,7.689446666480212e-15,True,0.09080452716736395,0.44828351572191477,True,A-A|B-F|C-B|D-D|E-C|E-E
wave,central-parallelepiped,168,10,True,52,562,92,92,0,1.6487544771453742,13.896365861350972,23.24693486391716,13.765901444829481,1.6909932226526796,13.765865330646283,0.01682252153856645,1,1,0.037103274709709505,0.012338995763030923,0.08963851596537127,2.4159192595987733,True,True,1.560744661173234e-14,1.2560739669470201e-14,9.263919726221346e-15,True,0.09379799337059261,0.41981971932396717,True,A-A|B-C|C-B|C-E|D-D|E-C
rhombus-int,central-trapezoid,78,10,True,2,253,53,53,0,1.588170831520337,14.086803899226116,23.662843694551142,14.006140372724213,1.797998128537919,14.006120084367495,0.027589579745898263,1,1,0.037000375842057336,0.01192602981860798,0.08985226585229386,2.4284149500492695,True,True,1.151050191009053e-14,8.881784197001252e-15,7.32158204899027e-15,True,0.09428800856835484,0.4993505740910072,True,A-E|B-A|B-B|C-C|C-D|D-D
vertical-parallelepiped,triangle,90,10,True,18,284,46,46,0,1.6387706335983352,14.155563373903277,23.437672424664637,13.995142043937909,1.669610616778891,13.995090206007475,0.03112402832024408,1,1,0.03689209728220485,0.011421355288750787,0.08913416351347511,2.4160774279555413,True,True,6.395356834685837e-15,4.351167857633658e-15,4.686995553407168e-15,True,0.07954844121285529,0.44570029637104946,True,A-A|B-C|C-C|D-A|E-B|F-B
triangle,horizzontal-parallelepiped,90,10,True,6,237,60,60,0,1.6094063018204874,14.08636724422477,23.85060770558969,13.954481242459666,1.8483448283572563,13.954364603518394,0.02011847762111607,1,1,0.036736709154262664,0.010729001626658343,0.08860945053686037,2.412013829675834,True,True,6.45458879844291e-15,5.617333549722722e-15,3.1791949213824896e-15,True,0.09271964487101808,0.4789466625014645,True,A-A|A-D|B-B|B-F|C-C|C-E
wave,arrow,168,10,True,60,213,85,85,0,1.5888373545897576,14.140639085718753,23.876050059840274,13.970454546941863,1.8152725198806046,13.970383779447722,0.02144353329791393,1,1,0.0364505670482294,0.009977478774597438,0.08814757209411225,2.418277114248461,True,True,1.3146184541593122e-14,1.2560739669470201e-14,3.879431267263233e-15,True,0.0949218271146895,0.41981971932396717,True,A-D|B-C|C-A|C-E|D-B|E-C
triangle,rhombus-ext,15,10,True,1,69,9,9,0,9.223702172509464,14.135233675921484,23.44786363371052,14.055508343408173,1.4746905510249972,14.055434358849256,0.020458301136150325,1,1,0.0362394958917524,0.00852889726505871,0.08784901519350953,2.4241235434376653,True,True,5.600852339972846e-15,3.972054645195637e-15,3.948712300201049e-15,True,0.06259513437588778,0.47155867269229795,True,A-B|A-C|B-A|B-D|C-A|C-D
rectangle-same,cross,78,10,True,10,111,56,56,0,1.700730810481164,16.12007835381223,24.82850344183131,13.524391968210734,7.160456884657224,13.524391968210734,0.15460142202456062,1,1,0.03616835288438082,0.02636786221932536,0.09338946533618822,2.582076812696609,True,True,0.2839185146108385,0.046908177398501984,0.2800166884883392,True,0.26808156824084334,0.4804999201258812,True,A-D|A-E|B-A|C-C|C-D|D-B
rectangle-same,pentagon,78,10,True,0,380,50,50,0,1.8535248039599765,15.425745664638452,26.335926014055218,12.90502727535649,7.277459433150769,12.903439851333793,0.126736190463145,3,1,0.035973737234883105,0.04471177485889832,0.09159657914571881,2.5623792618623566,True,True,1.4138680410974074e-14,8.881784197001252e-15,1.100073603180991e-14,True,0.05275536191809065,0.3581303928054846,True,A-C|A-E|B-D|C-A|C-E|D-B
horizzontal-parallelepiped,trapezoid-ext,180,10,True,16,422,128,128,0,1.754899620913537,14.641966838269187,22.282284599946067,14.527686477842826,1.6453356419023604,14.527543741399427,0.03247303648968192,1,1,0.03587225734124377,0.008949281532584697,0.08658651062122232,2.4137458035480344,True,True,0.5648369767484119,0.04178202074738114,0.5632895108596923,True,0.1456010823447598,0.4819685586958586,True,A-D|B-A|C-C|D-D|E-B|F-A
central-parallelepiped,wave,168,10,True,52,506,68,68,0,1.527476392952255,14.03916944886404,23.356116121332704,13.919632676902676,1.6448269965341176,13.91952826654623,0.03006344821951501,1,1,0.03575994645252689,0.012338995763030939,0.08636397403825165,2.4151035615476695,True,True,3.268376660108267e-14,2.2539441496237913e-14,2.36685905003174e-14,True,0.052501630340946945,0.4944694914980932,True,A-C|B-B|C-A|C-D|D-C|E-E
horizzontal-parallelepiped,triangle,90,10,True,6,223,62,62,0,1.791430008974429,14.152462747002973,23.746198944599637,14.028001652997679,1.701865479327794,14.027900127812874,0.032736110747860536,1,1,0.03572443030099976,0.010731439642708169,0.0861470639637474,2.4114328272811263,True,True,0.1722398991856457,0.013533329946146857,0.17170740185574446,True,0.12184551932853434,0.46477305989471923,True,A-C|B-B|C-B|D-A|E-A|F-C
wave,vertical-parallelepiped,360,10,True,36,1143,250,250,0,1.5019792210789795,13.845181997762198,23.60366687186212,13.728401366091113,1.7706519825917932,13.728381802132251,0.015522477914613475,4,1,0.03553852594165755,0.01197871970336161,0.0856724052785977,2.4106910179460823,True,True,0.7032105346559616,0.0685040075299965,0.699865885011874,True,0.14561523052809294,0.4387982942468777,True,A-F|B-C|C-A|C-B|D-E|E-D
pentagon,hexagon,360,10,True,0,1623,253,253,0,1.5598725269203284,13.756111517446428,24.68234893192628,13.444791159420449,2.647043823533825,13.444458559009488,0.03982847729494132,1,1,0.035410703590551366,0.024371443859989694,0.08577243854361118,2.4222178563686554,True,True,8.262028818934588e-15,6.936895214610187e-15,4.487828537992952e-15,True,0.05900184959501072,0.49436772221938136,True,A-D|B-B|C-E|D-A|E-C|E-F
3X2,cross,360,10,True,62,470,251,251,0,1.7914927141113328,14.87781444564218,23.249202276814266,14.725857729872407,1.6344544149192821,14.72566026335342,0.02576239309349404,2,1,0.0352458639542487,0.006770823016952972,0.08523872580598349,2.424833178108191,True,True,5.674708718703748e-15,4.351167857633658e-15,3.64275408404521e-15,True,0.15067164667027907,0.43765679454837125,True,A-D|B-B|C-C|D-A|E-D|F-E
arrow,3X2,360,10,True,44,1615,253,253,0,1.5909569805568105,13.924823835069505,23.81794740667549,13.747332129557421,1.8739525783932505,13.747266631900047,0.029511399519739356,1,1,0.03502664945915844,0.013522887182402264,0.08497915643409504,2.426128611963925,True,True,0.4438318597167275,0.05065708457129501,0.4409314906902721,True,0.13150671008127005,0.3846245126357791,True,A-B|B-F|C-A|C-E|D-D|E-C
central-parallelepiped,cross,168,10,True,30,331,102,102,0,1.7767050148117778,14.693307856403685,22.797120463259425,14.564997869851926,1.6323289954687523,14.564912835817351,0.028547205578208334,1,1,0.034971360879700895,0.013392668478497217,0.08417569756078262,2.4194583343011073,True,True,1.2664331122990546e-14,1.0950198975068616e-14,6.362265728429862e-15,True,0.2006784227131822,0.45336865794965664,True,A-C|B-B|C-A|C-D|D-D|E-E
parallelepiped-int,2X3,180,10,True,52,346,102,102,0,1.5709784844912764,13.778353578523042,22.44011874923974,13.566761696908959,2.324270595836677,13.566684242903161,0.019503821160951063,9,1,0.034590994742435474,0.01697271801039586,0.08269769600150939,2.407464302832009,True,True,0.7026088453644413,0.12813690543004433,0.6908256821016178,True,0.18812304571275623,0.3914966099903299,True,A-F|B-A|B-B|C-C|C-D|D-E
pentagon,central-trapezoid,168,10,True,0,662,125,125,0,1.6764823265214546,13.785622603098018,24.08855928752507,13.426848803669026,2.6034032543931165,13.42676046846035,0.041501225654664964,2,1,0.034493370881568196,0.01785389290035899,0.08324372178011362,2.4133252173563458,True,True,0.06367311855104586,0.01225565148494587,0.062482517816546776,True,0.12282536065388976,0.4144789216915609,True,A-B|B-D|C-C|D-D|E-A|E-E
wave,hexagon,360,10,True,56,570,244,244,0,1.5719781989184995,14.21680647206902,23.94853007287363,14.099574968291803,1.6017763702204784,14.099499758269566,0.01907880068759482,1,1,0.034372602065821344,0.007742267948728752,0.0832161468583085,2.421002247631846,True,True,8.29032607123391e-15,7.377764055609925e-15,3.781283367737843e-15,True,0.14830984033893477,0.4447467282831025,True,A-E|B-F|C-B|C-C|D-D|E-A
cross,wave,168,10,True,28,606,106,106,0,1.573726479923578,14.112889101311842,25.342039847755398,13.020796932602565,4.756789840308462,13.01993139230764,0.0728941313588578,1,1,0.03434539021613258,0.007156779372557166,0.08439470961772931,2.457235427713608,True,True,0.8619119588234067,0.09738511621121575,0.8563926458718162,True,0.09428800856835484,0.4944694914980932,True,A-D|B-C|C-A|D-B|D-E|E-C
base-trapezoid,3X2,360,10,True,48,1004,242,242,0,1.8611409904707952,15.47338175599325,26.583501946202936,13.477126808029741,6.629045049710726,13.476761017769183,0.13311480480722082,1,1,0.0340338754923861,0.01741258076439077,0.08846608609487373,2.5993538736035204,True,True,9.254226711241523e-15,5.9580819677934555e-15,7.0810995818524236e-15,True,0.06749060962799709,0.44904494826803076,True,A-A|B-C|B-E|C-D|D-F|E-B
cross,3X2,360,10,True,62,476,251,251,0,1.7260120298956894,14.233588353018476,25.49150304018404,13.22419768174094,4.817620124689515,13.223826684965445,0.08690573312041039,2,1,0.033839316975615805,0.006710581656834913,0.0830546725938755,2.4559288695631727,True,True,0.7673269740765033,0.1067905213628539,0.7598595065487124,True,0.21941586196777838,0.49264782304703897,True,A-E|B-A|C-F|D-B|D-D|E-C
pyramid,central-parallelepiped,360,10,True,10,1333,266,266,0,1.7270170429165321,16.820042152142033,23.23724629258621,14.52228348691084,7.233902786634571,14.518855227994079,0.07503453836836904,8,1,0.033792569708758984,0.015824870709639612,0.08623060157025092,2.551762186582102,True,True,0.10100343163441657,0.013041544547675376,0.10015793187630852,True,0.28006892362179314,0.4305510598091942,True,A-E|B-B|C-D|D-A|E-C|F-C
arrow,vertical-parallelepiped,360,10,True,48,1283,249,249,0,1.6607257340215131,13.672156581034228,23.94817358347289,13.392797441667925,2.102331836899985,13.392689846839088,0.020890117556076504,2,1,0.033787277447322246,0.02450740206202329,0.08149601290012534,2.412032547670815,True,True,7.350355606629264e-15,6.646518689688359e-15,3.138712610534706e-15,True,0.05964205579867091,0.32651322683833955,True,A-F|B-E|C-A|C-D|D-B|E-C
central-parallelepiped,hexagon,360,10,True,68,1300,215,215,0,1.5031966619931574,13.830605833354227,23.707119845740646,13.698484637129766,1.8520608123454207,13.698383815134072,0.02782976692910566,1,1,0.03374540505644063,0.019698341124682862,0.08154064192580802,2.4163479972881587,True,True,8.417218664746814e-15,5.329070518200751e-15,6.515410766959033e-15,True,0.0781355750194554,0.4863183374889321,True,A-D|B-C|C-A|C-B|D-E|E-F
cross,central-trapezoid,168,10,True,4,702,116,116,0,1.702047273787729,14.067860203649179,25.09379247344435,13.034078312153945,4.757880879970802,13.033533328801035,0.07785787774024477,1,1,0.03358533658016546,0.009044290784851508,0.082532350404078,2.457392386319548,True,True,0.21383222921949582,0.02556783094928137,0.21229815890282228,True,0.17055892128979422,0.4993505740910072,True,A-E|B-D|C-B|D-A|D-D|E-C
central-trapezoid,wave,168,10,True,14,486,109,109,0,1.61080648202925,14.212020210780654,23.631931910379752,14.067984055505649,1.7111768382701429,14.067896831637555,0.025940103894845024,1,1,0.03353986998467039,0.009963384034285802,0.08109269938526882,2.4178000517692158,True,True,9.7149272636859e-15,9.057678187205881e-15,3.512588446676096e-15,True,0.10134366008909021,0.41013716395797434,True,A-C|B-C|C-D|D-B|D-E|E-A
parallelepiped-ext,horizzontal-parallelepiped,180,10,True,24,643,116,116,0,1.5540872145995615,13.747509149867607,23.308562157138805,13.46371461993842,2.4526602981167476,13.463704359180301,0.011219937994878748,8,1,0.03313342651045851,0.01463680134842714,0.08124442401029447,2.4782638473490057,True,True,0.6551851666482236,0.07791380334085268,0.6505359650663624,True,0.10890466670150069,0.41302574003819187,True,A-A|A-C|B-B|C-D|D-E|D-F
wave,2X3,360,10,True,88,426,236,236,0,1.587580991750532,13.97276396191302,23.356456395232772,13.79805285787818,2.138469775536275,13.797954247811536,0.01945452069705844,5,1,0.03300494671958498,0.010116731937699738,0.08003805630393478,2.425032131818003,True,True,0.08352318267433663,0.009516080173031958,0.08297931225426633,True,0.13685189737801678,0.3676539667191418,True,A-E|B-A|C-B|C-F|D-D|E-C
vertical-parallelepiped,trapezoid-ext,180,10,True,24,622,114,114,0,1.765586812775394,14.568346393746175,22.612297278219152,14.435010125713923,1.592552336385954,14.434906312702566,0.03154978837265432,1,1,0.0328474312341087,0.008332708360327358,0.07945021983263614,2.418765085963106,True,True,0.09644823202844753,0.013890965710485146,0.09544266620879457,True,0.07778597195691996,0.4819685586958586,True,A-D|B-C|C-B|D-D|E-A|F-A
3X2,wave,360,10,True,40,1128,241,241,0,1.5192352801098077,14.135907777200675,23.824731716369865,13.996224776757995,1.744377746530093,13.99614475158133,0.02908720173118695,1,1,0.03283225297586282,0.006596028564479238,0.07905748257720487,2.416817412690741,True,True,1.413399376621796e-14,9.729507111180988e-15,1.0252144710106601e-14,True,0.054384336384523085,0.4375415187649024,True,A-C|B-B|C-C|D-D|E-A|F-E
rectangle-opposite,central-trapezoid,78,10,True,12,331,38,38,0,1.6070254891723046,13.787212471724517,23.383990921517892,13.448907542127944,2.6693357610554442,13.448884907110559,0.027263760942743076,1,1,0.03282745752477389,0.04116766882607787,0.07878773511518385,2.4000559609505285,True,True,1.0803445566937314e-14,9.930136612989092e-15,4.255211271505921e-15,True,0.07556782805543794,0.507168727450094,True,A-C|A-D|B-A|C-D|D-B|D-E
parallelepiped-int,rhombus-int,34,10,True,10,151,14,14,0,1.5619047410476956,13.871692139976378,22.72315231609027,13.704996122674896,2.1025970214162486,13.704823687838777,0.020957986989278865,4,1,0.032456533893279876,0.009973718272504758,0.07830798496213971,2.4204029622299,True,True,1.4323335424552575,0.1843786688549389,1.4204167991521741,True,0.10535472118021304,0.432603075572651,True,A-B|B-B|B-C|C-A|C-D|D-C
rhombus-ext,parallelepiped-int,34,10,True,10,93,14,14,0,1.7243008844949823,13.88052011730959,22.655881517785804,13.787690227217551,1.7240760363579848,13.787599632613276,0.02756941949112779,1,1,0.03241415303513757,0.017258692823657242,0.07781042502588276,2.400507733197124,True,True,8.230639722151273e-15,5.617333549722722e-15,6.015728885763878e-15,True,0.07599456487097621,0.4499078879065762,True,A-A|A-C|B-D|C-B|D-B|D-C
trapezoid-ext,rectangle-same,34,10,True,10,84,17,17,0,3.0303191630775297,14.96121510013759,22.190775863787206,14.169064333364286,5.057985939871365,14.16822216424574,0.06521537096124241,2,1,0.032312226334146085,0.01063705342050867,0.0787954093559439,2.4385633023582938,True,True,1.252979100322179,0.16204587571462112,1.2424563412885214,True,0.06285980366652047,0.3604996447877366,True,A-A|A-C|B-D|C-A|D-B|D-C
arrow,rhombus-int,78,10,True,6,514,50,50,0,1.5258223641946562,13.803154507040881,23.448653480749922,13.665343750382027,1.7765278390157753,13.665284478504914,0.027685153422943642,1,1,0.03229736557487207,0.019565126711018392,0.07790624296097637,2.412154724519972,True,True,1.0337750347250119e-14,6.4047456679787536e-15,8.11469747868504e-15,True,0.05447762345473792,0.49463167676755143,True,A-C|B-B|C-A|C-D|D-C|E-B
2X3,trapezoid-ext,180,10,True,48,213,115,115,0,1.8107660966881995,14.656156799781089,22.353185106846446,14.524894229286966,1.6143659309931677,14.524786191715794,0.035582767841036755,1,1,0.03222307207884946,0.010802698996282351,0.0775849331825075,2.4173206708909922,True,True,1.0649463886842592e-14,8.140289677804162e-15,6.866350197783356e-15,True,0.08102695329584397,0.46111470751115125,True,A-C|B-A|C-D|D-A|E-D|F-B
wave,rhombus-int,78,10,True,14,418,45,45,0,1.5396928264515157,13.97273447577712,23.63640453489115,13.80223714315344,1.642053685773293,13.802162492164458,0.01768946602605226,5,1,0.03219042073907784,0.005204527217240691,0.07843623462718069,2.436632787839345,True,True,1.0088989477484783e-14,9.729507111180988e-15,2.6691571797624175e-15,True,0.29779568944729295,0.4944694914980932,True,A-C|B-B|C-A|C-B|D-C|E-D
triangle,vertical-parallelepiped,90,10,True,18,289,46,46,0,1.586699320736511,14.041496860387186,23.70023679529676,13.884986373278226,1.7993281123810756,13.884966369950922,0.021174348050136516,1,1,0.032153460113162335,0.011414510252372268,0.07767560949328475,2.415777624551439,True,True,1.0530159589964839e-14,8.331852114593072e-15,6.439293542825908e-15,True,0.0693244549432443,0.483970554010485,True,A-E|A-F|B-B|B-C|C-A|C-D
rectangle-same,central-trapezoid,78,10,True,4,329,47,47,0,2.1347149560414374,15.457314127710694,26.41922272324883,12.873632128713329,7.199102123879622,12.873632128713329,0.14209605555418214,2,1,0.032133311252832704,0.03170883340579633,0.08231656732934588,2.5676317663861763,True,True,1.1112217761112158e-14,5.617333549722722e-15,9.587854158336788e-15,True,0.11135698840353857,0.3846245126357791,True,A-D|A-E|B-D|C-A|C-B|D-C
2X3,parallelepiped-int,180,10,True,52,320,100,100,0,2.3470119795944306,13.763123004948863,22.31510834995671,13.588222660700918,2.233917640311546,13.588063642205498,0.03255106696254195,1,1,0.03210821186866472,0.03436818559504466,0.07747115808499612,2.412814466339134,True,True,1.1171403689612729e-14,1.03578512786223e-14,4.185113772197272e-15,True,0.18937141944918748,0.4499078879065762,True,A-A|B-D|C-B|D-C|E-B|F-C
parallelepiped-ext,vertical-parallelepiped,180,10,True,24,667,114,114,0,1.6649149117188549,13.762987844909416,23.74020726271003,13.538097012711003,2.386757588090964,13.538087413432839,0.013617335968591604,9,1,0.032048913270247746,0.014634616483914691,0.07858040654010674,2.4790117653304424,True,True,0.7272040956815803,0.08077988039539691,0.7227035406716715,True,0.10804230001358672,0.41302574003819187,True,A-A|A-B|B-C|C-D|D-E|D-F
wave,pyramid,360,10,True,24,726,273,273,0,1.7761877094149534,13.062694742391004,25.7049580173672,12.878320016170942,1.9580915203582274,12.878311074184321,0.019460936337678092,1,1,0.0320140066202849,0.008680374394739199,0.0771835455106947,2.410930516325602,True,True,1.3405684427535274e-14,2.220446049250313e-15,1.3220514147075765e-14,True,0.0710698709444958,0.41981971932396717,True,A-C|B-F|C-A|C-E|D-D|E-B
base-trapezoid,rectangle-opposite,78,10,True,0,240,56,56,0,2.143703004527189,15.314191506070262,26.407516906819726,13.319883430640594,7.084007559426143,13.319538905271841,0.08734786823899121,5,1,0.03197815417510164,0.03604389056919644,0.08231510392015676,2.5741042922436006,True,True,0.5363297847356756,0.10340126015819942,0.5262678190734377,True,0.06417136132970501,0.4499078879065762,True,A-B|B-A|B-D|C-D|D-A|E-C
arrow,arrow,168,10,True,61,112,97,97,0,1.619251136954847,14.161267442194758,23.724418753243945,13.926771824188473,2.078546799776736,13.926665580273038,0.030018875335699136,1,1,0.03177869668298785,0.009818939295085483,0.07664239604598193,2.411753912079442,True,True,9.17261935994722e-15,4.782987168225453e-15,7.826875473077951e-15,True,0.1260039589860245,0.32651322683833955,True,A-D|B-E|C-B|C-C|D-C|E-A
vertical-parallelepiped,parallelepiped-int,180,10,True,28,687,98,98,0,1.845537555020677,13.875878865526058,23.827514214615324,13.615048597636486,2.1654149411955252,13.614973091989459,0.02666414633760006,1,1,0.03170535758326746,0.024076370408064457,0.07682664998135846,2.4231440941673474,True,True,1.0041382670552477e-14,6.4047456679787536e-15,7.73360193344466e-15,True,0.1244495523619452,0.492171460355549,True,A-A|B-B|C-C|D-C|E-D|F-B
wave,base-trapezoid,168,10,True,26,363,112,112,0,1.6996892790012958,15.113645909449481,21.526807049198155,14.982763566508154,1.8607227452308426,14.98264683655794,0.015385923314140015,2,1,0.03165944088207873,0.009986029434948182,0.07658885168229052,2.4191473237812207,True,True,0.0517018486444579,0.008727721830480449,0.05095986680618571,True,0.09086635385444874,0.4964675099329778,True,A-B|B-A|C-C|C-D|D-B|E-E
arrow,wave,168,10,True,60,211,86,86,0,1.5336784531313006,14.218731271193146,23.755092343289455,14.066765657627869,1.7810244539496458,14.066724753295302,0.030623262498087556,1,1,0.03164139213827628,0.00998450686218663,0.07652582277657857,2.4185352667844864,True,True,7.153834721756797e-15,4.070144838902081e-15,5.883134557068357e-15,True,0.2053899118836524,0.4375415187649024,True,A-C|B-D|C-B|C-E|D-A|E-C
parallelepiped-ext,two-triangles,180,10,True,28,605,114,114,0,1.6957551368525396,13.860096142413568,24.05811351819742,13.676636735053961,1.9207874980356496,13.676613367200229,0.013915516361128866,1,1,0.03163566154234689,0.01260372288236058,0.07657957739505551,2.499828933306075,True,True,0.12371658530308244,0.025759745330253294,0.12100507840407099,True,0.06382538448192263,0.492171460355549,True,A-C|A-D|B-A|C-B|D-E|D-F
pyramid,central-trapezoid,360,10,True,10,1202,267,267,0,1.7788970072873347,17.052182060491226,22.898662777231067,15.341060782936543,7.380223540924085,15.34101603796109,0.07711891323281606,1,1,0.03127784697401753,0.016908079824235377,0.07910361024760776,2.5290618728750425,True,True,1.1979738581451382e-14,6.4047456679787536e-15,1.012390089878512e-14,True,0.08951825298704116,0.3832241553251438,True,A-E|B-B|C-D|D-C|E-D|F-A
2X3,central-trapezoid,360,10,True,44,1192,213,213,0,1.5029945261398427,13.779287590114375,23.556880154575968,13.495556352785762,2.379758301933551,13.49552245871695,0.031244194312899154,2,1,0.031169045843802253,0.022988401567366566,0.07443177598270301,2.3880030321012615,True,True,1.2535662866819963,0.1596199769272578,1.2433623357941284,True,0.08523547899522729,0.4633533918727237,True,A-C|B-D|C-E|D-D|E-A|F-B
cross,cross,168,10,True,60,247,82,82,0,1.5732206564084625,14.947924660164286,24.152666916086332,13.924716495431193,4.913156721767461,13.923681151545365,0.08655760672220758,2,1,0.031074814527428937,0.008329478955957339,0.07623906620129335,2.4534037406401605,True,True,9.421863071635673e-15,7.32410687763558e-15,5.9269690555648405e-15,True,0.13225769600350978,0.4944694914980932,True,A-D|B-C|C-A|D-D|D-E|E-B
arrow,central-parallelepiped,168,10,True,24,933,112,112,0,1.5404240251155354,13.72989366676884,23.35277895257018,13.47894140844199,2.094119078972399,13.478785907740653,0.028072722636979464,3,1,0.031027964099416216,0.014907673525814742,0.0749919681527996,2.41691552537959,True,True,0.5779857629334586,0.045967664905942035,0.5761549409116157,True,0.16299583285046107,0.36898991146262244,True,A-E|B-C|C-A|C-D|D-B|E-C
cross,rhombus-ext,78,10,True,24,155,38,38,0,1.5482836576097625,14.170300674128322,24.850573260627826,13.034158163400155,4.8726613141938175,13.032754611819326,0.07165323905601007,2,1,0.03096266267364177,0.009851764601344957,0.07600330720607633,2.454676072506427,True,True,0.27575524761101977,0.0392468868529383,0.2729480508400225,True,0.11002267832771204,0.4475031594694418,True,A-A|B-C|C-D|D-A|D-D|E-B
base-trapezoid,pentagon,168,10,True,0,614,117,117,0,1.894202372553469,15.52282298277894,26.37610240636997,13.212762275492416,7.191481592442696,13.211605665019835,0.10699611228456085,9,1,0.03068254126717029,0.017969827850490762,0.07909400670070336,2.5778179848920266,True,True,7.243726675464872e-15,3.972054645195637e-15,6.0575868169115935e-15,True,0.0845798838038283,0.4708366789573932,True,A-B|B-A|B-D|C-C|D-E|E-E
pentagon,trapezoid-ext,78,10,True,0,282,55,55,0,1.796978271150281,14.629424970768362,23.224002311509658,14.404680431073587,2.3221286254224376,14.404433479629224,0.04944860171497112,1,1,0.03038062053020823,0.00680777341270692,0.0739219599237944,2.433194537626113,True,True,1.0634986238169872e-14,1.020439314654103e-14,2.9955454923751383e-15,True,0.06976484899795887,0.45961062016147974,True,A-A|B-C|C-D|D-B|E-A|E-D
central-trapezoid,cross,168,10,True,4,703,123,123,0,1.6932442605068765,14.58974243658184,22.966281207490233,14.37859016460752,1.7364817350454644,14.378097130938357,0.027934948779927637,1,1,0.030332131066219018,0.009128728158250797,0.07330765764111925,2.4262770460139422,True,True,1.1143232783283533e-14,8.881784197001252e-15,6.729453643524391e-15,True,0.1621189302113503,0.4944694914980932,True,A-C|B-D|C-B|D-A|D-D|E-E
hexagon,arrow,360,10,True,28,749,262,262,0,1.566025636324894,14.101156962219745,23.93670774734984,13.89629142044885,1.9200383681338211,13.896279061786974,0.02561968467871445,2,1,0.030194483907666773,0.015656267220834075,0.0726658562305798,2.418083050349023,True,True,8.551600499574136e-15,1.9860273225978185e-15,8.317786158480605e-15,True,0.16315344042725097,0.48362382133638654,True,A-B|B-C|C-E|D-A|E-C|F-D
two-triangles,trapezoid-ext,180,10,True,6,493,144,144,0,1.769068057955553,14.630036925226348,22.870924636175463,14.40932770998481,1.5118813006979834,14.409124180469327,0.01580998213400342,1,1,0.030163436152923457,0.005706265252962085,0.07315767698774248,2.42537609497955,True,True,1.3428765916523256e-14,9.057678187205881e-15,9.914142418676034e-15,True,0.13981087664082306,0.5070735630213251,True,A-A|B-D|C-B|D-C|E-A|F-D
arrow,trapezoid-ext,78,10,True,8,217,49,49,0,1.8318890233129914,14.825432881058479,22.893311602787616,14.669857771650127,1.691955684795128,14.66976639102941,0.03272897244997175,1,1,0.02998176597838282,0.005978802347826141,0.0728462889412658,2.429686396518096,True,True,0.1536161241961226,0.03393967372015261,0.1498199324549579,True,0.15499777922572555,0.5738065278494574,True,A-A|B-B|C-A|C-D|D-C|E-D
wave,wave,168,10,True,80,184,68,68,0,1.509398585748538,14.35022881498585,23.7978977823603,14.216189460383045,1.6600330724119823,14.21617525880228,0.021020533773514316,1,1,0.029944182693773393,0.005103978464658969,0.07272978151744212,2.428845103612248,True,True,0.3914924305934562,0.05250905733655079,0.3879550516613992,True,0.20534341227966443,0.4944694914980932,True,A-B|B-C|C-A|C-D|D-E|E-C
vertical-parallelepiped,parallelepiped-ext,180,10,True,24,714,99,99,0,1.5208913136485829,13.791243100817706,23.83550864191489,13.542563815265956,2.292364267260204,13.542480000496083,0.027656076374915628,2,1,0.029893541080727667,0.03186759841526062,0.07123712029427037,2.383027159676204,True,True,0.10717772954238024,0.014206016416625547,0.10623207993553628,True,0.1188707553359662,0.3926817942954417,True,A-C|B-D|C-A|D-A|E-B|F-D
rectangle-opposite,cross,78,10,True,14,129,50,50,0,2.178199485892046,14.607035373994778,22.20120984469346,14.409251969746258,1.7847271272901606,14.409237479231658,0.025580393333042295,1,1,0.029728692969623386,0.02651421538636627,0.07187445504236833,2.417679617324894,True,True,1.2591643513447998e-14,1.2047838252593955e-14,3.660475352886682e-15,True,0.24486350500313978,0.45336865794965664,True,A-A|A-D|B-C|C-B|D-D|D-E
pyramid,rhombus-int,180,10,True,12,727,113,113,0,1.5934299164182122,17.02880561094555,23.252608831868248,15.284141408678103,7.257763272465042,15.282000047114671,0.07362538503498861,9,1,0.029649056033008447,0.012169413820453279,0.07583720638986301,2.5578286980008085,True,True,1.2306349666877692,0.17479682076638123,1.2181578274938647,True,0.2902189031927725,0.45336865794965664,True,A-C|B-D|C-B|D-B|E-C|F-A
3X2,parallelepiped-ext,180,10,True,48,509,83,83,0,1.6170555091210317,13.7643096878741,23.632903557225504,13.659961364852634,1.8518723485522188,13.659804168911037,0.028375691431437033,1,1,0.029597316338682202,0.017663008548877063,0.07136178838489945,2.4110898288313116,True,True,0.1846021476722281,0.026703332302292514,0.18266057311076314,True,0.09384963176503709,0.46011384452647847,True,A-A|B-D|C-A|D-D|E-B|F-C
cross,rectangle-opposite,78,10,True,14,133,50,50,0,1.5798168151426688,13.923907792297388,24.378584888562447,12.892964141064107,4.777670126267024,12.892587713956114,0.08147817428730342,4,1,0.029556031807769046,0.019372714328936218,0.06556702718254921,2.4352090519538674,True,True,1.4668815148152733e-14,1.3440578383968888e-14,5.875797014453728e-15,True,0.2246780838872156,0.4179157688864527,True,A-D|B-C|C-A|D-A|D-D|E-B
2X3,parallelepiped-ext,180,10,True,60,234,98,98,0,4.176044643326177,13.700128771148847,22.0994288276313,13.512277685343118,2.159405607103018,13.512098381515152,0.03143211539201829,2,1,0.02946410563375005,0.04548484884143694,0.07023566194990714,2.383770368697524,True,True,1.3614159352380357e-14,9.607118501968132e-15,9.646170688990899e-15,True,0.1188707553359662,0.3926817942954417,True,A-C|B-B|C-D|D-A|E-D|F-A
triangle,central-trapezoid,36,10,True,0,123,28,28,0,1.6110102890307578,14.035107927630914,23.957072777125333,13.85366485098477,1.71022814031499,13.853635582416945,0.017027448551095503,1,1,0.029379193842175404,0.005315166547830346,0.07098592142089077,2.4161970475509333,True,True,0.9747811867965135,0.13663882555938991,0.9651570822835887,True,0.08942109227275438,0.483970554010485,True,A-D|A-E|B-B|B-C|C-A|C-D
central-parallelepiped,triangle,36,10,True,4,146,19,19,0,1.9973153026857098,14.14004497078625,23.58531007110397,13.973320145593085,1.6002442955648155,13.97324735316441,0.030889402820365675,3,1,0.029339258338851436,0.0057870329272391875,0.07105986591403037,2.4220062107000144,True,True,1.1375317154239441e-14,8.926082647349967e-15,7.051445875294789e-15,True,0.07514449469419542,0.49991820261166414,True,A-C|B-B|C-B|C-C|D-A|E-A
horizzontal-parallelepiped,parallelepiped-ext,180,10,True,24,673,98,98,0,1.7328440544299044,13.693586017347581,23.232780400293592,13.405481817772442,2.2945287119529976,13.405273855022989,0.025479257155398116,5,1,0.02931612007745967,0.02163172800638917,0.0695590039565847,2.3727220305004355,True,True,2.3214017443758063e-14,1.2499750519123837e-14,1.9561360965913568e-14,True,0.059661045441013784,0.3926817942954417,True,A-C|B-A|C-D|D-A|E-D|F-B
pentagon,parallelepiped-ext,78,10,True,0,424,47,47,0,1.5607488450374336,13.633103398467377,24.044862793857927,13.209855882776068,2.801165882275253,13.209728128910564,0.04226234104424087,1,1,0.02902469792759484,0.029567047294288617,0.06961134921106035,2.3983487919396502,True,True,1.5012251658573e-14,9.27551305727433e-15,1.1803921271537742e-14,True,0.14240078978098836,0.4488669648495108,True,A-D|B-A|C-C|D-B|E-A|E-D
triangle,rectangle-same,15,10,True,3,46,8,8,0,2.9490071128620263,15.053215880871853,20.634093454690294,14.981854983328564,2.029605842101268,14.981776945430017,0.017761428663201073,1,1,0.029001488724698526,0.013168162912095743,0.06964501222636431,2.413659661794569,True,True,0.8814364092470546,0.16729422416159354,0.8654148058061588,True,0.19192659631477824,0.42238175706989983,True,A-A|A-C|B-A|B-D|C-B|C-C
arrow,central-trapezoid,168,10,True,9,457,124,124,0,1.5558460891249795,14.076315237138791,23.674620119026706,13.875741460778345,1.9557695389261014,13.875710376471648,0.028941576593252805,1,1,0.028854414604717944,0.013386391028067688,0.06986899422419543,2.421431700533313,True,True,2.3015916749231464e-14,1.2047838252593955e-14,1.9610762791051433e-14,True,0.13150671008127005,0.3846245126357791,True,A-D|B-E|C-A|C-D|D-B|E-C
central-trapezoid,3X2,360,10,True,20,1399,269,269,0,1.53637980965175,13.969298930618729,23.815673633848107,13.788441384266045,1.895326400726249,13.788325863279763,0.02631586123662366,3,1,0.028815434206803787,0.008770378333844068,0.06927362402228754,2.404045815347489,True,True,0.004318724590436377,0.00025109606120360314,0.004311418891280211,True,0.05367276961179604,0.3589096678908749,True,A-B|B-C|C-A|D-D|D-F|E-E
rhombus-int,wave,78,10,True,14,351,32,32,0,1.6859221035003065,13.995161610610342,23.73102850047852,13.830285220168966,1.888342207462903,13.830183244309024,0.030179632124591294,6,1,0.028716682738469706,0.005198422156196613,0.06996674189762593,2.436449311880179,True,True,0.6808318889679589,0.04311833631802873,0.679465135315157,True,0.24578582415875885,0.45673777918439046,True,A-C|B-B|B-C|C-A|C-D|D-E
3X2,rhombus-int,180,10,True,72,201,86,86,0,1.5193596965379195,14.257023065109145,23.793536340373837,14.16690053633646,1.634652047339795,14.166872612228378,0.023953039159858136,1,1,0.02867971950068237,0.010305950480068866,0.06979072480367775,2.4334521403536473,True,True,1.2386981812430256,0.2620102493320841,1.2106708113520035,True,0.1722197999133816,0.5089644839199717,True,A-B|B-C|C-A|D-B|E-C|F-D
triangle,base-trapezoid,36,10,True,6,62,25,25,0,2.003903421017656,14.803027255726928,20.943759186015043,14.488504963224134,1.3740973967537848,14.488204186406048,0.013779370275795344,1,1,0.028646359461602145,0.00482906434392256,0.06921400142284276,2.416153491183334,True,True,0.5467863347559604,0.09164339557994391,0.5390517451251179,True,0.08942109227275438,0.483970554010485,True,A-C|A-E|B-B|B-D|C-A|C-B
hexagon,triangle,90,10,True,18,201,54,54,0,1.517649466417477,14.217806236157257,24.17244230369757,14.075596385167357,1.7060964388834399,14.075471759890327,0.02761687075386554,1,1,0.02856739792277712,0.007174012917644891,0.06902752509363706,2.423642358326333,True,True,6.902159307373502e-15,6.646518689688359e-15,1.8610729195778454e-15,True,0.17564510506969447,0.45763061220724666,True,A-A|B-C|C-B|D-A|E-C|F-B
wave,two-triangles,360,10,True,32,1026,248,248,0,1.5339151006261698,13.991793278736663,23.72409632209094,13.886756370485703,1.6067552382334949,13.886700717216668,0.018474950727284778,3,1,0.028555503457163647,0.006656095577614947,0.06939767439690149,2.4302731871285523,True,True,0.8277430954686521,0.08831320088009287,0.8230184752764294,True,0.11747694136434583,0.5232912264762855,True,A-B|B-A|C-C|C-E|D-D|E-F
3X2,triangle,90,10,True,6,344,54,54,0,1.5840247755106311,14.182981236004784,24.07336378834551,14.054300336406149,1.6641918385041925,14.054278548577614,0.03040689062073909,1,1,0.02854030370305128,0.00499858015636653,0.06940459406148614,2.431809933895903,True,True,0.890258868351389,0.20084866041198737,0.8673065595791409,True,0.06993000324760504,0.5415070311565382,True,A-B|B-C|C-B|D-A|E-C|F-A
triangle,hexagon,90,10,True,18,201,54,54,0,1.554795319469087,14.139086600775013,24.250981845556336,14.034422151964844,1.8618945975763768,14.034409163400092,0.020062259157706208,1,1,0.028531101435530486,0.0071734135676627475,0.06896027034573958,2.4239359525767075,True,True,6.7359185248806275e-15,6.646518689688359e-15,1.0937950820210114e-15,True,0.19358811209895982,0.4310677750300933,True,A-C|A-F|B-B|B-E|C-A|C-D
cross,triangle,36,10,True,2,157,23,23,0,1.7658873250858806,14.2325913893448,24.957679652668606,13.10320455213627,4.8326241521789095,13.102793133741532,0.08659250733537327,2,1,0.02840114155810902,0.0046536098238568885,0.07000384458765357,2.4648250298117422,True,True,0.09152380320105431,0.012890325228888548,0.0906115117845343,True,0.05044946092804421,0.5185516568514454,True,A-C|B-A|C-C|D-A|D-B|E-B
pentagon,parallelepiped-int,78,10,True,0,364,51,51,0,1.6291620053043705,13.739340850538301,24.012983081537058,13.325088191271124,2.8145622333413574,13.32494860861607,0.040949521729238825,1,1,0.028345833316514437,0.021671791954941098,0.06860858270467217,2.4204115623829776,True,True,1.0464993089230197e-14,8.140289677804162e-15,6.576607356309999e-15,True,0.15300253404966496,0.4488669648495108,True,A-B|B-C|C-C|D-B|E-A|E-D
rectangle-same,triangle,15,10,True,3,46,8,8,0,3.2412456496149775,15.611823301101124,24.637374253023435,13.357399631359062,6.663459364269334,13.357399631359062,0.15291511192485352,1,1,0.028252507385885063,0.012907074962376856,0.07302435704583146,2.590858567586605,True,True,0.5359017146749756,0.04870945971119358,0.5336834607950883,True,0.16162425331041883,0.46477305989471923,True,A-B|A-C|B-A|C-A|C-B|D-C
arrow,pyramid,360,10,True,37,624,273,273,0,2.1141616915395014,12.967813346569116,25.58543952717108,12.690837932298638,2.1928333097339356,12.690837932298638,0.024454174264512574,7,1,0.028195180800207963,0.008223601347815773,0.06833455850736588,2.429181316671671,True,True,1.1591985808085368,0.21655458882173562,1.1387912274902607,True,0.11797386523186608,0.4499078879065762,True,A-A|B-F|C-C|C-E|D-B|E-D
rhombus-ext,parallelepiped-ext,34,10,True,10,34,21,21,0,1.7346376713842686,13.763380504932204,22.42010608000318,13.684766513007897,1.8744682017208705,13.68468306477515,0.02472101752535316,1,1,0.02817061672665768,0.018140410360792076,0.06817429871862656,2.420049918684018,True,True,7.844965045102687e-15,4.070144838902081e-15,6.706519033689664e-15,True,0.19472101043890055,0.4931674019475872,True,A-A|A-D|B-A|C-C|D-B|D-D
trapezoid-int,pentagon,78,10,True,0,278,55,55,0,1.8266759168484377,16.499650052700034,21.882171954661654,15.183748534538761,6.919650121330972,15.18356664456078,0.08710268050648473,2,1,0.02798338556367949,0.010334001224728686,0.07256713275435787,2.5932220598977493,True,True,2.240175875320963e-14,1.96205025865255e-14,1.0810859054170974e-14,True,0.28256449718947463,0.4979526922892354,True,A-A|B-B|B-E|C-C|C-E|D-D
two-triangles,wave,360,10,True,32,962,278,278,0,1.5209003323712944,14.150875720006482,23.650812623129628,14.033691483405395,1.5735141611017704,14.033641467657691,0.017816227816531693,3,1,0.02796877903580586,0.006656095577614943,0.06795021542593178,2.4295023868915178,True,True,6.024942123523729e-15,4.351167857633658e-15,4.167405171867302e-15,True,0.15497639919297004,0.5340446419991511,True,A-A|B-C|C-B|D-C|E-E|F-D
central-trapezoid,pentagon,168,10,True,0,674,120,120,0,1.5990009798086897,13.977178057857675,23.48165059803727,13.791584736294386,2.0556490292137677,13.79152310477843,0.024331758373918433,9,1,0.02794700551738533,0.01276739180177314,0.06724319129468881,2.4060964690066,True,True,1.2788435466579984,0.12813204900773695,1.2724083443792276,True,0.10110763617560277,0.39317342332716687,True,A-E|B-A|C-E|D-C|D-D|E-B
3X2,rectangle-same,180,10,True,66,231,90,90,0,2.2258003501209545,15.045418072062555,21.43851046118001,14.74446542094344,2.800996347778798,14.744418373563299,0.02832456737891853,9,1,0.02785069955651845,0.013007922170943167,0.06705472048599125,2.407649414691169,True,True,2.5492857831832605e-15,1.7763568394002505e-15,1.8285005833896366e-15,True,0.1356867343664309,0.3676539667191418,True,A-A|B-C|C-C|D-A|E-D|F-B
triangle,central-parallelepiped,36,10,True,4,193,19,19,0,1.8716194232718295,13.94173858060924,23.711392801228214,13.839031576450587,1.6645828145159627,13.838959074845485,0.02065070496285948,1,1,0.027665516895870823,0.006565066728924601,0.06682392911165425,2.4154231190825124,True,True,1.4577186221435379,0.19494571982423348,1.4446244313544838,True,0.17564053694783371,0.483970554010485,True,A-C|A-E|B-B|B-D|C-A|C-C
hexagon,parallelepiped-int,180,10,True,24,561,105,105,0,1.5212317836753215,13.920766019950438,23.664807657523372,13.736936255620083,2.0788569539177097,13.736931883923111,0.030223778457090233,10,1,0.027640284732473257,0.008945961379108273,0.06707158204285706,2.426587956384467,True,True,8.031295347169209e-15,6.646518689688359e-15,4.5083804476868555e-15,True,0.07181055660173487,0.5585801369594527,True,A-B|B-A|C-C|D-B|E-C|F-D
two-triangles,parallelepiped-int,180,10,True,36,379,124,124,0,1.6739811021526114,13.838947825329342,23.16791741146012,13.628007014799696,2.0078632228208826,13.627943683605302,0.021262121408680557,3,1,0.027608482836555804,0.00837065537475528,0.06672752713771742,2.4169211880547423,True,True,0.3620879283290163,0.017935585511769006,0.3616434468007804,True,0.05724179085290879,0.4182034220705242,True,A-D|B-A|C-B|D-B|E-C|F-C
pentagon,triangle,36,10,True,0,170,25,25,0,1.6704298640196176,13.982164595374972,24.0517990662269,13.707743990483632,2.3462627710117085,13.707502806384438,0.04738237930948941,1,1,0.027451034725754865,0.007803365330866361,0.06682975096036824,2.434507537803951,True,True,7.112362866677808e-15,5.617333549722722e-15,4.362484308104375e-15,True,0.05309658465447363,0.46064468645958234,True,A-B|B-C|C-A|D-C|E-A|E-B
central-parallelepiped,arrow,168,10,True,24,982,62,62,0,1.550279630419233,13.846634663888189,23.43124245624317,13.597789722002776,2.1239436577864197,13.597696342321285,0.029310919052383255,4,1,0.027184250696111932,0.016152013138406966,0.06545215758499007,2.40772343945281,True,True,1.08922158472078e-14,6.4047456679787536e-15,8.810198578390395e-15,True,0.056302340996576355,0.32651322683833955,True,A-C|B-D|C-C|C-E|D-B|E-A
base-trapezoid,cross,168,10,True,30,477,98,98,0,1.787796238992023,16.14168832011343,25.60274242593875,13.551242428025601,7.043348204165887,13.551242428025601,0.13691178830229767,1,1,0.027071283079076247,0.012761053260525483,0.06966392254971232,2.573705102203037,True,True,0.49069461933709974,0.09736256630589495,0.4809383953571511,True,0.06974364723247728,0.4804999201258812,True,A-E|B-A|B-B|C-D|D-D|E-C
trapezoid-int,rhombus-ext,34,10,True,6,109,19,19,0,3.108264791664553,16.659950294095758,22.364650742699208,15.556245207656051,6.613081290530929,15.55618854301214,0.09483356842488355,1,1,0.027018700175361635,0.013392377183300623,0.07011920546057562,2.5952101694557963,True,True,0.5720120574239319,0.07517497646785287,0.5670507179709918,True,0.09848865814860445,0.4825720176884886,True,A-A|B-A|B-D|C-B|C-C|D-D
rhombus-int,parallelepiped-ext,34,10,True,10,90,14,14,0,9.119702774504843,13.974323499519274,22.327370436677054,13.776002102801474,2.02126502015675,13.77595576253664,0.0358085341739347,1,1,0.027007713866768916,0.01764155761324724,0.06510600269204683,2.4106447148107257,True,True,1.4842210404165406,0.16503520802609625,1.4750171107234455,True,0.12854931353018537,0.4499078879065762,True,A-A|B-A|B-D|C-B|C-D|D-C
parallelepiped-int,two-triangles,180,10,True,36,455,115,115,0,1.6147642866358574,13.904759139692121,23.81175499007609,13.780391643598835,2.0775941271999034,13.780383315237628,0.01712453919000545,5,1,0.026813899178413737,0.008370655374755296,0.06446341471625802,2.4173614752824673,True,True,0.9092147883230108,0.16307956305717505,0.8944700036436875,True,0.11666402260019797,0.4182034220705242,True,A-F|B-A|B-B|C-C|C-D|D-E
triangle,3X2,90,10,True,6,367,67,67,0,1.5576999942767995,14.032370457117903,24.176050858384855,13.941921231559409,1.5963034950087152,13.941905945120507,0.020051257694928992,1,1,0.02667210560004775,0.004967037529981686,0.06450633958126516,2.418494458163426,True,True,6.2380308864540915e-15,5.617333549722722e-15,2.7126726915561984e-15,True,0.05269034731561686,0.5498144412418715,True,A-A|A-F|B-C|B-E|C-B|C-D
3X2,central-trapezoid,360,10,True,20,1380,245,245,0,1.5544828127323045,13.977023196831226,23.81307567975583,13.807283981775901,1.9607320099568246,13.80725948819983,0.025787276435455198,4,1,0.02667125396175149,0.007925052619921973,0.06454733838217559,2.4201088735738168,True,True,0.03532317069926861,0.004897181393968683,0.03498205257906167,True,0.19233500645949622,0.4361681820504353,True,A-D|B-B|C-D|D-A|E-E|F-C
central-trapezoid,arrow,168,10,True,9,466,113,113,0,1.6719117712946827,14.133330506141148,23.65470516476236,13.923730348143167,1.9389808505361081,13.923677674567527,0.02863822781999481,1,1,0.026509417433270906,0.013391261872493239,0.06418955817136132,2.421386978153642,True,True,9.468842181546043e-15,8.926082647349967e-15,3.159750121719031e-15,True,0.08096940055903461,0.3676539667191418,True,A-B|B-C|C-D|D-C|D-E|E-A
pyramid,pyramid,720,10,True,106,1405,514,514,0,1.5363040482383215,15.572885332849085,24.403099924929606,14.296665163821906,6.920895570383609,14.296648817540895,0.0688168608426043,14,1,0.026209817764967742,0.010471401694841719,0.06623118519048922,2.5426593726795943,True,True,0.9507374291313636,0.13894156572335156,0.9405301167244239,True,0.17680083866457075,0.4179157688864527,True,A-B|B-E|C-F|D-D|E-C|F-A
cross,pyramid,360,10,True,20,879,273,273,0,1.8061128064940473,14.091267925876348,26.788677929321224,13.433686691131873,4.864459483652488,13.433686691131873,0.07502522882437823,5,1,0.026100184448982985,0.010683468624007382,0.06393330431159899,2.44953457844587,True,True,1.2778662190571807e-14,1.1682163181672949e-14,5.17892563931115e-15,True,0.1000105592080846,0.3892155522973273,True,A-F|B-E|C-C|D-A|D-D|E-B
central-trapezoid,central-trapezoid,168,10,True,32,386,105,105,0,1.9004604878577351,14.057280509816472,23.76337485888721,13.788429323004397,2.2316331373102956,13.788301407965934,0.02255263998538304,2,1,0.0257869684010809,0.01439213112937735,0.06200078518474279,2.4043456454595855,True,True,9.264875997516715e-15,5.329070518200751e-15,7.578847845246988e-15,True,0.07592712169616682,0.4964675099329778,True,A-D|B-D|C-A|D-C|D-E|E-B
rectangle-same,trapezoid-ext,34,10,True,10,83,17,17,0,2.908130460688429,16.191100554689086,23.849093796010468,13.273094008714901,6.974921791612666,13.270088115069191,0.1457599731691932,2,1,0.025706383331305382,0.009014365045889443,0.06653713409693086,2.5925864446209803,True,True,0.5313348038209998,0.04876611872577372,0.529092184232506,True,0.1842924835661702,0.48878242500098273,True,A-A|A-B|B-D|C-A|C-D|D-C
pentagon,wave,168,10,True,0,576,127,127,0,1.602662395973766,13.979142155998264,24.01643244768946,13.675337104538814,2.5224111343608953,13.675069951486272,0.046506530426020376,1,1,0.025593943726934954,0.012392766082329152,0.062004331437055124,2.4226173230115386,True,True,1.433005074625853e-14,1.2932072993408848e-14,6.173478961128007e-15,True,0.12057033352284309,0.5123965471788692,True,A-D|B-A|C-C|D-C|E-B|E-E
rectangle-opposite,parallelepiped-int,34,10,True,14,78,14,14,0,8.859101662109294,13.741162314918366,21.821630016139796,13.581428704352557,1.9009286289784462,13.581339089396865,0.02141416473116564,1,1,0.025578309911918083,0.02395201510926993,0.06152424104528808,2.405328626369531,True,True,9.134916126074183e-15,4.351167857633658e-15,8.032062680601159e-15,True,0.11017192059405818,0.4182034220705242,True,A-A|A-D|B-C|C-B|D-B|D-C
hexagon,trapezoid-ext,180,10,True,12,487,127,127,0,1.767803830124525,14.794490447341332,23.303508856041905,14.68334284449705,1.5416331901802665,14.683252572093949,0.026388506311105786,1,1,0.025553794119532697,0.005332630367790653,0.06181355355730056,2.425641014970831,True,True,6.269627593800407e-15,2.5121479338940403e-15,5.7443313730298835e-15,True,0.16058004723348007,0.4770498073548985,True,A-D|B-B|C-A|D-D|E-C|F-A
arrow,rectangle-same,78,10,True,12,384,46,46,0,1.796252018750969,14.37287631291779,21.76544390470737,13.775683360434499,2.3959443248891388,13.775231721475688,0.02862659977673765,5,1,0.02552693087546825,0.019674636013291672,0.06155036702307393,2.411193391142244,True,True,1.0624006286557008e-14,1.020439314654103e-14,2.9563271279797972e-15,True,0.11572899605548218,0.47538038908183505,True,A-C|B-B|C-A|C-C|D-A|E-D
parallelepiped-ext,hexagon,180,10,True,24,487,116,116,0,1.6827218445022407,13.954399646624454,23.50165626687363,13.74287353787339,2.285999059604625,13.742864631508391,0.013427325720291705,10,1,0.025433597952795463,0.009909564926707509,0.06279437730608002,2.493793076220274,True,True,1.2799504083727457e-14,6.4047456679787536e-15,1.1081811120835043e-14,True,0.13149329212647312,0.4440348606456391,True,A-A|A-C|B-D|C-F|D-B|D-E
arrow,hexagon,360,10,True,28,744,266,266,0,1.5354367123597366,14.08844247845138,23.868152656003314,13.923645301732982,1.9484807466090637,13.92356440437181,0.028176293149401843,1,1,0.025429620380003588,0.015810128061831377,0.05833242594304059,2.4230838295187804,True,True,6.663076258475748e-15,3.972054645195637e-15,5.349707199636531e-15,True,0.07164810229559318,0.4375415187649024,True,A-D|B-A|C-B|C-E|D-C|E-F
central-parallelepiped,trapezoid-ext,78,10,True,12,327,44,44,0,1.6930021505435675,14.590703562028567,22.779284229378725,14.4784300657173,1.5309264869302857,14.478392342169936,0.03178456775640903,4,1,0.025330290136657337,0.004398560998982833,0.061134194710700175,2.421162699075835,True,True,8.354197729087001e-15,4.351167857633658e-15,7.131616785230269e-15,True,0.06170445053921273,0.5037263437510857,True,A-C|B-A|C-A|C-B|D-D|E-D
2X3,wave,360,10,True,88,420,232,232,0,1.7439719510857519,14.161827384550897,23.329229601089654,13.971561647643934,2.141266756592111,13.971457941178098,0.03309576400281955,1,1,0.025301486693951655,0.013398796683378214,0.061295519070623236,2.422605430742376,True,True,1.0946258535777658e-14,7.53644380168212e-15,7.938676889518328e-15,True,0.21580248884567513,0.45673777918439046,True,A-C|B-B|C-C|D-D|E-A|F-E
trapezoid-int,rhombus-int,34,10,True,0,247,19,19,0,2.228680067932143,16.07806016945073,22.51381755337813,14.862190517335874,6.474593819995535,14.862179448382964,0.06439378422139264,1,1,0.025046408277040157,0.008689239391489488,0.06493863140377062,2.594584937794168,True,True,0.740787730284656,0.06716410102879417,0.7377367043012609,True,0.06713169209036864,0.39028483721018153,True,A-B|B-B|B-C|C-C|C-D|D-A
two-triangles,trapezoid-int,180,10,True,4,588,137,137,0,2.012353092486771,12.896564203267527,25.268076739659815,12.705339299435796,2.0183411774231934,12.705333812544165,0.015257384489812509,1,1,0.024678793738604085,0.014945056029861976,0.05960813092335793,2.4153583661633844,True,True,0.10438905990352475,0.01808949410378494,0.10280975649524128,True,0.05174431237152453,0.48074338202529493,True,A-D|B-B|C-C|D-A|E-B|F-C
rectangle-same,wave,78,10,True,6,250,53,53,0,1.9575823872983305,15.603463650152463,25.653229531223953,13.211812099278871,6.699282425265093,13.209801741665636,0.1327284062139178,1,1,0.02462652596109645,0.015892777491996326,0.06404474592553115,2.600640708588183,True,True,1.786329526290741e-14,1.5587468005037626e-14,8.725145204622022e-15,True,0.10229393814506535,0.4668891668184871,True,A-A|A-C|B-B|C-C|C-D|D-E
triangle,cross,36,10,True,2,185,27,27,0,1.9216942712011411,14.6885466388003,22.93434273906525,14.55018330924746,1.390711487740047,14.549780712360624,0.020327988389704288,1,1,0.024501073310770755,0.004991884042485793,0.05951246559763958,2.4289738185256438,True,True,5.330515925078128e-15,3.972054645195637e-15,3.554881421804571e-15,True,0.06259513437588778,0.47155867269229795,True,A-D|A-E|B-C|B-D|C-A|C-B
base-trapezoid,central-parallelepiped,168,10,True,12,728,88,88,0,1.8324389736462923,15.452813102771525,26.3632437338725,13.384493607376273,6.785255193925703,13.383510012997883,0.10435613384871978,10,1,0.02439399561249647,0.018271633000584993,0.06286471107344056,2.577056750852101,True,True,1.150211988842909,0.22654124197573125,1.1276819963810956,True,0.07176213543832696,0.4499078879065762,True,A-B|B-C|B-E|C-C|D-A|E-D
hexagon,wave,360,10,True,56,573,250,250,0,1.5995786644333738,14.235836844299556,23.890936701157184,14.13147510210845,1.593209795833666,14.131388624261659,0.02802057374303324,1,1,0.023536915774392472,0.0077422679487287255,0.05698033549332743,2.4208921865336532,True,True,5.480724783878392e-15,2.5121479338940403e-15,4.8710837515742575e-15,True,0.1025502432253864,0.5030247861548097,True,A-B|B-E|C-D|D-A|E-C|F-C
arrow,cross,168,10,True,12,1015,118,118,0,1.7377189205269357,14.365099130626685,22.79753049640366,14.18019953515405,1.782921894461855,14.179972192369014,0.029046638505105804,1,1,0.023161984822020865,0.01138201378989816,0.05580020082311143,2.40912863262307,True,True,7.583115844264568e-15,6.646518689688359e-15,3.650675994272797e-15,True,0.05447762345473792,0.49463167676755143,True,A-C|B-D|C-A|C-B|D-E|E-D
pentagon,base-trapezoid,168,10,True,0,666,113,113,0,1.702538728545935,14.744069134798611,22.503474828175282,14.352762863497952,2.7708370036799383,14.35250020371487,0.0406697519927377,9,1,0.02307715823815767,0.020288674567605008,0.05592966080676136,2.4235939377614812,True,True,8.447960131960328e-15,7.53644380168212e-15,3.817072859571627e-15,True,0.16232951094622713,0.5609017398360489,True,A-D|B-B|C-E|D-B|E-A|E-C
cross,trapezoid-ext,78,10,True,0,315,59,59,0,1.80015349991158,14.955163248982927,24.32033845700505,13.961224295813599,4.7243542652742825,13.960820246787849,0.08455217620427113,2,1,0.022852739076706347,0.003012272254080888,0.05635162628590918,2.4658587356536197,True,True,0.14631831095530448,0.01872735221646371,0.14511490068140379,True,0.07226341431600729,0.5316003664269159,True,A-B|B-D|C-C|D-A|D-D|E-A
wave,central-trapezoid,168,10,True,14,511,115,115,0,1.5585453545581842,14.099100103895434,23.89995473704758,13.961318303106808,1.7677682303727447,13.961300239972001,0.018070919794828555,1,1,0.02279498414571874,0.006229650737548774,0.055168950501269645,2.420223245105053,True,True,9.105563360159024e-15,8.140289677804162e-15,4.08006961549745e-15,True,0.09379799337059261,0.4964675099329778,True,A-A|B-D|C-C|C-E|D-B|E-D
central-parallelepiped,parallelepiped-int,78,10,True,18,316,36,36,0,1.7968734683837049,13.82666401225493,23.28041811172426,13.546767178397257,2.2926291798174123,13.54672899383657,0.025859957223833163,11,1,0.02276786493304231,0.008734151927724556,0.054460762002022746,2.392001277334771,True,True,1.3716984065269428e-14,9.257555929146552e-15,1.0121922251508303e-14,True,0.08454261591237636,0.4652866157331114,True,A-C|B-C|C-A|C-B|D-D|E-B
3X2,parallelepiped-int,180,10,True,52,475,103,103,0,1.644626174522489,13.829386982106442,23.738225358842712,13.726294375994815,1.6133613667371514,13.726156216821646,0.028169130050100577,2,1,0.02253687010226601,0.007615533718744461,0.05471385610561227,2.4277486561947645,True,True,0.5199789517817124,0.09530804472927978,0.5111697241679029,True,0.09384963176503709,0.46011384452647847,True,A-A|B-B|C-C|D-D|E-B|F-C
wave,triangle,36,10,True,2,65,27,27,0,1.5593151665253286,14.359861398527869,24.02765542136276,14.23583596744046,1.5832856436994849,14.23574669158479,0.018272591410307015,1,1,0.02175031341901108,0.002463807206691141,0.052732795270313146,2.4244613976100924,True,True,0.08949565765109124,0.006841737116746667,0.08923375690637853,True,0.13337764018839757,0.469357098381565,True,A-C|B-A|C-A|C-B|D-B|E-C
pentagon,trapezoid-int,78,10,True,0,273,53,53,0,2.477546281701365,13.123695371708726,25.11718590875521,12.845992212753172,2.637084733611117,12.845992212753172,0.03799723512251241,1,1,0.021720558192792522,0.015055544826835892,0.05224531300171044,2.405339335111879,True,True,9.742800090890044e-15,5.9580819677934555e-15,7.70865830583387e-15,True,0.05705586026487846,0.4001220501487976,True,A-A|B-C|C-D|D-B|E-B|E-C
arrow,trapezoid-int,78,10,True,8,228,50,50,0,2.090283995457484,12.88047442175155,24.45247473838617,12.626405885395581,2.5008933823427006,12.626405885395581,0.021834862033543345,1,1,0.02113228934297268,0.011368860686971806,0.05107038677883475,2.416699201396164,True,True,0.7338371616427242,0.15819886608324407,0.7165822343442695,True,0.15524834114383293,0.4801727562418158,True,A-B|B-A|C-B|C-C|D-D|E-C
triangle,rhombus-int,15,10,True,0,109,10,10,0,9.18413215044936,13.96673368979314,23.3496350934828,13.897153505480654,1.4825272574284358,13.897135142986837,0.020654795484000843,1,1,0.021035386189810046,0.004901644043867135,0.05084891291827401,2.4228240693879552,True,True,0.12461494929597944,0.023865469571341853,0.1223083192190085,True,0.0669520246656928,0.4310677750300933,True,A-A|A-D|B-B|B-C|C-B|C-C
rhombus-int,trapezoid-int,34,10,True,0,200,25,25,0,1.9928773877244343,12.738423607249068,25.111235633685396,12.487884248728886,2.0438383335639694,12.487857802412593,0.02460315040204364,1,1,0.020941061039494672,0.007678846321477896,0.050554935354348136,2.4141534786132346,True,True,1.2374878715608849e-14,1.0741085019148343e-14,6.145463028727448e-15,True,0.11445770293871448,0.4305510598091942,True,A-C|B-B|B-D|C-B|C-C|D-A
rhombus-int,parallelepiped-int,34,10,True,10,162,7,7,0,1.7908650209936736,13.814836030724456,22.582534433824506,13.6922307887603,2.058614494161355,13.692128564259534,0.03339296821225979,8,1,0.020711668953017487,0.009643072480020994,0.04984826567070281,2.4067720367575887,True,True,1.345400424143929,0.15134952503115776,1.336860360157151,True,0.07599456487097621,0.4499078879065762,True,A-C|B-A|B-D|C-B|C-C|D-B
rectangle-opposite,triangle,15,10,True,2,52,9,9,0,9.062835247540537,13.940281012866699,22.3448325675182,13.830698123321632,1.67727489227892,13.830682922238715,0.026580692318690424,1,1,0.02068187844198673,0.009734642095963414,0.05004148932966892,2.419581445178529,True,True,5.034099381242389e-15,4.782987168225453e-15,1.5700924586837751e-15,True,0.12184551932853434,0.47087587555643834,True,A-B|A-C|B-B|C-A|D-A|D-C
rhombus-ext,trapezoid-int,34,10,True,6,97,20,20,0,2.384432102778503,12.86983593432434,24.819032033008526,12.797522320941548,1.6832634102450645,12.797522320941548,0.02568826516565359,1,1,0.020534480697567147,0.013148988985260894,0.0497159014373204,2.4210936799200655,True,True,6.546551295641109e-15,3.972054645195637e-15,5.203855855232738e-15,True,0.14022242576545743,0.4801727562418158,True,A-A|A-C|B-B|C-B|D-C|D-D
rectangle-same,parallelepiped-int,34,10,True,6,86,22,22,0,2.9144240169721987,15.285884963039843,25.90197170178813,12.876059617815203,6.748284616596574,12.87538376042048,0.12119318919310729,4,1,0.02050524570529241,0.020067182403204063,0.05355961256470692,2.611995649039366,True,True,0.05696921485835097,0.011985980684913543,0.05569405451749618,True,0.3596782599221262,0.4652866157331114,True,A-A|A-B|B-C|C-B|C-D|D-C
3X2,trapezoid-int,180,10,True,12,725,124,124,0,1.9416020357919381,12.70792544692862,25.59174108586784,12.526096275892263,1.991071930773519,12.526083205241717,0.02105863501851779,1,1,0.020221993879014247,0.008372046539249488,0.04889624802866283,2.417973634113589,True,True,1.0674463850038133e-14,8.331852114593072e-15,6.67266204946136e-15,True,0.09578081332976841,0.47041518912220753,True,A-C|B-D|C-B|D-A|E-B|F-C
central-trapezoid,base-trapezoid,168,10,True,0,609,122,122,0,1.6733521360757655,14.675015694958162,21.953498026715977,14.552071010224047,2.220454489655301,14.552054460592286,0.026378629689892463,3,1,0.020036027359331385,0.013117879953410308,0.04833409033154865,2.4123589704042803,True,True,1.0443180557033613e-14,8.140289677804162e-15,6.5418425621716e-15,True,0.07592712169616682,0.4964675099329778,True,A-B|B-B|C-A|D-D|D-E|E-C
base-trapezoid,triangle,36,10,True,6,85,25,25,0,1.9846797804131433,15.69364115301319,25.180949724549908,13.68843901575857,6.545167259760092,13.68843901575857,0.1478450195664447,1,1,0.019991923428571704,0.0047364304594167805,0.052042593830494616,2.6031809303609728,True,True,0.9787021825024939,0.14883462163252434,0.9673190877051109,True,0.09950098373096654,0.44570029637104946,True,A-B|B-A|B-C|C-C|D-B|E-A
2X3,trapezoid-int,180,10,True,60,188,109,109,0,2.092637427550994,12.813918118066255,25.03934620186443,12.525494797851636,2.2600736021194217,12.525494797851636,0.022920847801014332,1,1,0.01957705570900409,0.014809114894446371,0.04698695340293761,2.4001031667559114,True,True,0.9389795273777548,0.08478409697338567,0.9351439513438342,True,0.05877026231621629,0.43871064769360363,True,A-B|B-A|C-C|D-D|E-B|F-C
trapezoid-int,arrow,78,10,True,8,231,53,53,0,1.8631294341897016,16.26320774702517,21.7635071395218,14.387904424581626,6.869248810493406,14.386378768544073,0.07234992639745919,1,1,0.0195705598234554,0.011572321422117431,0.05068035403845649,2.5896220903050446,True,True,1.2907745286184049e-14,6.466036496704424e-15,1.1171403689612729e-14,True,0.1786912493449266,0.447246773371714,True,A-B|B-A|B-C|C-C|C-E|D-D
3X2,trapezoid-ext,180,10,True,18,679,120,120,0,1.8743812896076548,14.776314980036226,23.234068090667947,14.57590690801031,1.563610449229567,14.575866709803789,0.029951823176235237,1,1,0.019492885436757406,0.0033908404466619305,0.04714553215229754,2.4259163711830554,True,True,7.050571819403574e-15,6.646518689688359e-15,2.3525204118543076e-15,True,0.05039139279844674,0.5199571142196754,True,A-C|B-A|C-D|D-D|E-A|F-B
horizzontal-parallelepiped,parallelepiped-int,180,10,True,28,630,104,104,0,1.6973040289129955,13.735470748421658,23.309733581683883,13.446698338429245,2.176085841990723,13.44664822585897,0.024825127774866118,3,1,0.019376092818113963,0.01904687298498096,0.042414784474398684,2.4090392138903067,True,True,3.6059011536399283e-14,2.3782625360617055e-14,2.7104225573491512e-14,True,0.09068855216647163,0.43871064769360363,True,A-A|B-B|C-C|D-C|E-D|F-B
horizzontal-parallelepiped,trapezoid-int,180,10,True,12,579,124,124,0,2.1487008295251244,12.91030891513219,25.554574440682075,12.584568273060658,2.518266092391281,12.584568273060658,0.019544883027505122,1,1,0.019271329366491792,0.01654175870995372,0.046404591144203915,2.4079600458124255,True,True,1.2007871682043745e-14,1.1512108063996359e-14,3.414725502188731e-15,True,0.06424041954825122,0.4531133653291396,True,A-C|B-B|C-A|D-C|E-D|F-B
triangle,wave,36,10,True,2,65,27,27,0,1.569515954070404,14.441561597935063,23.99104470333551,14.28713398589925,1.7245196376425842,14.287125839873799,0.020582351867604487,1,1,0.019152748374807096,0.0024681787211004247,0.04639546786612354,2.4251922945201194,True,True,1.078401596164458,0.20746980243839397,1.0582562467031433,True,0.1130554754212355,0.47155867269229795,True,A-B|A-C|B-C|B-D|C-A|C-E
rectangle-same,arrow,78,10,True,12,391,38,38,0,1.8314382753917622,15.309520697386755,26.252750464810937,12.87841923629669,7.129147806284459,12.875581590988878,0.13127021973309816,6,1,0.01911106367172343,0.024769074342404402,0.049035080581964346,2.5703970779685386,True,True,1.022671500042924e-14,6.646518689688359e-15,7.772354148366362e-15,True,0.05199775411844587,0.4652866157331114,True,A-A|A-D|B-B|C-C|C-E|D-C
vertical-parallelepiped,trapezoid-int,180,10,True,28,608,109,109,0,1.9872932414621813,12.760853533524438,25.457498737337417,12.555128166797527,2.099895413635706,12.555072154700298,0.022309403739308564,1,1,0.018959644653617932,0.013652916228186991,0.0457714459611244,2.414151045409502,True,True,0.7319684180116507,0.1193256310164371,0.7221766811168909,True,0.08346236386746933,0.3844888679056581,True,A-D|B-B|C-C|D-C|E-A|F-B
trapezoid-int,base-trapezoid,78,10,True,14,112,57,57,0,2.2733998559303368,15.740208722898766,22.54254419774823,13.966400248680275,6.829044699435547,13.965328736075026,0.08080797267949258,1,1,0.018883535152889014,0.013433447560834762,0.048998708841389134,2.5947847394396786,True,True,1.4935782589529223,0.18702375788502013,1.4818225702166261,True,0.27835994375359996,0.4824672296799091,True,A-B|B-A|B-D|C-C|C-E|D-B
wave,trapezoid-ext,78,10,True,6,109,60,60,0,1.8574655963371522,15.038721899625779,23.14979692234387,14.884247174462399,1.4589670764933729,14.88420042670629,0.016477597085168938,1,1,0.018509217392737958,0.001703518765014077,0.04493554264224462,2.4277386606240285,True,True,0.11374147232577334,0.010815946842345471,0.11322604744818314,True,0.15563040977013698,0.48348173005233935,True,A-B|B-D|C-A|C-D|D-A|E-C
two-triangles,triangle,90,10,True,8,315,62,62,0,1.6093624607216277,14.089029987341947,23.74498485378488,13.958951027463119,1.6338283340938726,13.958843155341809,0.02183371927483968,2,1,0.0178951007154916,0.004330842900041362,0.04347921425405745,2.4296713913667976,True,True,5.084045691930022e-15,4.782987168225453e-15,1.7235296186091125e-15,True,0.08515748874409186,0.47087587555643834,True,A-B|B-A|C-C|D-B|E-A|F-C
parallelepiped-int,cross,78,10,True,8,381,42,42,0,1.6262295956400195,14.44645357047894,22.551819882879144,14.272750458494624,1.9566045441515751,14.272654432438799,0.021437098344931016,6,1,0.017777723792460228,0.006024278234454917,0.04253846340810796,2.4049273289324185,True,True,1.2599024772082428,0.2273527091727972,1.23921951151007,True,0.10535472118021304,0.432603075572651,True,A-C|B-D|B-E|C-A|C-B|D-D
rhombus-int,triangle,15,10,True,0,81,9,9,0,9.195252569784463,14.130623926386694,23.090255774186218,14.002732851788757,1.4307515472655374,14.002605096786068,0.02797887405939825,1,1,0.01769542570102517,0.0034335404130458,0.04305463970247477,2.433094316571341,True,True,1.0382217832788176e-14,8.331852114593072e-15,6.1944077576484885e-15,True,0.07252816243454502,0.5185516568514454,True,A-C|B-A|B-B|C-B|C-C|D-A
triangle,parallelepiped-int,15,10,True,2,27,10,10,0,9.267102387973791,14.024220683156182,23.36592721711626,14.000891069306597,1.2460983359834643,14.000875664327966,0.020769367302628794,1,1,0.017576910284194683,0.0036664464322220675,0.04257419655630471,2.422166118387019,True,True,1.271877938966002,0.22982029314843103,1.2509420947772019,True,0.08619812562049968,0.5263602786350173,True,A-B|A-D|B-A|B-C|C-B|C-C
parallelepiped-int,horizzontal-parallelepiped,180,10,True,28,612,116,116,0,1.710289634925756,13.788158781399495,23.267696043942124,13.503791598975269,2.2932912401589283,13.503732702102273,0.015473702225561325,15,1,0.01717412039443258,0.007033329122048178,0.04078852986974389,2.3935063667333467,True,True,0.4160924845385378,0.07492565502839875,0.4092909746232119,True,0.09819260648924258,0.32651322683833955,True,A-D|B-A|B-F|C-C|C-E|D-B
rhombus-int,trapezoid-ext,34,10,True,0,175,23,23,0,9.16656219017989,14.739558623445825,23.07970055027343,14.56697841261669,1.4172005545426927,14.566827844721372,0.02846976321003858,1,1,0.017145128163181873,0.003374941665824341,0.04145242141316621,2.424331339800686,True,True,6.823357007191899e-15,6.646518689688359e-15,1.5433697402820017e-15,True,0.09819698804093852,0.4770498073548985,True,A-A|B-B|B-D|C-C|C-D|D-A
trapezoid-int,2X3,180,10,True,60,178,109,109,0,2.0311753526505765,16.05469768185528,22.114057132993516,14.420500074692013,6.725491359831596,14.419438387705204,0.06881136101413965,1,1,0.016727812347070825,0.015128940103957267,0.041061504754376844,2.5886160831295895,True,True,1.805333247277961e-14,1.246617817651181e-14,1.3058224038673074e-14,True,0.17312435927950837,0.4182034220705242,True,A-F|B-A|B-D|C-C|C-E|D-B
cross,parallelepiped-ext,78,10,True,8,299,41,41,0,1.6041862419852515,13.947688694367718,24.82109887159994,12.835032942432855,4.696015133146743,12.83452297365216,0.07238165025396448,11,1,0.01633517673292641,0.005679518356577341,0.039825339671143004,2.438010945474992,True,True,1.3291886526718906,0.09796964148363771,1.3255732434457492,True,0.18937141944918748,0.4499078879065762,True,A-C|B-D|C-A|D-A|D-D|E-B
base-trapezoid,central-trapezoid,168,10,True,0,622,119,119,0,1.7045456230965166,15.429492730722112,26.435865300925116,13.362924890787014,6.654872284849086,13.361874385301784,0.12740172347320033,4,1,0.016316759694439267,0.012888177176000505,0.042170434307956806,2.584485835280668,True,True,1.473807997535157e-14,1.03578512786223e-14,1.0484556178007793e-14,True,0.10924219904387387,0.4668891668184871,True,A-C|B-A|B-B|C-E|D-D|E-D
rectangle-opposite,central-parallelepiped,78,10,True,22,154,40,40,0,1.7169520396595657,13.724198550756082,23.16670260996715,13.354065968723445,3.3231307222667255,13.354014754327157,0.02506700442746279,9,1,0.016224094279890543,0.024320314876687132,0.038283193971345136,2.38525305565226,True,True,9.326534230477077e-15,6.4047456679787536e-15,6.779636692387581e-15,True,0.1808648404091292,0.32651322683833955,True,A-C|A-E|B-C|C-A|D-B|D-D
trapezoid-int,cross,78,10,True,0,380,54,54,0,2.066327420074957,16.62338824958779,22.19838193305133,15.872354644209391,6.449274131594933,15.872343955111678,0.08054654878980472,2,1,0.016085558685391427,0.0053289656041115374,0.04168268713124495,2.595374809384117,True,True,1.1293395169200486e-14,5.617333549722722e-15,9.797261772499517e-15,True,0.09848865814860445,0.39028483721018153,True,A-D|B-B|B-C|C-D|C-E|D-A
wave,3X2,360,10,True,40,1156,263,263,0,1.5160132029278037,14.040396098789063,23.910413914565844,13.932418694414253,1.599627343503583,13.932351905444449,0.018368885182518113,10,1,0.01597681383250341,0.003811554758435798,0.03876583878850976,2.426381079163863,True,True,0.49711495281005147,0.049266876108087464,0.4946676169165413,True,0.1373728588075293,0.4361681820504353,True,A-F|B-B|C-A|C-D|D-C|E-E
hexagon,parallelepiped-ext,180,10,True,24,554,117,117,0,1.6024320746671006,13.771669435381545,23.467242379000794,13.611491954521748,2.163215177036708,13.611406017041794,0.029542028101863238,8,1,0.015867916857936343,0.009909564926707535,0.035524642652461844,2.4081373951380884,True,True,1.2269345843569998e-14,8.926082647349967e-15,8.41795081963575e-15,True,0.08488756243350125,0.43450857272002213,True,A-C|B-A|C-B|D-D|E-A|F-D
base-trapezoid,parallelepiped-ext,78,10,True,0,210,64,64,0,1.9349580467241818,15.299626529794747,26.38956673108116,13.384251510875956,6.601871504343217,13.383480737852954,0.0880803139065911,5,1,0.015687819771547092,0.009176227083712,0.039781831591476455,2.5480215402754394,True,True,7.748728408340071e-15,5.617333549722722e-15,5.337448429481637e-15,True,0.06800916666921766,0.4182034220705242,True,A-D|B-A|B-D|C-A|D-B|E-C
arrow,parallelepiped-int,78,10,True,8,246,48,48,0,1.545342069595128,13.708875853437267,23.725393382681286,13.462270881175662,2.1882391675718327,13.462196183617968,0.027045612339668068,1,1,0.015608774307356717,0.009664018962396033,0.03388189672908856,2.4059333517507437,True,True,5.874748045952206e-15,3.9968028886505635e-15,4.305604634972164e-15,True,0.06077144584341966,0.48728827906722066,True,A-B|B-D|C-A|C-C|D-B|E-C
cross,trapezoid-int,78,10,True,0,344,56,56,0,2.257168067523639,13.891685552340476,26.19942463321398,13.430154983784949,4.7705713313873686,13.430154983784949,0.07632055856899633,3,1,0.015490536020275036,0.005188977319974928,0.03781916601350336,2.441436885334577,True,True,1.8536735256834497e-14,1.3106745899097891e-14,1.3108156465287239e-14,True,0.11445770293871452,0.4305510598091942,True,A-C|B-A|C-C|D-B|D-D|E-B
triangle,trapezoid-ext,15,10,True,3,38,8,8,0,9.306847492788215,15.00499278024078,22.834653371259243,14.873865744016848,1.4123222407177798,14.873785154519162,0.016289009122143483,1,1,0.015470650904099407,0.0013282954235545846,0.037647306855780334,2.438216759170924,True,True,1.1172380251031888,0.21258753044228654,1.0968260329865094,True,0.11866597327056208,0.5317023011362858,True,A-A|A-D|B-A|B-C|C-B|C-D
base-trapezoid,wave,168,10,True,26,343,115,115,0,2.058781448405253,15.678437668346735,26.03472750216653,13.813828311022538,6.449465605751764,13.813828311022538,0.11699069076570545,3,1,0.01514031963652245,0.007357521091893455,0.03917436552083461,2.591210758659866,True,True,1.1392641081511548e-14,7.377764055609925e-15,8.681063779969294e-15,True,0.21861300473033277,0.41013716395797434,True,A-C|B-C|B-E|C-B|D-D|E-A
rhombus-int,cross,78,10,True,26,132,38,38,0,1.6758824829789902,14.77367060230246,22.597204018960788,14.536554103648744,2.0733139805911245,14.53638703748543,0.028053665781373027,1,1,0.014997492700879874,0.006642787847693666,0.034679060718417504,2.41780697008917,True,True,1.1181467212034264e-14,8.881784197001252e-15,6.792578191798467e-15,True,0.19201313609529408,0.45673777918439046,True,A-D|B-D|B-E|C-A|C-B|D-C
wave,parallelepiped-ext,78,10,True,22,107,48,48,0,1.5231518162750401,13.834951814877567,23.212624700959843,13.724041775937913,1.615682316398309,13.723970241553761,0.012735838376590536,6,1,0.014518211049630445,0.002550312401291941,0.03386669375846057,2.4294352360121785,True,True,1.497201928675776,0.11543054192993203,1.4927455929327764,True,0.44571881434706023,0.5267429318011804,True,A-A|B-A|C-C|C-D|D-D|E-B
trapezoid-int,two-triangles,180,10,True,4,656,123,123,0,1.8983956407078348,16.287810126558313,22.748326449426003,15.087968806470727,6.729561473493726,15.087309801737335,0.06987614831125732,9,1,0.01437594528212168,0.007923328996518745,0.037197159171138194,2.587998195748746,True,True,1.3017076744211418,0.11078192653975469,1.2969850555804556,True,0.1041758994635677,0.3918321979520063,True,A-B|B-A|B-E|C-D|C-F|D-C
trapezoid-int,central-parallelepiped,78,10,True,12,395,40,40,0,1.7382965735995692,15.955534092886829,22.86957173934022,14.551792375714207,6.38747094663371,14.551063794285573,0.06686561079238551,1,1,0.01420062133203688,0.013014326248282295,0.03669855557909657,2.5842922447557917,True,True,1.3306128321320664e-14,9.729507111180988e-15,9.076879545137218e-15,True,0.11585177022886682,0.447246773371714,True,A-C|B-A|B-B|C-D|C-E|D-C
rectangle-same,3X2,180,10,True,66,230,92,92,0,1.6782997578783883,15.500407082847179,25.409925214620557,12.981551363178763,7.169962134340404,12.979798893176543,0.1350731884003693,10,1,0.013814943252316178,0.012717319887849255,0.03571046106813506,2.6210782797432577,True,True,1.2784275049860365,0.10216259930455572,1.274338922268389,True,0.1932078382919079,0.507168727450094,True,A-B|A-C|B-D|C-A|C-E|D-F
trapezoid-int,vertical-parallelepiped,180,10,True,28,772,112,112,0,1.8939535405403782,15.994972386949406,22.648247354221002,14.42533773834077,6.4880107412912515,14.424712718478418,0.07710361123319132,4,1,0.01309762120327134,0.010506449078549933,0.03224442459147595,2.5901236313532205,True,True,1.7596597149758565e-14,1.3987047740492306e-14,1.0677205943320579e-14,True,0.17312435927950837,0.4182034220705242,True,A-D|B-A|B-C|C-B|C-F|D-E
trapezoid-int,central-trapezoid,78,10,True,6,281,50,50,0,2.0241151484864823,16.367416533105775,23.09130565964069,15.161837463297275,6.780873065055778,15.161227725702647,0.0656560939572568,1,1,0.012874508298656587,0.009825568333795965,0.03332677137349067,2.5885859560918694,True,True,1.2600909057644086e-14,7.377764055609925e-15,1.021525851942901e-14,True,0.11585177022886682,0.4824672296799091,True,A-D|B-A|B-C|C-B|C-E|D-D
wave,trapezoid-int,78,10,True,6,161,57,57,0,2.0047344066158246,13.100068445674887,25.20807977951141,12.956007634498262,2.011821764293593,12.956007634498262,0.016888248825049246,3,1,0.012752945220197046,0.003072042469962608,0.030844938333107818,2.4186521466632027,True,True,1.1735620608518611e-14,9.908118501574325e-15,6.289195403694124e-15,True,0.24870918497841224,0.4305510598091942,True,A-B|B-D|C-B|C-C|D-C|E-A
parallelepiped-ext,arrow,78,10,True,6,283,52,52,0,1.6344754648729005,13.987563321031068,23.65315571992928,13.789405684154424,2.308792609146079,13.789383028939552,0.007863587310245279,11,1,0.012338958032468691,0.0037387041228658445,0.030187360551653754,2.485954565872283,True,True,0.32191488220263026,0.0564666703079497,0.316923818176966,True,0.17997001355847725,0.42827695480702754,True,A-A|A-C|B-C|C-E|D-B|D-D
central-trapezoid,rhombus-ext,78,10,True,6,258,52,52,0,1.647289161618001,14.094149636948856,23.713756009549154,13.939840611655445,2.007111111857096,13.939733855089099,0.02610590258935197,8,1,0.012092741141268952,0.0050116167812412,0.02913892999255144,2.42026367598674,True,True,0.9627611466527717,0.13249173280636573,0.9536010519300648,True,0.2835094968201919,0.461113190514354,True,A-D|B-B|C-A|D-A|D-C|E-D
cross,parallelepiped-int,78,10,True,8,353,37,37,0,1.6006062702623964,13.91862184005321,24.799392006494397,12.820342711952033,4.671143096066058,12.81894818101586,0.07802913188839078,16,1,0.01150849636150194,0.004757811924058074,0.028004256332080122,2.4333549277349182,True,True,0.515743911052685,0.0658634447852433,0.5115210537494436,True,0.07361627029667886,0.4499078879065762,True,A-C|B-B|C-C|D-B|D-D|E-A
rectangle-opposite,trapezoid-int,34,10,True,8,103,18,18,0,2.052980419758263,12.79644657678949,24.474698476299434,12.115203975957607,2.6385314612366204,12.115203975957607,0.022525915399592478,1,1,0.011350225008844682,0.015108536485853077,0.0270881517234324,2.3865739844209175,True,True,1.1127182224838713e-14,9.272854936269104e-15,6.1504752333194815e-15,True,0.06693180894676432,0.3926817942954417,True,A-B|A-D|B-B|C-C|D-A|D-C
parallelepiped-int,arrow,78,10,True,8,258,59,59,0,2.0240274193105194,14.01011713592317,23.71082301567032,13.723869652015367,2.204658924936881,13.723722364558109,0.008939844186890866,8,1,0.010927778892692688,0.0018395815002619717,0.02638468723075887,2.4144602018258334,True,True,1.2993787180477601e-14,8.140289677804162e-15,1.0127891648955327e-14,True,0.177264057512267,0.41302574003819187,True,A-C|B-A|B-B|C-C|C-D|D-E
central-trapezoid,parallelepiped-int,78,10,True,2,303,52,52,0,1.5713874471017801,13.795736622272889,23.78116378058894,13.543327708684314,2.133510552776152,13.543312648637983,0.028339639992333687,14,1,0.010683614303081821,0.002414365995210041,0.025480427319603906,2.3978037032216837,True,True,0.3029009571764144,0.030352384870496824,0.30137638028064057,True,0.08454261591237636,0.4652866157331114,True,A-C|B-D|C-C|D-A|D-B|E-B
arrow,parallelepiped-ext,78,10,True,6,260,58,58,0,1.619353886866686,13.576000326684653,23.55218126191475,13.408847864582391,2.1739586275645815,13.4087408654331,0.025742705579535397,2,1,0.010670919965899061,0.008508844724195249,0.02352749590619418,2.4088308971500774,True,True,4.572178254219406e-15,2.220446049250313e-15,3.9968028886505635e-15,True,0.06077144584341966,0.48728827906722066,True,A-A|B-D|C-A|C-C|D-B|E-D
central-parallelepiped,parallelepiped-ext,78,10,True,18,220,38,38,0,1.735668531668102,13.903052894334664,23.227612394476907,13.653979082450139,2.449876945958567,13.653896229687215,0.029074465936012928,13,1,0.01040695775054987,0.003579847497343672,0.02498472448768985,2.400771203896714,True,True,7.97585333585618e-15,7.377764055609925e-15,3.0303191209571215e-15,True,0.20911973467226633,0.4531133653291396,True,A-C|B-A|C-B|C-D|D-A|E-D
rhombus-ext,wave,78,10,True,14,216,44,44,0,1.845507517851898,14.110070750505159,23.712219592141732,13.909431054619109,1.6610685157893421,13.909422370525785,0.0253935852525089,7,1,0.010166365287844517,0.0032853568597149877,0.024531874987579555,2.4130428420579433,True,True,6.432590432257512e-15,5.329070518200751e-15,3.602669438238049e-15,True,0.07895852420601794,0.45673777918439046,True,A-C|A-E|B-C|C-A|D-B|D-D
triangle,pentagon,36,10,True,0,171,25,25,0,1.7183561250031067,14.120517541167153,23.642189479433224,14.022933943368246,1.5406448090549623,14.022921036513932,0.016648014096590558,3,1,0.009757781579816814,0.0029992907114517646,0.023497762724578285,2.418620368899111,True,True,6.640256811206863e-15,5.329070518200751e-15,3.961567610280393e-15,True,0.12421498821618292,0.4299834285413748,True,A-A|A-E|B-C|B-E|C-B|C-D
base-trapezoid,trapezoid-ext,78,10,True,14,106,56,56,0,1.7285747930608681,16.32163747263452,24.377834626447118,13.398607963014738,6.527688103464514,13.397901310946619,0.1249067354112654,2,1,0.00973710653377296,0.0016488672162784973,0.02533573641103855,2.601977941102118,True,True,0.46248188475497115,0.06964474197221475,0.4572079435466252,True,0.08622886794190701,0.5298130983811192,True,A-A|B-B|B-C|C-D|D-A|E-D
central-trapezoid,triangle,36,10,True,0,119,28,28,0,1.7255469248923432,14.170556906386059,23.86065504057989,13.963138645439766,1.6765094175208983,13.963033209450256,0.026407797436304392,4,1,0.0090216439184482,0.0009386971384688663,0.0218427567139265,2.4416346133962024,True,True,1.0269110252111904,0.0673146095914821,1.0247023943740174,True,0.5879105170486683,0.534337309972846,True,A-B|B-A|C-C|D-A|D-B|E-C
pyramid,parallelepiped-ext,180,10,True,8,615,122,122,0,1.9346331152491278,16.65247310107682,23.796996014046357,14.72338923475008,7.322447864045994,14.7206623666939,0.06928665058397776,13,1,0.008862244281773275,0.007329454819334915,0.022347093819355665,2.524627106087627,True,True,0.6388179663005129,0.10424375686037089,0.6302552127701596,True,0.05966104544101376,0.3926817942954417,True,A-A|B-D|C-B|D-D|E-A|F-C
wave,parallelepiped-int,78,10,True,18,108,50,50,0,1.5323325438864113,13.904329236781123,23.267112506702716,13.834848979614641,1.6048208576205703,13.834765383270717,0.01341017688774393,6,1,0.008663691463687903,0.0011791209826825862,0.021012815953825825,2.429958309455622,True,True,9.305364597889226e-15,8.881784197001252e-15,2.7755575615628914e-15,True,0.2874282890350446,0.5263781171411518,True,A-C|B-B|C-A|C-B|D-C|E-D
central-trapezoid,trapezoid-ext,78,10,True,2,218,60,60,0,1.5261399922417966,14.727758280154191,23.020424299906562,14.584701265155218,1.6387248751715924,14.584658526697277,0.025765228427614417,6,1,0.007969474586153972,0.001287472417266191,0.019381245563344477,2.431935173871703,True,True,1.8708072546576045e-14,1.3053503572900977e-14,1.3401418689087129e-14,True,0.1229854003855814,0.5823434580765492,True,A-A|B-D|C-A|D-B|D-C|E-D
wave,rectangle-same,78,10,True,6,244,57,57,0,1.587946421637485,14.872224689633978,21.489145632318817,14.783187022553724,2.024514244909822,14.783122794029417,0.01748597731209678,10,1,0.007929347564853438,0.003444088509279685,0.01867587589140617,2.4332213118651453,True,True,0.9230220311641323,0.07296849407987269,0.9201332886522886,True,0.35955495693240963,0.41981971932396717,True,A-A|B-A|C-B|C-C|D-D|E-C
trapezoid-int,3X2,180,10,True,12,761,126,126,0,1.6719284454821983,16.225811375730867,23.009563544998425,14.841873021810159,6.432662993143871,14.841814813091208,0.07110795492940092,18,1,0.007345305461235967,0.0023040443952453858,0.01902419851762017,2.5899805825664113,True,True,0.5833957315160325,0.06375753242687057,0.579901333512834,True,0.06571838913724709,0.45010767143417935,True,A-A|B-D|B-E|C-C|C-F|D-B
parallelepiped-ext,wave,78,10,True,22,124,46,46,0,1.6057834979202286,14.228398449797362,23.325092508887145,14.136693167908563,1.847562877110891,14.13668144588443,0.006283071219113978,8,1,0.0066487730008911285,0.0009098963346410271,0.016457094371038355,2.5229194474302696,True,True,1.4474391957688648,0.18873558169042992,1.435081567595373,True,0.13016141238400017,0.445145612171237,True,A-A|A-C|B-E|C-D|D-B|D-C
parallelepiped-int,central-parallelepiped,78,10,True,18,336,42,42,0,2.0090183181452526,13.711135813372167,23.271883902020065,13.47751836583436,2.3487162790812564,13.477418614162197,0.02009367657134753,9,1,0.006261140136072785,0.003633033490645457,0.013788922752041563,2.4082533707446965,True,True,1.3821776639727632,0.2545318423472841,1.3585391551282215,True,0.15486237793965058,0.3914966099903299,True,A-C|B-A|B-E|C-B|C-C|D-D
parallelepiped-ext,central-parallelepiped,78,10,True,18,217,46,46,0,1.5896083495781383,13.874954700228493,23.342446247583748,13.540362859712832,2.5717557176776196,13.540197847125196,0.01164847184786133,9,1,0.006162283720895548,0.0035798474973436365,0.015369241532765702,2.500171372699809,True,True,0.5693006001638541,0.07874182496676836,0.5638287846038257,True,0.08918746693267764,0.32651322683833955,True,A-A|A-C|B-E|C-C|D-B|D-D
hexagon,trapezoid-int,180,10,True,12,428,138,138,0,2.0310318558459564,13.006741057315502,25.455536378202254,12.830018221945046,2.122055697400733,12.830018221945046,0.020926388148609476,5,1,0.004438270502606923,0.003446073597126048,0.009966661083114324,2.4072943482177327,True,True,1.3845188145034506,0.11605678497792415,1.3796460308262508,True,0.1342780107881474,0.47719834944987555,True,A-A|B-C|C-B|D-D|E-B|F-C
central-trapezoid,rectangle-opposite,78,10,True,12,330,45,45,0,1.6311200979634677,13.678936374047513,23.370071332822118,13.32629020656533,2.6582927442314634,13.326251250743445,0.02482964894951145,17,1,0.004248589298538034,0.006661784794498507,0.009534833197318293,2.4094460795787254,True,True,0.11398201824404831,0.010646342227304527,0.11348372517751466,True,0.11769668404616776,0.41981971932396717,True,A-A|B-D|C-C|D-A|D-B|E-D
trapezoid-int,triangle,15,10,True,3,14,11,11,0,11.56977918030087,17.207603026106675,22.619802867467495,15.734576432706199,6.752920741754435,15.733400379105207,0.04949189667451037,1,1,0.004081027286837833,0.0008888519929514026,0.010650974755431654,2.6098758981061643,True,True,1.3853452587214867e-14,8.331852114593072e-15,1.1067899029479861e-14,True,0.232027272422633,0.5447889932147856,True,A-B|B-B|B-C|C-A|C-C|D-A
two-triangles,parallelepiped-ext,180,10,True,28,492,131,131,0,1.585258336312562,13.78906987707086,24.04838229480291,13.5588880470306,1.8811194658146033,13.558816587822633,0.021709755058751057,9,1,0.0033520006756465686,0.0012258189082281208,0.008108132974368524,2.4188935978673523,True,True,1.4950458501242225,0.1464684971977242,1.487853848098764,True,0.07288895336558138,0.4431883781158899,True,A-A|B-D|C-B|D-A|E-C|F-D
trapezoid-int,pyramid,180,10,True,16,438,139,139,0,2.260586548347874,14.851387801510288,24.4383886455581,14.189693193282908,6.857550909580236,14.189603833955374,0.05833191541094962,13,1,0.003281425284342194,0.0016618662356953854,0.008526738773042952,2.5984863387655195,True,True,1.3371621238615756e-14,9.565974336450906e-15,9.34303963083549e-15,True,0.320381594636484,0.447246773371714,True,A-B|B-A|B-F|C-C|C-E|D-D
parallelepiped-ext,rectangle-same,34,10,True,6,83,22,22,0,2.3455835589065366,14.093746698519581,20.964089759287567,13.986272512470117,2.5885583683220923,13.98625982130133,0.01258540387352447,6,1,0.0031402118953953425,0.003505112162847871,0.007756585852499078,2.488232308197788,True,True,0.7394743007367499,0.09702688273905871,0.733081186142467,True,0.08446371459322005,0.41302574003819187,True,A-A|A-C|B-B|C-A|D-C|D-D
trapezoid-int,trapezoid-int,34,10,True,16,70,11,11,0,3.8477900078322005,15.739099866542173,23.499256963329948,14.274560958938379,6.659610048616321,14.273862222821727,0.06600808177033635,5,1,0.002772898477828199,0.0006378632817734993,0.007171445922233424,2.596546343415189,True,True,0.03826156973307825,0.007022869762683003,0.037611527737325456,True,0.07320196921372803,0.3844888679056581,True,A-A|B-B|B-C|C-C|C-D|D-B
central-trapezoid,parallelepiped-ext,78,10,True,2,271,56,56,0,1.587426141601949,13.752557080715675,23.446911992388664,13.606763327570292,2.2495365763807134,13.606619975524643,0.02478242271417308,17,1,0.002372649821886819,0.0009162944466859362,0.0052272247249186875,2.3951582903889648,True,True,0.45470937195004757,0.04210051578900523,0.45275618108371135,True,0.07484336398535814,0.4182034220705242,True,A-D|B-A|C-A|D-B|D-D|E-C
central-trapezoid,trapezoid-int,78,10,True,6,257,54,54,0,2.0107811048078257,12.787972030904346,25.7217154190726,12.621023675184992,2.1532903672636214,12.621004955904509,0.01508900563819715,15,1,0.002076505280154313,0.0006027062668088258,0.005021242433048718,2.4253734971839913,True,True,0.9869132905925744,0.09774423606661779,0.9820610507824942,True,0.08454261591237636,0.4657593743306056,True,A-C|B-D|C-B|D-A|D-C|E-B
trapezoid-int,hexagon,180,10,True,12,486,135,135,0,1.6120885072450137,16.460412582921983,22.804308590983876,15.013986598075778,6.755806098633481,15.013956046780228,0.07755696190219119,6,1,0.0018318514542226474,0.0029797449859444484,0.004590818679771604,2.598838480687585,True,True,8.894265436318763e-15,7.53644380168212e-15,4.723343357811471e-15,True,0.06265859274247343,0.4579559407757837,True,A-E|B-B|B-C|C-D|C-F|D-A
central-parallelepiped,trapezoid-int,78,10,True,12,341,44,44,0,1.8567598069198645,12.60244625310545,25.551935425555474,12.41327919744969,2.0630805728212005,12.41327919744969,0.022617365123148048,19,1,0.0017034317348182592,0.0012014055840119191,0.00408325433640103,2.423839121570365,True,True,1.356654377317146e-14,1.2210434516706244e-14,5.912393666071813e-15,True,0.08454261591237636,0.4657593743306056,True,A-C|B-B|C-A|C-B|D-D|E-C
rectangle-same,trapezoid-int,34,10,True,10,79,18,18,0,2.450570249225474,14.213758727483931,26.875711276503495,12.915814969060175,7.059230334879848,12.915814969060175,0.10823717276139355,4,1,0.001319924319672318,0.0023418156462277216,0.0029499776645723515,2.5728196393978218,True,True,6.3350847313290905e-15,2.5121479338940403e-15,5.815703853477314e-15,True,0.06620274516316707,0.3844888679056581,True,A-B|A-D|B-C|C-B|C-C|D-A
wave,rectangle-opposite,78,10,True,22,211,47,47,0,1.5409525752876765,13.72943899900862,23.132660902489036,13.616831057896801,1.9070136600992722,13.616736531814286,0.02009769944891282,8,1,0.0011747571171189413,0.0016397897682702744,0.002623569923757444,2.4145807782500035,True,True,6.237042840057389e-15,5.617333549722722e-15,2.710399819191012e-15,True,0.20497734473063722,0.3676539667191418,True,A-D|B-A|C-A|C-D|D-B|E-C
parallelepiped-int,central-trapezoid,78,10,True,2,306,57,57,0,1.7145610638054987,13.911369437582106,23.68187287104272,13.685660090081605,2.2090549600007323,13.685597024906425,0.015458572918484847,17,1,0.0004388283787347373,0.0004722640919932896,0.0010084817526217933,2.4239910221386007,True,True,1.1943797843661215,0.21820067824876954,1.1742791547644198,True,0.2427772495051519,0.4661386319733713,True,A-D|B-A|B-D|C-B|C-C|D-E
parallelepiped-int,wave,78,10,True,18,122,52,52,0,1.643017317179096,14.239435203650668,23.314796209524935,14.147547810775489,1.640711510008099,14.147531513389662,0.009159567817256686,8,1,0.00034050369482568703,0.0001101803002363466,0.0008242669111631374,2.4274068559584556,True,True,1.0797698667497257,0.19438673142333743,1.062128412098684,True,0.19353534753305096,0.432603075572651,True,A-C|B-B|B-C|C-A|C-E|D-D
triangle,parallelepiped-ext,15,10,True,2,27,11,11,0,1.8167587695462644,13.949647945087692,22.815851410964825,13.859666909064298,1.709145460545623,13.859653963667698,0.021845180476963932,2,1,0.00023632874321078562,0.00012156993415585541,0.0005644381638354214,2.4138693419516564,True,True,0.5848234802344731,0.10487037865810027,0.5753439898996666,True,0.08619812562049968,0.4789466625014645,True,A-A|A-D|B-A|B-C|C-B|C-D
trapezoid-int,wave,78,10,True,6,161,57,57,0,1.9676834369098362,16.907127468831156,23.043883868857097,15.067322662085717,6.979361126711207,15.06645386966141,0.07856487792899536,14,1,0.0001365257043459281,6.276769861727569e-05,0.00035474457748530517,2.6048529827734015,True,True,1.5031320417584049,0.12554490994272718,1.4978799720098612,True,0.24401054095097624,0.4825720176884886,True,A-B|B-A|B-D|C-C|C-E|D-C
line,line,6,10,False,6,0,0,0,0,,,,,,,,0,0,,,,,,,,,,,,,,
line,diagonal,6,10,False,6,0,0,0,0,,,,,,,,0,0,,,,,,,,,,,,,,
line,triangle,6,10,False,6,0,0,0,0,,,,,,,,0,0,,,,,,,,,,,,,,
line,rectangle-same,15,10,False,15,0,0,0,0,,,,,,,,0,0,,,,,,,,,,,,,,
line,rectangle-opposite,15,10,False,15,0,0,0,0,,,,,,,,0,0,,,,,,,,,,,,,,
line,rhombus-ext,15,10,False,15,0,0,0,0,,,,,,,,0,0,,,,,,,,,,,,,,
line,rhombus-int,15,10,False,15,0,0,0,0,,,,,,,,0,0,,,,,,,,,,,,,,
line,parallelepiped-ext,15,10,False,15,0,0,0,0,,,,,,,,0,0,,,,,,,,,,,,,,
line,parallelepiped-int,15,10,False,15,0,0,0,0,,,,,,,,0,0,,,,,,,,,,,,,,
line,trapezoid-ext,15,10,False,15,0,0,0,0,,,,,,,,0,0,,,,,,,,,,,,,,
line,trapezoid-int,15,10,False,15,0,0,0,0,,,,,,,,0,0,,,,,,,,,,,,,,
line,pentagon,36,10,False,36,0,0,0,0,,,,,,,,0,0,,,,,,,,,,,,,,
line,arrow,36,10,False,36,0,0,0,0,,,,,,,,0,0,,,,,,,,,,,,,,
line,cross,36,10,False,36,0,0,0,0,,,,,,,,0,0,,,,,,,,,,,,,,
line,central-trapezoid,36,10,False,36,0,0,0,0,,,,,,,,0,0,,,,,,,,,,,,,,
line,wave,36,10,False,36,0,0,0,0,,,,,,,,0,0,,,,,,,,,,,,,,
line,base-trapezoid,36,10,False,36,0,0,0,0,,,,,,,,0,0,,,,,,,,,,,,,,
line,central-parallelepiped,36,10,False,36,0,0,0,0,,,,,,,,0,0,,,,,,,,,,,,,,
line,2X3,90,10,False,90,0,0,0,0,,,,,,,,0,0,,,,,,,,,,,,,,
line,two-triangles,90,10,False,90,0,0,0,0,,,,,,,,0,0,,,,,,,,,,,,,,
line,vertical-parallelepiped,90,10,False,90,0,0,0,0,,,,,,,,0,0,,,,,,,,,,,,,,
line,pyramid,90,10,False,90,0,0,0,0,,,,,,,,0,0,,,,,,,,,,,,,,
line,horizzontal-parallelepiped,90,10,False,90,0,0,0,0,,,,,,,,0,0,,,,,,,,,,,,,,
line,3X2,90,10,False,90,0,0,0,0,,,,,,,,0,0,,,,,,,,,,,,,,
line,hexagon,90,10,False,90,0,0,0,0,,,,,,,,0,0,,,,,,,,,,,,,,
diagonal,line,6,10,False,6,0,0,0,0,,,,,,,,0,0,,,,,,,,,,,,,,
diagonal,diagonal,6,10,False,6,0,0,0,0,,,,,,,,0,0,,,,,,,,,,,,,,
diagonal,triangle,6,10,False,6,0,0,0,0,,,,,,,,0,0,,,,,,,,,,,,,,
diagonal,rectangle-same,15,10,False,15,0,0,0,0,,,,,,,,0,0,,,,,,,,,,,,,,
diagonal,rectangle-opposite,15,10,False,15,0,0,0,0,,,,,,,,0,0,,,,,,,,,,,,,,
diagonal,rhombus-ext,15,10,False,15,0,0,0,0,,,,,,,,0,0,,,,,,,,,,,,,,
diagonal,rhombus-int,15,10,False,15,0,0,0,0,,,,,,,,0,0,,,,,,,,,,,,,,
diagonal,parallelepiped-ext,15,10,False,15,0,0,0,0,,,,,,,,0,0,,,,,,,,,,,,,,
diagonal,parallelepiped-int,15,10,False,15,0,0,0,0,,,,,,,,0,0,,,,,,,,,,,,,,
diagonal,trapezoid-ext,15,10,False,15,0,0,0,0,,,,,,,,0,0,,,,,,,,,,,,,,
diagonal,trapezoid-int,15,10,False,15,0,0,0,0,,,,,,,,0,0,,,,,,,,,,,,,,
diagonal,pentagon,36,10,False,36,0,0,0,0,,,,,,,,0,0,,,,,,,,,,,,,,
diagonal,arrow,36,10,False,36,0,0,0,0,,,,,,,,0,0,,,,,,,,,,,,,,
diagonal,cross,36,10,False,36,0,0,0,0,,,,,,,,0,0,,,,,,,,,,,,,,
diagonal,central-trapezoid,36,10,False,36,0,0,0,0,,,,,,,,0,0,,,,,,,,,,,,,,
diagonal,wave,36,10,False,36,0,0,0,0,,,,,,,,0,0,,,,,,,,,,,,,,
diagonal,base-trapezoid,36,10,False,36,0,0,0,0,,,,,,,,0,0,,,,,,,,,,,,,,
diagonal,central-parallelepiped,36,10,False,36,0,0,0,0,,,,,,,,0,0,,,,,,,,,,,,,,
diagonal,2X3,90,10,False,90,0,0,0,0,,,,,,,,0,0,,,,,,,,,,,,,,
diagonal,two-triangles,90,10,False,90,0,0,0,0,,,,,,,,0,0,,,,,,,,,,,,,,
diagonal,vertical-parallelepiped,90,10,False,90,0,0,0,0,,,,,,,,0,0,,,,,,,,,,,,,,
diagonal,pyramid,90,10,False,90,0,0,0,0,,,,,,,,0,0,,,,,,,,,,,,,,
diagonal,horizzontal-parallelepiped,90,10,False,90,0,0,0,0,,,,,,,,0,0,,,,,,,,,,,,,,
diagonal,3X2,90,10,False,90,0,0,0,0,,,,,,,,0,0,,,,,,,,,,,,,,
diagonal,hexagon,90,10,False,90,0,0,0,0,,,,,,,,0,0,,,,,,,,,,,,,,
triangle,line,6,10,False,6,0,0,0,0,,,,,,,,0,0,,,,,,,,,,,,,,
triangle,diagonal,6,10,False,6,0,0,0,0,,,,,,,,0,0,,,,,,,,,,,,,,
triangle,triangle,6,10,False,3,18,1,1,0,9.378316910691657,14.408312279665385,23.649940674684835,14.342841519252744,1.5638409450453512,14.34282661765914,0.020513359749005033,2,0,,,,,,,,,,,,,,
triangle,trapezoid-int,15,10,False,3,14,11,11,0,9.653606894103895,13.18827321468251,24.981329881697203,13.095022704684052,1.7317054472970055,13.095022704684052,0.018997645101046956,1,0,,,,,,,,,,,,,,
rectangle-same,line,15,10,False,15,0,0,0,0,,,,,,,,0,0,,,,,,,,,,,,,,
rectangle-same,diagonal,15,10,False,15,0,0,0,0,,,,,,,,0,0,,,,,,,,,,,,,,
rectangle-same,rectangle-same,34,10,False,19,40,11,11,0,3.0305019773027713,16.293245629508693,23.095925635067385,13.4579337175131,7.735884774758186,13.455533969452128,0.1182995584820361,4,0,,,,,,,,,,,,,,
rectangle-same,rectangle-opposite,34,10,False,14,39,16,16,0,2.5716640412637033,15.809259035238048,25.96206959595862,12.748140550455062,8.127327344937425,12.748140550455062,0.10730522804580112,4,0,,,,,,,,,,,,,,
rectangle-same,parallelepiped-ext,34,10,False,6,87,20,20,0,2.568423496501642,15.205657748754847,25.628238788356974,12.601924751073525,7.395781665349426,12.601924751073525,0.10685130042199198,8,0,,,,,,,,,,,,,,
rectangle-same,base-trapezoid,78,10,False,18,151,48,48,0,2.005240995298266,16.35842474806085,23.303299163686365,13.641967217663336,7.2345206953038,13.637983943096067,0.12298741810765002,12,0,,,,,,,,,,,,,,
rectangle-opposite,line,15,10,False,15,0,0,0,0,,,,,,,,0,0,,,,,,,,,,,,,,
rectangle-opposite,diagonal,15,10,False,15,0,0,0,0,,,,,,,,0,0,,,,,,,,,,,,,,
rectangle-opposite,rectangle-opposite,34,10,False,18,40,12,12,0,1.8832568815139241,14.050518712207491,22.04811687963637,13.633674356848925,3.4016942188588093,13.633580199285655,0.02864284867318645,4,0,,,,,,,,,,,,,,
rectangle-opposite,parallelepiped-ext,34,10,False,14,76,12,12,0,1.72810309212742,13.84387942905187,21.687107905795056,13.487333662230618,2.7903164354248,13.487211428296684,0.025577494612758045,8,0,,,,,,,,,,,,,,
rhombus-ext,line,15,10,False,15,0,0,0,0,,,,,,,,0,0,,,,,,,,,,,,,,
rhombus-ext,diagonal,15,10,False,15,0,0,0,0,,,,,,,,0,0,,,,,,,,,,,,,,
rhombus-ext,rhombus-ext,34,10,False,18,38,12,12,0,1.5134456315530245,14.218558078919004,23.18244511041297,14.078835954772622,1.9549249806868652,14.078794801041798,0.021810299155260893,4,0,,,,,,,,,,,,,,
rhombus-ext,rhombus-int,34,10,False,18,0,16,16,0,,,,,,,,0,0,,,,,,,,,,,,,,
rhombus-int,line,15,10,False,15,0,0,0,0,,,,,,,,0,0,,,,,,,,,,,,,,
rhombus-int,diagonal,15,10,False,15,0,0,0,0,,,,,,,,0,0,,,,,,,,,,,,,,
rhombus-int,rhombus-ext,34,10,False,18,0,16,16,0,,,,,,,,0,0,,,,,,,,,,,,,,
rhombus-int,rhombus-int,34,10,False,18,38,12,12,0,1.5489277401970736,14.107809314333362,22.876415543993698,13.960299481378717,2.062366723749192,13.960228551290994,0.03020476587169263,4,0,,,,,,,,,,,,,,
parallelepiped-ext,line,15,10,False,15,0,0,0,0,,,,,,,,0,0,,,,,,,,,,,,,,
parallelepiped-ext,diagonal,15,10,False,15,0,0,0,0,,,,,,,,0,0,,,,,,,,,,,,,,
parallelepiped-ext,triangle,15,10,False,2,27,11,11,0,1.8020955787519957,13.941562456598417,22.77285154314202,13.881386482142885,1.7966782744247953,13.881377496546666,0.004508449861459596,2,0,,,,,,,,,,,,,,
parallelepiped-ext,rectangle-opposite,34,10,False,14,70,18,18,0,2.5875025902783855,13.66368612813208,21.60875470601714,13.22609258329624,2.644949121152401,13.225917056840622,0.013510002102288254,2,0,,,,,,,,,,,,,,
parallelepiped-ext,rhombus-ext,34,10,False,10,31,22,22,0,1.7672943687063714,14.049866721782841,22.7341714348626,13.946549390605032,2.038404581547685,13.946531598706917,0.00793281726239492,2,0,,,,,,,,,,,,,,
parallelepiped-ext,parallelepiped-ext,34,10,False,18,34,14,14,0,9.126242939030915,13.981627827942049,21.860873519781485,13.88246435745591,1.5937912035524175,13.882455618330388,0.012916868054713149,2,0,,,,,,,,,,,,,,
parallelepiped-ext,parallelepiped-int,34,10,False,18,0,16,16,0,,,,,,,,0,0,,,,,,,,,,,,,,
parallelepiped-ext,trapezoid-ext,34,10,False,6,59,24,24,0,1.8891693906010398,14.669104771415679,22.16350136252289,14.537739620549143,1.7305879524136671,14.537660408863442,0.006059300727523365,4,0,,,,,,,,,,,,,,
parallelepiped-ext,trapezoid-int,34,10,False,6,67,22,22,0,1.9028632592634682,12.907987310336102,24.97923475998309,12.634682110017724,2.6808070722815387,12.634682110017724,0.01477848480495858,6,0,,,,,,,,,,,,,,
parallelepiped-ext,central-trapezoid,78,10,False,2,277,55,55,0,1.7121285292686912,13.957271839772085,23.565385403626376,13.716853097191745,2.3152118048349632,13.716767066696836,0.009436519676709665,20,0,,,,,,,,,,,,,,
parallelepiped-ext,pyramid,180,10,False,8,600,135,135,0,2.194717821312359,12.89174862717302,25.30675658152842,12.643429583047306,2.4428392833643358,12.643420497985254,0.010751160997529041,20,0,,,,,,,,,,,,,,
parallelepiped-int,line,15,10,False,15,0,0,0,0,,,,,,,,0,0,,,,,,,,,,,,,,
parallelepiped-int,diagonal,15,10,False,15,0,0,0,0,,,,,,,,0,0,,,,,,,,,,,,,,
parallelepiped-int,triangle,15,10,False,2,25,12,12,0,9.261773444070272,14.005633033854467,23.099800104444473,13.958017252914258,1.2501549859667884,13.957997028188222,0.02376118138556471,1,0,,,,,,,,,,,,,,
parallelepiped-int,rectangle-same,34,10,False,6,102,19,19,0,2.0542368101669495,14.693942920798595,20.673896273764363,14.296808391321111,2.3380801081221776,14.296676547254712,0.02238713554203109,9,0,,,,,,,,,,,,,,
parallelepiped-int,rectangle-opposite,34,10,False,14,86,16,16,0,1.7751645824827131,13.39069418213475,21.697164045734414,13.19993978440551,1.9238022217432955,13.19974365600254,0.018110706540467092,4,0,,,,,,,,,,,,,,
parallelepiped-int,parallelepiped-ext,34,10,False,18,0,16,16,0,,,,,,,,0,0,,,,,,,,,,,,,,
parallelepiped-int,parallelepiped-int,34,10,False,18,34,14,14,0,9.275462573960896,14.054935755854007,21.988664804617738,13.943381428899102,1.6560646054599517,13.943365441047273,0.019916627712861512,2,0,,,,,,,,,,,,,,
parallelepiped-int,trapezoid-ext,34,10,False,6,50,26,26,0,9.19126571002792,14.7144653117692,22.371658757685225,14.521833383509788,1.4589860407930393,14.521783073448944,0.018913895106813072,2,0,,,,,,,,,,,,,,
parallelepiped-int,trapezoid-int,34,10,False,6,69,22,22,0,1.9529998351293603,12.730037363471402,25.058793794096385,12.627347799915716,2.0688115073499382,12.627332735226327,0.015020479773022899,6,0,,,,,,,,,,,,,,
parallelepiped-int,base-trapezoid,78,10,False,8,154,54,54,0,2.0809200720916974,15.019139280246264,21.435595591814916,14.872674569519967,2.5206734179377506,14.872643907337345,0.019547953515175465,16,0,,,,,,,,,,,,,,
trapezoid-ext,line,15,10,False,15,0,0,0,0,,,,,,,,0,0,,,,,,,,,,,,,,
trapezoid-ext,diagonal,15,10,False,15,0,0,0,0,,,,,,,,0,0,,,,,,,,,,,,,,
trapezoid-ext,triangle,15,10,False,3,37,8,8,0,10.490545696514863,14.33477586860595,25.009595559760523,13.42781419870959,4.972716840557753,13.427446226836741,0.07948503326054457,4,0,,,,,,,,,,,,,,
trapezoid-ext,rectangle-opposite,34,10,False,4,109,23,23,0,2.4987590467986664,13.789118584477636,24.525762145855545,12.675991455863644,5.008913309660066,12.674506593630452,0.06784593321965637,7,0,,,,,,,,,,,,,,
trapezoid-ext,rhombus-ext,34,10,False,6,101,19,19,0,2.2033473086052293,14.13127484937327,24.84461888996614,13.194312661758364,4.85084983926359,13.192980356358264,0.07694627698720247,9,0,,,,,,,,,,,,,,
trapezoid-ext,rhombus-int,34,10,False,0,187,23,23,0,2.2502104941448455,14.05298529630049,25.40066162241725,13.089074733691769,4.855823554591672,13.088719515563723,0.07692474186914033,11,0,,,,,,,,,,,,,,
trapezoid-ext,parallelepiped-ext,34,10,False,6,58,24,24,0,3.277171895298447,13.880885490775992,24.497645130709984,12.989524494361383,4.851519633622463,12.989155611224945,0.07711069480169108,4,0,,,,,,,,,,,,,,
trapezoid-ext,parallelepiped-int,34,10,False,6,46,25,25,0,2.8060990672355226,14.103901186915174,24.94344818132803,13.251208134574657,4.847313157292945,13.250843520604766,0.06941803804125968,3,0,,,,,,,,,,,,,,
trapezoid-ext,trapezoid-ext,34,10,False,16,73,10,10,0,1.8468322477842478,15.04893266918572,24.295816674428625,14.278169381353697,4.895366746357637,14.277811137321548,0.08569239491933978,8,0,,,,,,,,,,,,,,
trapezoid-ext,trapezoid-int,34,10,False,16,0,18,18,0,,,,,,,,0,0,,,,,,,,,,,,,,
trapezoid-ext,pentagon,78,10,False,0,267,55,55,0,2.103326827563373,14.199486502731572,25.1148123739115,13.202603058414343,4.982845497496283,13.20144276597057,0.07545941769625664,20,0,,,,,,,,,,,,,,
trapezoid-ext,arrow,78,10,False,8,213,49,49,0,1.8026014786849665,14.123016789564323,25.267299837517573,13.101955606137924,5.066734430706206,13.10160231335781,0.07333971029146191,20,0,,,,,,,,,,,,,,
trapezoid-ext,cross,78,10,False,0,328,62,62,0,1.9028919114537648,14.845064913170464,24.51987602318318,13.904763327767537,4.802146075245421,13.904357431197539,0.07349610940614859,16,0,,,,,,,,,,,,,,
trapezoid-ext,central-trapezoid,78,10,False,2,222,60,60,0,1.6045855287519317,14.05884558848663,25.357351521576824,13.03243556602537,4.945764029349977,13.031151616015443,0.0790802440434728,16,0,,,,,,,,,,,,,,
trapezoid-ext,wave,78,10,False,6,110,60,60,0,2.647174886157749,14.344672950680993,25.320251884329696,13.45041631774767,5.0879794285209385,13.450010497227442,0.08129483495752154,12,0,,,,,,,,,,,,,,
trapezoid-ext,base-trapezoid,78,10,False,14,114,55,55,0,1.8451392229433958,15.270194518458453,22.567369951975234,14.400171722905224,4.7683564116954535,14.399463593609433,0.07198252100863733,9,0,,,,,,,,,,,,,,
trapezoid-ext,central-parallelepiped,78,10,False,12,325,46,46,0,1.7023799124233616,13.973338961298783,25.165314808387844,12.990352125044163,4.947453810254116,12.989107791691799,0.07746676933845542,20,0,,,,,,,,,,,,,,
trapezoid-ext,2X3,180,10,False,48,212,116,116,0,1.7951869614159877,13.910905844347997,25.021525542865025,12.821067218319783,4.977798076597812,12.81962972897061,0.06940953996465815,16,0,,,,,,,,,,,,,,
trapezoid-ext,two-triangles,180,10,False,6,656,121,121,0,1.7802732868979154,14.039479201243907,25.320408317938156,13.03961700569141,4.915209432182646,13.03876738895545,0.07298806343789543,20,0,,,,,,,,,,,,,,
trapezoid-ext,vertical-parallelepiped,180,10,False,24,692,109,109,0,1.7572370335950764,13.930206731726162,25.08985804730363,12.883531286319212,4.984409214470667,12.882590455058303,0.0773409752977372,20,0,,,,,,,,,,,,,,
trapezoid-ext,pyramid,180,10,False,13,486,129,129,0,1.8551849864269865,14.493540098476903,26.604061403461376,13.684112872506969,5.118201462601686,13.684112872506969,0.07509123156063602,20,0,,,,,,,,,,,,,,
trapezoid-ext,horizzontal-parallelepiped,180,10,False,16,441,125,125,0,1.9137984053952677,13.992471221101422,24.81233421735384,12.974228569208233,4.982524014102104,12.972967311601005,0.07640626548945839,20,0,,,,,,,,,,,,,,
trapezoid-ext,3X2,180,10,False,18,689,125,125,0,1.8971358840916284,14.066980998679258,25.594383542942357,13.073025711469468,4.946932267635942,13.07178358070811,0.07362326185044488,20,0,,,,,,,,,,,,,,
trapezoid-ext,hexagon,180,10,False,12,441,129,129,0,1.822510438582092,14.124115949307102,25.597057158577915,13.095503609569587,5.047676192088629,13.095079545224165,0.07249136796818512,20,0,,,,,,,,,,,,,,
trapezoid-int,line,15,10,False,15,0,0,0,0,,,,,,,,0,0,,,,,,,,,,,,,,
trapezoid-int,diagonal,15,10,False,15,0,0,0,0,,,,,,,,0,0,,,,,,,,,,,,,,
trapezoid-int,rectangle-same,34,10,False,10,83,20,20,0,2.446850321660433,15.404916352392355,21.971290582317547,13.676113937457496,6.292752138281985,13.675626910703231,0.0844786474004966,4,0,,,,,,,,,,,,,,
trapezoid-int,rectangle-opposite,34,10,False,8,103,21,21,0,1.8681761374076649,15.314362038901294,22.046976346621694,13.646876368188746,6.45526976799377,13.64625437702379,0.06554215000579156,5,0,,,,,,,,,,,,,,
trapezoid-int,parallelepiped-ext,34,10,False,6,68,22,22,0,2.5483463045483865,16.349124732940496,21.94891531258682,14.971657240759239,6.752803951665273,14.970622227529299,0.09034762161934573,6,0,,,,,,,,,,,,,,
trapezoid-int,parallelepiped-int,34,10,False,6,72,21,21,0,2.622794801704474,16.5000902700073,21.982230222429873,15.290364202716333,6.76504321766964,15.289584025784187,0.0878393319817885,7,0,,,,,,,,,,,,,,
trapezoid-int,trapezoid-ext,34,10,False,16,0,18,18,0,,,,,,,,0,0,,,,,,,,,,,,,,
trapezoid-int,horizzontal-parallelepiped,180,10,False,13,570,131,131,0,1.7225476535010618,16.098310590905527,22.87072615112322,14.034700417353934,6.90177326920156,14.033497760865004,0.0612553923287944,20,0,,,,,,,,,,,,,,
pentagon,line,36,10,False,36,0,0,0,0,,,,,,,,0,0,,,,,,,,,,,,,,
pentagon,diagonal,36,10,False,36,0,0,0,0,,,,,,,,0,0,,,,,,,,,,,,,,
arrow,line,36,10,False,36,0,0,0,0,,,,,,,,0,0,,,,,,,,,,,,,,
arrow,diagonal,36,10,False,36,0,0,0,0,,,,,,,,0,0,,,,,,,,,,,,,,
cross,line,36,10,False,36,0,0,0,0,,,,,,,,0,0,,,,,,,,,,,,,,
cross,diagonal,36,10,False,36,0,0,0,0,,,,,,,,0,0,,,,,,,,,,,,,,
cross,rhombus-int,78,10,False,26,133,38,38,0,1.8641811608656043,14.142532139276751,24.818519979522723,13.106214569572252,5.041721156264781,13.104965500246841,0.08235019065361193,14,0,,,,,,,,,,,,,,
central-trapezoid,line,36,10,False,36,0,0,0,0,,,,,,,,0,0,,,,,,,,,,,,,,
central-trapezoid,diagonal,36,10,False,36,0,0,0,0,,,,,,,,0,0,,,,,,,,,,,,,,
wave,line,36,10,False,36,0,0,0,0,,,,,,,,0,0,,,,,,,,,,,,,,
wave,diagonal,36,10,False,36,0,0,0,0,,,,,,,,0,0,,,,,,,,,,,,,,
base-trapezoid,line,36,10,False,36,0,0,0,0,,,,,,,,0,0,,,,,,,,,,,,,,
base-trapezoid,diagonal,36,10,False,36,0,0,0,0,,,,,,,,0,0,,,,,,,,,,,,,,
base-trapezoid,parallelepiped-int,78,10,False,8,151,61,61,0,1.8611477086431758,15.324070829028472,26.365096086175694,13.360965281179704,6.85934141942229,13.360965281179704,0.10393596328488108,9,0,,,,,,,,,,,,,,
base-trapezoid,trapezoid-int,78,10,False,14,92,58,58,0,3.4788089722000577,15.075554563250336,27.129216684708425,13.961526851311035,6.973220716362189,13.961526851311035,0.10443072362945038,6,0,,,,,,,,,,,,,,
base-trapezoid,base-trapezoid,168,10,False,64,170,91,91,0,2.067664345378556,16.437942281376184,23.676676655307226,13.879143133337234,7.249920409715674,13.877927487953713,0.12794222329955396,13,0,,,,,,,,,,,,,,
central-parallelepiped,line,36,10,False,36,0,0,0,0,,,,,,,,0,0,,,,,,,,,,,,,,
central-parallelepiped,diagonal,36,10,False,36,0,0,0,0,,,,,,,,0,0,,,,,,,,,,,,,,
central-parallelepiped,rectangle-opposite,78,10,False,22,155,40,40,0,1.612672969903653,13.759095135268094,23.184023791504174,13.199354518002252,3.125978495347309,13.199333955166804,0.027859119092140006,16,0,,,,,,,,,,,,,,
central-parallelepiped,rhombus-ext,78,10,False,22,76,48,48,0,1.5069322974751187,14.226863595296521,23.132767124481745,14.0781050546125,2.0033177163039495,14.078021734261846,0.026485148840036388,8,0,,,,,,,,,,,,,,
central-parallelepiped,rhombus-int,78,10,False,22,75,48,48,0,1.7157037111796658,14.217376139765177,23.364793618661636,14.107654709927369,1.989045635724781,14.107563329501692,0.027434719530054608,8,0,,,,,,,,,,,,,,
2X3,line,90,10,False,90,0,0,0,0,,,,,,,,0,0,,,,,,,,,,,,,,
2X3,diagonal,90,10,False,90,0,0,0,0,,,,,,,,0,0,,,,,,,,,,,,,,
two-triangles,line,90,10,False,90,0,0,0,0,,,,,,,,0,0,,,,,,,,,,,,,,
two-triangles,diagonal,90,10,False,90,0,0,0,0,,,,,,,,0,0,,,,,,,,,,,,,,
vertical-parallelepiped,line,90,10,False,90,0,0,0,0,,,,,,,,0,0,,,,,,,,,,,,,,
vertical-parallelepiped,diagonal,90,10,False,90,0,0,0,0,,,,,,,,0,0,,,,,,,,,,,,,,
pyramid,line,90,10,False,90,0,0,0,0,,,,,,,,0,0,,,,,,,,,,,,,,
pyramid,diagonal,90,10,False,90,0,0,0,0,,,,,,,,0,0,,,,,,,,,,,,,,
pyramid,triangle,90,10,False,8,290,55,55,0,1.7551874744855276,17.459892234867255,22.88673139834163,15.961188237444304,7.3902847992245935,15.960286222445717,0.07697568481897221,20,0,,,,,,,,,,,,,,
pyramid,rhombus-ext,180,10,False,16,610,108,108,0,1.8890294453428276,17.110344294758622,23.484074110114666,15.519800730294257,7.11837524202098,15.519705181335645,0.0756953503084219,20,0,,,,,,,,,,,,,,
pyramid,parallelepiped-int,180,10,False,4,659,124,124,0,1.9591061219837727,16.74319226313998,23.59310948121596,15.037463405466289,7.3416671347095,15.034413727459716,0.07047498753964554,20,0,,,,,,,,,,,,,,
pyramid,trapezoid-ext,180,10,False,13,503,125,125,0,2.2200220379303004,17.71996193493913,23.11165356249296,16.476810117389636,7.468712929858369,16.476607577224335,0.08143427665855718,20,0,,,,,,,,,,,,,,
pyramid,trapezoid-int,180,10,False,16,423,136,136,0,2.006250221062811,14.859189059617123,24.242351317407792,14.17160291908783,7.609686091919037,14.171339180283534,0.06589832359953895,20,0,,,,,,,,,,,,,,
pyramid,pentagon,360,10,False,1,1426,282,282,0,1.774532889929771,16.737987519971934,23.86996502651533,14.233507625774081,7.239927797086537,14.231136351076426,0.07018057192180649,20,0,,,,,,,,,,,,,,
pyramid,arrow,360,10,False,37,588,278,278,0,1.8263823559083499,17.09123605905547,23.50465344420188,15.177427089128118,7.180107985165163,15.1772047009711,0.07566794786514208,20,0,,,,,,,,,,,,,,
pyramid,cross,360,10,False,21,1068,267,267,0,1.753432165605998,17.481239987703205,23.821900200795156,16.195730337218556,7.181791642905971,16.194663495166715,0.07833841207992798,20,0,,,,,,,,,,,,,,
pyramid,wave,360,10,False,24,730,276,276,0,1.5642253514632662,17.26798649418669,23.402633640848258,15.68023233375699,7.1606614339957435,15.680048904750237,0.07750280446336788,20,0,,,,,,,,,,,,,,
pyramid,two-triangles,720,10,False,2,3063,490,490,0,1.6053639516979998,16.830918997129537,23.785293649533376,14.84624798853679,7.392448654180825,14.844089989030712,0.07071462314194399,20,0,,,,,,,,,,,,,,
pyramid,hexagon,720,10,False,0,2070,559,559,0,1.6404369526566394,16.984771444549384,23.795256663646214,15.250953479958687,7.316154382768094,15.25091241587418,0.07763494806917848,20,0,,,,,,,,,,,,,,
horizzontal-parallelepiped,line,90,10,False,90,0,0,0,0,,,,,,,,0,0,,,,,,,,,,,,,,
horizzontal-parallelepiped,diagonal,90,10,False,90,0,0,0,0,,,,,,,,0,0,,,,,,,,,,,,,,
3X2,line,90,10,False,90,0,0,0,0,,,,,,,,0,0,,,,,,,,,,,,,,
3X2,diagonal,90,10,False,90,0,0,0,0,,,,,,,,0,0,,,,,,,,,,,,,,
hexagon,line,90,10,False,90,0,0,0,0,,,,,,,,0,0,,,,,,,,,,,,,,
hexagon,diagonal,90,10,False,90,0,0,0,0,,,,,,,,0,0,,,,,,,,,,,,,,
