pay_layout,gnd_layout,n_routings_checked,n_poses_checked,feasible,n_wcc_fail,n_wfc_fail,n_ifc_fail,n_ifc_fail_cable_cable,n_ifc_fail_exit_angle,wfc_fail_residual_min,wfc_fail_residual_median,wfc_fail_residual_max,wfc_fail_residual_force_median,wfc_fail_residual_moment_median,wfc_fail_residual_force_lateral_median,wfc_fail_residual_force_vertical_median,n_wfc_verify_attempted,n_wfc_verify_rescued,conditioning_index,manipulability,sigma_min,sigma_max,rank_ok,wfc_ok,max_wfc_residual,max_wfc_residual_force,max_wfc_residual_moment,ifc_ok,min_cable_cable_dist,min_exit_angle_margin,wfc_rescued_by_reposition,best_routing
arrow,rectangle-same,78,10,True,12,379,46,46,0,1.7331865579589607,14.481597347089826,21.70853150212247,14.02573276272593,2.1623938637666886,14.025685559606595,0.01417459044739644,1,1,0.08186427914217029,0.05878952471283449,0.1974410158256297,2.411809129629568,True,True,8.71365951409179e-15,3.972054645195637e-15,7.755684626330685e-15,True,0.3225343898119573,0.36898991146262244,True,A-D|B-A|C-A|C-C|D-B|E-C
two-triangles,pentagon,360,10,True,0,1295,249,249,0,1.6753529630700879,14.056828240572445,24.042323971263784,13.815768028591005,1.8996618877151312,13.815733748481861,0.013457177515912022,1,1,0.08182541487084713,0.04291501755928883,0.19786888161803753,2.4181836649450896,True,True,4.189529226675416e-15,3.972054645195637e-15,1.3322676295501878e-15,True,0.08362358299111744,0.4331407140208836,True,A-E|B-A|C-C|D-D|E-B|F-E
two-triangles,rectangle-same,180,10,True,6,790,110,110,0,1.9959441980532602,14.495816167173247,21.832649856865785,14.22644833904143,2.2076177805964345,14.226409229553923,0.014912803109275785,2,1,0.07929366181677094,0.07403124162695397,0.18929262055138615,2.3872351990603864,True,True,9.26811891921378e-15,8.993235485276557e-15,2.240478477256787e-15,True,0.09819260648924258,0.32651322683833955,True,A-D|B-C|C-A|D-A|E-C|F-B
2X3,rectangle-same,180,10,True,60,146,106,106,0,2.2035538716744716,14.876312425828703,21.703280754211267,14.622400751670776,1.9784873166102703,14.622276686270286,0.017861464728706977,3,1,0.07897373159916832,0.089578567507194,0.18850936377499367,2.4023883618667004,True,True,1.2641072683983042e-14,9.21150645214099e-15,8.657070375358349e-15,True,0.2720719740097186,0.4179157688864527,True,A-D|B-A|C-C|D-A|E-B|F-C
rectangle-opposite,2X3,180,10,True,72,148,94,94,0,2.587185777851382,13.785007260228067,22.303847452878692,13.49009390139932,2.6029860465761807,13.490051147861145,0.017877713234057957,1,1,0.07857028811427824,0.09572875744328328,0.18747598130815898,2.3860925778391002,True,True,9.138805143198866e-15,4.232338505691246e-15,8.099695686789796e-15,True,0.20267351959983898,0.4182034220705242,True,A-D|A-F|B-B|C-A|D-C|D-E
two-triangles,vertical-parallelepiped,720,10,True,64,2555,507,507,0,1.6195085013683852,13.730600098252278,24.110243131196068,13.570876115525992,1.8744220065508177,13.570876016184187,0.012595604450050146,2,1,0.0781245754259218,0.04460593033582902,0.18711404230468417,2.3950727576383035,True,True,5.069478195820875e-15,3.2023728339893768e-15,3.9299386013053845e-15,True,0.07593647992733599,0.41302574003819187,True,A-E|B-C|C-F|D-D|E-A|F-B
rhombus-ext,2X3,180,10,True,52,296,97,97,0,2.125700319018709,13.87897061414397,23.174431942909173,13.688158205152893,1.5332576561030762,13.688155889367279,0.013376292241012777,2,1,0.07643206855689902,0.04050936415116719,0.18540820276268902,2.425790721922748,True,True,6.240531179751792e-15,5.177158916147226e-15,3.4844303641214547e-15,True,0.23992542840060163,0.4475031594694418,True,A-A|A-D|B-C|C-F|D-B|D-E
parallelepiped-ext,pyramid,180,10,True,8,597,135,135,0,1.729039143992851,12.860861052468401,25.30438142337293,12.652077548895898,2.0453561167652112,12.652077548895898,0.016175738289719632,2,1,0.07431273302044109,0.024146584311194926,0.1811344754622413,2.504126174409558,True,True,4.165926057296536e-15,3.972054645195637e-15,1.2560739669470201e-15,True,0.15075393119658123,0.4182034220705242,True,A-A|A-E|B-C|C-B|D-D|D-F
parallelepiped-int,rectangle-opposite,34,10,True,14,84,16,16,0,8.82397620779657,13.323340548767604,21.684789197465093,13.20987250488399,1.6117016983220647,13.209831345052525,0.017348969918558055,1,1,0.07415316916327826,0.032461400254312454,0.1774213760701493,2.3926337616061186,True,True,9.982133694292471e-15,2.3603665272841412e-15,9.699054745056637e-15,True,0.06381402746950593,0.4431883781158899,True,A-B|B-A|B-D|C-A|C-C|D-D
two-triangles,2X3,720,10,True,72,2314,485,485,0,1.59821693059193,13.605889539352773,24.18042233071413,13.44959693471149,1.9139177681602306,13.449591327367509,0.013057432730401608,3,1,0.07291774869632774,0.05959270951267064,0.17518345713646333,2.4024803325460575,True,True,1.0195623394181645e-14,5.872198855799213e-15,8.334747566299442e-15,True,0.05975177804465073,0.3914966099903299,True,A-E|B-A|C-B|D-F|E-D|F-C
rectangle-opposite,pyramid,180,10,True,10,541,122,122,0,1.9292939678178174,12.855645669684032,25.44124114681667,12.539636361629597,2.0868549145668887,12.539636361629597,0.014574259795196554,2,1,0.07232202358695859,0.05985498519177075,0.1729882237959339,2.3919162547759223,True,True,1.1029002427274638e-14,5.018331649642332e-15,9.821162965506066e-15,True,0.07227321763638558,0.4182034220705242,True,A-A|A-E|B-C|C-B|D-D|D-F
vertical-parallelepiped,rectangle-opposite,180,10,True,28,564,107,107,0,1.792881213135989,13.6543441788718,23.654089589254696,13.248975946069105,2.841560385837284,13.248967344339992,0.012002925328019387,2,1,0.07081517882699628,0.0673873834827506,0.16893695605254863,2.385603748389409,True,True,1.2860419492855609e-14,1.2736634154583958e-14,1.7800393098203986e-15,True,0.12466421747600853,0.3926817942954417,True,A-C|B-D|C-D|D-A|E-A|F-B
vertical-parallelepiped,central-parallelepiped,360,10,True,76,967,223,223,0,1.601956554498902,13.82847104992077,23.823143159430927,13.505522768890506,2.324212454243763,13.505446112923657,0.011160249164749558,1,1,0.07037160584580698,0.04888918261954693,0.16951181889431358,2.4088098723473106,True,True,1.2499319094760646e-14,9.86229460092324e-15,7.679070453983893e-15,True,0.12466421747600853,0.42339245367800304,True,A-D|B-C|C-E|D-C|E-A|F-B
central-trapezoid,horizzontal-parallelepiped,360,10,True,16,1195,255,255,0,1.5554971244002231,13.784248743204216,23.57748783711582,13.583339884798907,2.024177747317716,13.583310277736093,0.012892109381164474,3,1,0.06957561488128962,0.02901465494065595,0.16756920454728577,2.4084473393902948,True,True,1.7077981091866764e-14,1.147994228985866e-14,1.2643906168414625e-14,True,0.1451829690197578,0.4652866157331114,True,A-B|B-D|C-E|D-A|D-C|E-F
rectangle-same,rectangle-opposite,34,10,True,14,37,16,16,0,6.9945864867966305,15.408063589450354,25.955401897242957,13.194375656092435,6.828923264569139,13.194168498200519,0.08653141644132667,1,1,0.06951061711259288,0.09809974775030891,0.17976957937172086,2.58621757134642,True,True,1.5538760142168678e-14,1.1850298185319396e-14,1.0051044705644574e-14,True,0.2761535478900629,0.3926817942954417,True,A-A|A-B|B-D|C-C|C-D|D-A
central-parallelepiped,rectangle-same,78,10,True,26,165,35,35,0,1.7269379649206205,14.63216376008581,20.618312639090504,14.093590362696144,3.0394006695664983,14.093544391146937,0.015513778225074049,1,1,0.06909441773567303,0.052825214477683506,0.1669633731731511,2.4164524232896016,True,True,8.399811229939352e-15,7.341126757918118e-15,4.082240392577815e-15,True,0.08546886265131835,0.41981971932396717,True,A-A|B-A|C-B|C-D|D-C|E-C
parallelepiped-ext,pentagon,78,10,True,0,376,43,43,0,2.2064747554496758,13.961428879081295,23.365432623894076,13.75535503734367,2.1566371676797202,13.755325053039561,0.020124010494507516,2,1,0.06867432165452644,0.029279093044599868,0.16964045945533548,2.502047123468315,True,True,1.552447527282849e-14,1.0986160316453369e-14,1.0968756264857396e-14,True,0.1137863087014152,0.36546912557127215,True,A-B|A-E|B-D|C-C|D-A|D-E
central-parallelepiped,vertical-parallelepiped,360,10,True,76,1180,172,172,0,1.5500885545525718,13.867787356392185,23.895530645365387,13.545926954335062,2.227795139408593,13.545903468558457,0.012006228365401661,1,1,0.0680338901899311,0.04888918261954705,0.16388626197572168,2.4088915321202164,True,True,1.1239054784478743e-14,7.872412899894526e-15,8.021313332746002e-15,True,0.05194102651214602,0.41981971932396717,True,A-B|B-D|C-A|C-C|D-E|E-F
hexagon,pyramid,720,10,True,0,1990,566,566,0,1.7778194848694842,12.928322825828424,25.885731856640888,12.707890866757001,1.7286406809938684,12.707888737352217,0.012064055335824442,1,1,0.06674076892725107,0.02783715713700321,0.16044046048658983,2.403934852196167,True,True,4.549290404270235e-15,4.284080064381688e-15,1.5305885091534674e-15,True,0.06047493661516633,0.36945378526400835,True,A-E|B-F|C-C|D-D|E-A|F-B
vertical-parallelepiped,rectangle-same,180,10,True,32,472,108,108,0,2.2725170150156395,14.501434835524348,21.290551419072237,14.173064411737238,2.715584970012366,14.173018378373955,0.013987835599502674,1,1,0.06651583850020336,0.06371917643815025,0.15864188454706507,2.4004431888250335,True,True,2.9360309163567414e-14,1.330045330038837e-14,2.617490584862625e-14,True,0.13651573070173903,0.4182034220705242,True,A-D|B-C|C-A|D-C|E-A|F-B
hexagon,rectangle-opposite,180,10,True,24,630,114,114,0,1.7703008896874264,13.600494156208393,23.301489236262487,13.345883855648992,2.0287402690634435,13.345874277230653,0.012544629071555846,1,1,0.06637197002330822,0.05432310776832789,0.15926117761616587,2.399524642107764,True,True,7.024299568728933e-15,6.114295653343033e-15,3.457769959779852e-15,True,0.051927234131438064,0.4472121987926965,True,A-A|B-D|C-B|D-A|E-C|F-D
rectangle-same,2X3,180,10,True,60,142,106,106,0,2.333040912286516,15.321396045691356,26.48820741329272,13.442503653001424,6.420606432710353,13.441267287234385,0.09982492723317016,1,1,0.06636384200970773,0.09762930858610257,0.1706864994166224,2.5879781185564807,True,True,9.118033989808779e-15,6.5002586283855235e-15,6.39415214109015e-15,True,0.18766536013371668,0.32651322683833955,True,A-A|A-E|B-C|C-B|C-F|D-D
parallelepiped-int,pentagon,78,10,True,0,345,45,45,0,1.887708379737452,14.055722590584764,23.461406312127284,13.790008777310117,2.1486114950556354,13.790007913100135,0.01917605104710951,2,1,0.06608864179607814,0.022289216650803648,0.1581353903172613,2.3927771250799927,True,True,8.992121150493565e-15,5.617333549722722e-15,7.021666937153402e-15,True,0.059968622859296404,0.42433497590705954,True,A-B|B-C|B-E|C-A|C-D|D-E
vertical-parallelepiped,pentagon,360,10,True,0,1714,242,242,0,1.5626277691319888,13.922131928155117,23.668889937032475,13.691576182027845,1.9736925903619942,13.691541555088111,0.012870362696292048,2,1,0.06604102471359283,0.044341467650602956,0.15889087537549745,2.4059420044521795,True,True,1.482220503515087e-14,8.89287949701369e-15,1.1858096658218189e-14,True,0.08372800182256722,0.3581303928054846,True,A-D|B-E|C-E|D-B|E-A|F-C
vertical-parallelepiped,horizzontal-parallelepiped,720,10,True,172,2008,416,416,0,1.6797424479107501,13.77068683029211,23.897690778878953,13.456646560400102,2.1656286803173606,13.456552978297644,0.011294543336267004,2,1,0.06599808596282812,0.04950044546399482,0.15888743275256167,2.407455162291393,True,True,3.3144769091200493e-15,2.782732212136107e-15,1.8005995158918828e-15,True,0.11544057568647487,0.42339245367800304,True,A-C|B-E|C-D|D-F|E-A|F-B
horizzontal-parallelepiped,rectangle-opposite,180,10,True,28,576,107,107,0,1.5826001143993598,13.599680483087095,23.16042514917926,13.217187162816128,2.7240995792718232,13.217178502033235,0.012485970112789069,2,1,0.06596376331523085,0.05684037225192467,0.15843630358793362,2.4018687780257544,True,True,7.224611588786443e-15,4.669540497562317e-15,5.512749237037073e-15,True,0.052395158975629325,0.4182034220705242,True,A-D|B-B|C-A|D-C|E-A|F-D
rectangle-same,pyramid,180,10,True,24,425,118,118,0,2.216094256597284,14.801493017736053,27.25007279658326,13.56630550686572,5.869994581862723,13.566181305635261,0.08146614440945221,1,1,0.06571177367493274,0.07094398788852405,0.17025640365308084,2.59095736017287,True,True,1.2419681945120474e-14,5.7892169498323935e-15,1.0987878172137003e-14,True,0.07967377036950707,0.32651322683833955,True,A-C|A-F|B-D|C-B|C-E|D-A
pentagon,2X3,360,10,True,0,1539,229,229,0,1.898935403829124,13.61138249480097,24.51578374911941,13.152496977022786,2.7258247993058533,13.151693240023612,0.024389152646342893,1,1,0.06542919606853378,0.06371250219510456,0.15727186627468143,2.4036955323422755,True,True,1.3287228128402681e-14,7.387989940971075e-15,1.1043913978672852e-14,True,0.09433330160393776,0.3503071239504709,True,A-E|B-B|C-D|D-C|E-A|E-F
hexagon,2X3,720,10,True,104,1648,487,487,0,1.5652060182220906,13.675080431514147,23.9331345426218,13.404908873942201,2.121757320318717,13.404817164620852,0.012107161208633421,1,1,0.06536255322539547,0.048028188123330796,0.15764790999017772,2.411899508370588,True,True,8.513318722283364e-15,7.377764055609925e-15,4.247963418737342e-15,True,0.10298084941165159,0.36945378526400835,True,A-F|B-A|C-E|D-B|E-D|F-C
rhombus-ext,pentagon,78,10,True,0,277,58,58,0,1.8929790399644897,14.058260394318378,23.611540822587497,13.869773913719794,1.602961123747553,13.869757174396723,0.010995356844848203,1,1,0.0649071822151371,0.03414112964798133,0.1567946364092901,2.4156746766419293,True,True,4.636427468134552e-15,1.9860273225978185e-15,4.189529226675416e-15,True,0.1658594657538295,0.44672992321618066,True,A-B|A-D|B-E|C-A|D-C|D-E
central-parallelepiped,horizzontal-parallelepiped,360,10,True,76,914,214,214,0,1.6573798358375431,13.857573586856182,23.756080815296304,13.546153414125964,2.3988730288445987,13.546093215003818,0.011344949286501205,1,1,0.06476597839471598,0.048127612044988326,0.15583899733278242,2.4061861056590903,True,True,7.337557957613285e-15,4.070144838902081e-15,6.105217258353122e-15,True,0.07227372566323872,0.41981971932396717,True,A-E|B-A|C-B|C-D|D-F|E-C
central-trapezoid,rectangle-opposite,78,10,True,12,327,45,45,0,1.5756288248073085,13.630054224449907,23.357233606940977,13.334244986601052,2.266537495275857,13.334231111440713,0.011715019576453045,1,1,0.06424747168762591,0.0411069064204188,0.15421497910648999,2.4003275935322423,True,True,4.494625342079252e-15,1.3262548089295896e-15,4.294497077359836e-15,True,0.10193973891104174,0.4652866157331114,True,A-B|B-D|C-A|D-A|D-C|E-D
horizzontal-parallelepiped,vertical-parallelepiped,720,10,True,172,1819,441,441,0,1.6328538727280748,13.680323313196336,23.993566939367604,13.414947768670224,2.16382516893803,13.414896796466017,0.010787257691145413,1,1,0.06399645951482462,0.049521212065440426,0.15309799273315214,2.4076011988869257,True,True,4.665085433445971e-15,2.955806200079789e-15,3.609187139636799e-15,True,0.05194102651214602,0.47538038908183505,True,A-B|B-D|C-E|D-F|E-C|F-A
pentagon,rectangle-opposite,78,10,True,0,422,43,43,0,2.422552821277256,13.578637779218138,23.776550679197353,13.03234800437437,2.7370865840977903,13.032172815560301,0.023326974242553256,1,1,0.06392720836103234,0.07062468574056147,0.15276159524177546,2.3896178037221043,True,True,9.633004276676976e-15,8.84720673550713e-15,3.81073541113447e-15,True,0.10588941308070975,0.3886873512957292,True,A-A|B-D|C-A|D-C|E-B|E-D
vertical-parallelepiped,2X3,720,10,True,112,2189,437,437,0,1.508094012690824,13.661254551179308,24.182863091992157,13.338708419695243,2.4027449146279856,13.338667874589335,0.012483644446550812,1,1,0.06389868031151848,0.05797058629143092,0.153061754744697,2.3953820955063736,True,True,6.4146011626479484e-15,4.578912943764841e-15,4.492289430709826e-15,True,0.1129376939867447,0.42339245367800304,True,A-E|B-B|C-A|D-C|E-F|F-D
horizzontal-parallelepiped,2X3,720,10,True,168,1544,442,442,0,1.6265051087778528,13.649536288754836,23.86513084546397,13.294277468028538,2.654629688912013,13.294234331326217,0.011917164169653383,3,1,0.06288067453515402,0.05621968673510148,0.15056182986869826,2.394405450986778,True,True,7.630814917856508e-15,5.591009188094788e-15,5.193260302470992e-15,True,0.17475931072517487,0.45336865794965664,True,A-D|B-C|C-F|D-E|E-A|F-B
rhombus-ext,rectangle-same,34,10,True,14,56,14,14,0,1.9943653729130972,14.985177611880676,20.799825124697506,14.728988970431732,1.1214863926381236,14.728888051271523,0.011525761455653871,2,1,0.06264194904870678,0.0521713216061931,0.15097490888507675,2.4101247036181355,True,True,9.739636741317752e-15,7.32410687763558e-15,6.420123230733026e-15,True,0.21208042512686553,0.4305510598091942,True,A-A|A-B|B-C|C-C|D-A|D-D
vertical-parallelepiped,base-trapezoid,360,10,True,52,1484,193,193,0,1.6520187896786949,14.72775195259017,21.593921633950963,14.608205776198137,1.997850956592444,14.608163541672127,0.015187720701946184,3,1,0.06262852420773346,0.03280896074166581,0.15183170874192817,2.4243219948519843,True,True,6.9581849686494824e-15,3.800791407964896e-15,5.828406534472336e-15,True,0.12089088836180438,0.503420624847555,True,A-A|B-B|C-E|D-B|E-C|F-D
arrow,2X3,360,10,True,68,913,236,236,0,1.6165620167856012,13.731098775522637,23.84828430570771,13.478605315480074,2.11955609321892,13.478494806813154,0.014485042075801147,1,1,0.06248668632691786,0.04800938737839526,0.15032688546034728,2.4057426357011003,True,True,7.53971411808758e-15,6.5002586283855235e-15,3.820199830714189e-15,True,0.21693442413639383,0.36898991146262244,True,A-E|B-B|C-A|C-F|D-D|E-C
hexagon,rectangle-same,180,10,True,20,617,112,112,0,1.6482553251442018,14.388857064875474,22.087998950276514,13.698850990689019,2.195003869971518,13.698781692433672,0.014147617980908578,1,1,0.061604159193822124,0.0417988690366025,0.14687758731781395,2.39907368920932,True,True,1.135713165799232e-14,1.10071615163823e-14,2.7976480924597894e-15,True,0.14865685688088548,0.36945378526400835,True,A-C|B-A|C-D|D-C|E-B|F-A
horizzontal-parallelepiped,base-trapezoid,360,10,True,40,1135,233,233,0,1.6481276291949056,14.647852443105746,22.084605495773392,14.483208531425895,2.009945600132381,14.483169944891111,0.013994354630201045,3,1,0.06137914328933492,0.04023180874080313,0.14813340840042175,2.413416031275253,True,True,7.666168367507028e-15,6.646518689688359e-15,3.820199830714189e-15,True,0.1495709662609017,0.4341882410243255,True,A-A|B-E|C-B|D-B|E-C|F-D
horizzontal-parallelepiped,pentagon,360,10,True,0,1305,260,260,0,1.6809258140240761,13.947584356656247,23.73852763842557,13.752285549446311,2.0070731128693464,13.752150278359755,0.012391242674526737,2,1,0.06134500519391002,0.045546529697013255,0.14800053842259983,2.412593135411332,True,True,7.33099071921692e-15,4.632267879723144e-15,5.682034777764904e-15,True,0.157459819232402,0.3581303928054846,True,A-A|B-E|C-D|D-B|E-C|F-E
arrow,rectangle-opposite,78,10,True,8,438,56,56,0,1.5938793262585937,13.476149274912814,23.39480474547693,13.2337078985136,1.8421428795407668,13.233680193968741,0.01463007222143542,2,1,0.06122393561010262,0.05658223310342105,0.146827488230366,2.398204015589907,True,True,1.0458071066206132e-14,6.2333362712151064e-15,8.397426353102003e-15,True,0.17415604928405728,0.32651322683833955,True,A-A|B-D|C-A|C-D|D-C|E-B
rectangle-opposite,pentagon,78,10,True,0,377,50,50,0,1.7591353892471875,13.800760515400519,23.342587513130614,13.514783194886059,2.229966540212964,13.514732261088161,0.015534391673671877,1,1,0.06120852105848309,0.07120969408164526,0.1462018944956473,2.388587274571711,True,True,8.937122951690183e-15,6.936895214610187e-15,5.634860374059478e-15,True,0.06283121806132218,0.3581303928054846,True,A-A|A-C|B-E|C-D|D-B|D-E
horizzontal-parallelepiped,hexagon,720,10,True,96,1788,495,495,0,1.5036687294229472,13.920659013582378,23.858864070619557,13.78290719196896,1.5870372556902843,13.782887255932646,0.014128958263636804,3,1,0.06102639797517821,0.0312895861059704,0.1476491758230067,2.419431274365256,True,True,9.926772409345651e-15,7.860379504380974e-15,6.0626103712883945e-15,True,0.13717021668898333,0.39300248433366436,True,A-C|B-B|C-F|D-D|E-E|F-A
two-triangles,horizzontal-parallelepiped,720,10,True,72,2646,480,480,0,1.569771904198525,13.7775480776576,23.8646477273259,13.607731632238583,1.855057706149232,13.60770350044098,0.013069127359567112,1,1,0.060506335387291874,0.039124640315953044,0.14592718046380518,2.4117669584473664,True,True,9.762389979508782e-15,9.729507111180988e-15,8.005932084973442e-16,True,0.07593647992733599,0.49625046035832693,True,A-B|B-A|C-F|D-D|E-E|F-C
central-trapezoid,vertical-parallelepiped,360,10,True,36,1428,227,227,0,1.5515890316756034,13.822622133668409,23.98277887535783,13.571218323395161,1.9615860987696123,13.571150400165703,0.011573129000050031,1,1,0.060298333662934495,0.029969355214346335,0.14563353224694459,2.4152165308751443,True,True,1.1559155946425613e-14,1.117305858980544e-14,2.962574546329849e-15,True,0.05194102651214602,0.41981971932396717,True,A-B|B-E|C-D|D-A|D-C|E-F
arrow,pentagon,168,10,True,0,696,119,119,0,1.6839380770697685,13.967405047469764,23.45958617243237,13.830038348477203,1.8692856062759562,13.829993540566544,0.01130691632762737,1,1,0.05938039538133976,0.038370800465728584,0.1428241433396467,2.405240693034002,True,True,9.812646081847979e-15,8.623367455276648e-15,4.68247336979956e-15,True,0.1187653942992405,0.3581303928054846,True,A-E|B-C|C-A|C-D|D-E|E-B
2X3,hexagon,720,10,True,104,1509,491,491,0,1.5893296382775688,13.891872879833253,23.83443869299399,13.62459686538513,2.127409073409915,13.624427309679318,0.017309456922713906,1,1,0.05922673569679976,0.04802818812333079,0.14283736479945877,2.411704158923903,True,True,5.078284388188873e-15,4.620782372656675e-15,2.1065000811460206e-15,True,0.0781355750194554,0.5113369478280886,True,A-D|B-F|C-B|D-C|E-A|F-E
cross,vertical-parallelepiped,360,10,True,20,1123,234,234,0,1.641853012100523,14.008960671120244,24.900794111357108,12.965872856991972,4.731811674684944,12.96484710662666,0.0751073713554895,2,1,0.05900784185011659,0.018292208088860028,0.14447812082935016,2.4484562780034076,True,True,6.661338147750939e-15,5.617333549722722e-15,3.580361673049448e-15,True,0.18030888875013476,0.32747907437451723,True,A-E|B-C|C-B|D-A|D-F|E-D
horizzontal-parallelepiped,horizzontal-parallelepiped,720,10,True,212,1983,356,356,0,1.5434492956004977,13.877001523601482,23.496730748278917,13.523074046004952,2.446495343334099,13.523047998357915,0.011700272394506328,1,1,0.05888264705170061,0.04793350141189131,0.14134713587079578,2.400488818831277,True,True,1.2767426428814615e-14,5.622973091470442e-15,1.1462519410138125e-14,True,0.23457637813391888,0.42827695480702754,True,A-C|B-D|C-F|D-E|E-B|F-A
two-triangles,pyramid,720,10,True,2,2866,527,527,0,1.644313062659246,12.877545896597502,25.75696201126461,12.737482619728894,1.667218749787013,12.737482619728894,0.012877996736683883,1,1,0.05884137279722401,0.02913444863284546,0.14229843133066544,2.4183397593568503,True,True,5.611021474463186e-15,2.2650998591337196e-15,5.133506074316015e-15,True,0.05293041758341068,0.41302574003819187,True,A-C|B-A|C-F|D-E|E-B|F-D
pentagon,two-triangles,360,10,True,0,1314,252,252,0,1.6433654819489074,13.779423348628274,24.69749676791622,13.388309108474845,2.4465688422635994,13.388201387507312,0.02341235251201379,1,1,0.05829835838583659,0.04881569641747407,0.14106549039817384,2.419716340287984,True,True,8.191610388096e-15,7.007609531788139e-15,4.242156220644677e-15,True,0.08417006367026594,0.42159434034221743,True,A-B|B-F|C-C|D-D|E-A|E-E
2X3,vertical-parallelepiped,720,10,True,112,2017,474,474,0,1.5095572489584486,13.671967621564558,24.057264835443714,13.336530124051489,2.4762054980879604,13.336511052145822,0.015469530986496949,1,1,0.05820881828779371,0.05797058629143102,0.13944826864223867,2.3956553791005364,True,True,5.140704263513307e-15,4.070144838902081e-15,3.1401849173675502e-15,True,0.20327483498624505,0.4179157688864527,True,A-F|B-D|C-E|D-A|E-C|F-B
rectangle-opposite,arrow,78,10,True,8,455,35,35,0,1.7394421008844503,13.65420108052483,23.540245609666325,13.40759070266233,1.9069917292278373,13.407126710097327,0.015733299199530038,1,1,0.05806401812438698,0.05629342952489786,0.1393132051717743,2.399303556177118,True,True,1.2069431553210303e-14,9.565974336450906e-15,7.359572882443051e-15,True,0.05199775411844587,0.32651322683833955,True,A-B|A-C|B-D|C-E|D-A|D-C
2X3,2X3,720,10,True,268,510,411,411,0,1.5509757476453085,13.741561047849117,22.387454690628232,13.3192742897306,2.2394669695476326,13.319153775750484,0.015420126824736258,5,1,0.05788387780505188,0.07323215589791476,0.13837410877201484,2.390546625746938,True,True,1.3955287025942436e-14,1.0031404150080652e-14,9.701596093127253e-15,True,0.07611609640718162,0.32651322683833955,True,A-E|B-B|C-F|D-A|E-C|F-D
rhombus-int,two-triangles,180,10,True,24,853,102,102,0,1.594142582744171,13.882207415598486,23.753621991631505,13.718641064611202,1.6403188893484668,13.718620597226652,0.013919141933378398,1,1,0.057562169172420685,0.0237412086819477,0.1395667484250099,2.4246262854854232,True,True,7.872412899894526e-15,6.936895214610187e-15,3.722145839155691e-15,True,0.22887403963028954,0.48728827906722066,True,A-B|B-A|B-E|C-C|C-F|D-D
rhombus-ext,rectangle-opposite,34,10,True,10,38,20,20,0,1.9349410288608844,13.753935396721165,22.562978893776684,13.369692226195031,1.9424743731637948,13.369669202167799,0.01514269839400395,1,1,0.05753656199876006,0.04022540523834262,0.13875542231698165,2.4218180645655027,True,True,1.6423891355793873e-14,1.03578512786223e-14,1.2745945400670095e-14,True,0.29146942113982505,0.4179157688864527,True,A-A|A-D|B-A|C-B|D-C|D-D
vertical-parallelepiped,vertical-parallelepiped,720,10,True,212,1992,348,348,0,1.5557498497788145,13.862428331613927,23.58398895657717,13.520305239585982,2.4640822643569975,13.520262781341469,0.013017933462582398,2,1,0.057250173483949264,0.047432425284607664,0.13735168842274484,2.399148859544556,True,True,5.443490401604861e-15,1.9860273225978185e-15,5.068262347813025e-15,True,0.15992269866798556,0.4652866157331114,True,A-C|B-D|C-E|D-F|E-A|F-B
3X2,hexagon,720,10,True,96,2123,466,466,0,1.5493262947229465,14.010410242921672,23.935160613624095,13.89746577503048,1.5865596747630686,13.897434411661836,0.013147053500494721,1,1,0.05691420670574089,0.018593766836887297,0.13783241377370856,2.4217576199617925,True,True,8.862104496189145e-15,7.937224183874886e-15,3.941746866084566e-15,True,0.07794866200597654,0.4447467282831025,True,A-C|B-E|C-B|D-F|E-A|F-D
2X3,two-triangles,720,10,True,72,2861,426,426,0,1.6904796815809797,13.718440840576822,24.0306562125966,13.527983277425859,1.9455175745446864,13.527975706239905,0.015257911195543983,1,1,0.056598901449469406,0.04684333168576995,0.13535303036537144,2.391442711767338,True,True,6.575670183899639e-15,2.8435583831733384e-15,5.929048329109094e-15,True,0.05943624352311705,0.3918321979520063,True,A-B|B-F|C-C|D-E|E-A|F-D
3X2,2X3,720,10,True,228,648,434,434,0,1.7502800520007864,13.766983709984085,23.87860335185378,13.572720221684612,1.5997728682828627,13.572713392122495,0.014422695012619613,2,1,0.0565768505531106,0.02847986336075238,0.13580297745927647,2.4003276274948115,True,True,5.122526515168422e-15,2.872802638137222e-15,4.241141697811493e-15,True,0.124718162624229,0.3676539667191418,True,A-B|B-E|C-C|D-F|E-A|F-D
arrow,two-triangles,360,10,True,16,1453,239,239,0,1.6147701660020126,13.760277740314564,24.29708027762071,13.607299965715413,1.6698637561312657,13.607273982211476,0.012326392574101064,2,1,0.05605180538946997,0.028737723875818202,0.13467754473207516,2.40273339629799,True,True,3.531835650735641e-15,1.9860273225978185e-15,2.9205407954182373e-15,True,0.0643693165910503,0.4499078879065762,True,A-B|B-E|C-A|C-F|D-C|E-D
rhombus-int,rectangle-opposite,34,10,True,10,37,21,21,0,2.5589009538426732,13.69719158076226,22.387032168075642,13.486482790404542,2.0471769173030214,13.486482776394062,0.008915550646809933,2,1,0.05585142893040464,0.03987956297510909,0.13515916427431762,2.419976836093787,True,True,7.746143079195815e-15,7.53644380168212e-15,1.790180836524724e-15,True,0.35371915254215736,0.4633533918727237,True,A-B|B-A|B-C|C-A|C-D|D-D
two-triangles,hexagon,720,10,True,76,2349,500,500,0,1.519052298222451,13.921536259336758,23.937941699176797,13.761395057936525,1.65204215597571,13.761386295974475,0.01379910580502397,1,1,0.05539544355048448,0.027322533683979622,0.13384832158036924,2.416233412020376,True,True,5.1598503419391096e-15,2.3914935841127266e-15,4.572178254219406e-15,True,0.050933605817140015,0.39300248433366436,True,A-E|B-A|C-C|D-B|E-F|F-D
rectangle-opposite,hexagon,180,10,True,24,612,99,99,0,2.030583987339645,13.861587988743452,23.380077947420595,13.599881368190129,2.153104940876216,13.599845313290878,0.017686241838902106,1,1,0.05518838587162415,0.05432310776832799,0.1323888574904122,2.39885358847724,True,True,9.328516420481494e-15,8.981148454337477e-15,2.5219419200973697e-15,True,0.08188232597417444,0.39300248433366436,True,A-C|A-E|B-B|C-F|D-A|D-D
2X3,pentagon,360,10,True,0,1572,257,257,0,1.6529210774552854,13.862765239208912,23.862102871842975,13.551899408850879,2.2530853974539755,13.551839085522118,0.015762232200477122,2,1,0.0551676217431297,0.0634454052447785,0.1323075192220166,2.398282090862355,True,True,1.608919281077051e-14,2.4828832350694833e-15,1.5896459232897132e-14,True,0.06106205589928171,0.41673938331060273,True,A-E|B-B|C-D|D-C|E-A|F-E
rhombus-int,hexagon,180,10,True,28,690,105,105,0,1.6469758522465623,13.975685117472914,23.711458488047192,13.846915343689087,1.4960190412434264,13.846864523949774,0.012912041634636218,1,1,0.05508685135607782,0.021232283923666925,0.1333544022715413,2.420802768514525,True,True,7.526675503046591e-15,2.094764613337708e-15,7.229301857224512e-15,True,0.06708926685656628,0.45673777918439046,True,A-D|B-B|B-F|C-A|C-C|D-E
2X3,horizzontal-parallelepiped,720,10,True,168,1535,436,436,0,1.8685240999493393,13.701865816341588,23.78053116736972,13.357806174652579,2.6657382336969064,13.357727247035436,0.0183557384628088,4,1,0.055066059077846716,0.05630512599196856,0.13186284205077975,2.394630090821747,True,True,7.809258268302803e-15,5.7789114743755255e-15,5.252494347677738e-15,True,0.20128288065876768,0.4179157688864527,True,A-D|B-E|C-F|D-A|E-B|F-C
rectangle-opposite,rectangle-same,34,10,True,14,38,16,16,0,4.264949993883552,14.765906391275095,21.438268878152368,14.374269027198178,3.7423738200742447,14.373871583072338,0.01685584850940014,1,1,0.054989566747492676,0.10077694657600722,0.13178864040513724,2.396611724734971,True,True,7.021666937153402e-15,1.7763568394002505e-15,6.793258640404412e-15,True,0.35251747362679714,0.32651322683833955,True,A-A|A-D|B-A|C-C|D-B|D-C
central-trapezoid,rectangle-same,78,10,True,4,339,48,48,0,1.6491115753257712,14.564299065586571,21.737694308943116,14.413794029007951,2.115071741956813,14.41378855990507,0.014238668837078805,4,1,0.05498722111309214,0.030979953581731296,0.13146610616625132,2.3908483372139346,True,True,4.996736918121962e-15,2.5971047185009847e-15,4.268773466707139e-15,True,0.06417136132970501,0.4652866157331114,True,A-B|B-D|C-A|D-A|D-C|E-C
central-parallelepiped,2X3,360,10,True,68,1006,192,192,0,1.7739408616576535,13.67548048128321,23.744113114809263,13.34144905674711,2.563988367738657,13.34140865562889,0.01237874601373079,1,1,0.054608735881311335,0.043968347234835295,0.13090868951009815,2.397211497343941,True,True,9.41286470239246e-15,7.32410687763558e-15,5.9126542559595944e-15,True,0.08546886265131835,0.41981971932396717,True,A-E|B-A|C-D|C-F|D-B|E-C
3X2,two-triangles,720,10,True,56,3240,459,459,0,1.548583717635823,13.86858455168311,24.057810727101163,13.733550263883323,1.504684218272165,13.73353954083409,0.013375745946650142,1,1,0.05440435296078675,0.022890440634359195,0.13107532824044624,2.409280160632035,True,True,8.840132111071488e-15,7.600742131969667e-15,4.514050817669032e-15,True,0.05200672756952292,0.46011384452647847,True,A-C|B-D|C-A|D-F|E-B|F-E
3X2,pentagon,360,10,True,0,1724,276,276,0,1.5490492118476828,13.990102155038073,24.069827652128424,13.864654871202498,1.6501862094477477,13.86460995024777,0.01256675050217737,2,1,0.05438267660952524,0.023328933851581326,0.13129556578663917,2.414290247781634,True,True,5.434708973544274e-15,3.7026395606548175e-15,3.978256139440565e-15,True,0.12202216746304069,0.40241141832069854,True,A-D|B-A|C-C|D-E|E-B|F-E
vertical-parallelepiped,pyramid,720,10,True,22,2469,524,524,0,1.6755159694837405,12.862800556352722,25.557529384089975,12.663671690741815,1.926292680171822,12.663635355071904,0.012350927733200123,1,1,0.05421632439059698,0.03392920593688698,0.13105304286919717,2.4172247813229917,True,True,9.982751075849439e-15,5.617333549722722e-15,8.252325904466731e-15,True,0.1158252361786886,0.45336865794965664,True,A-A|B-E|C-B|D-F|E-C|F-D
rectangle-same,two-triangles,180,10,True,6,946,104,104,0,1.637317206726092,15.20308665394514,26.445930295938933,13.345814400061396,6.048409743146497,13.344530627095406,0.0923211272585025,1,1,0.05419175924747699,0.07604451096055727,0.14008620057952145,2.585009280466263,True,True,9.583514344327895e-15,8.862333997095065e-15,3.647298083769891e-15,True,0.06389320095320437,0.43871064769360363,True,A-C|A-D|B-A|C-B|C-E|D-F
rectangle-same,pentagon,78,10,True,0,374,50,50,0,1.565910899681876,15.293743396539956,26.303156039946185,13.376498057150538,5.85766717608074,13.375059459024772,0.07319944753529484,1,1,0.054065785500987736,0.07063594116728851,0.14076256802434794,2.6035424570272143,True,True,9.442660628469497e-15,7.780874309797311e-15,5.349937823898908e-15,True,0.07811659305068569,0.3581303928054846,True,A-A|A-E|B-D|C-C|C-E|D-B
pentagon,central-parallelepiped,168,10,True,0,736,117,117,0,1.690192655595732,13.759947829077293,24.05601735861247,13.392545900070802,2.507737800692113,13.392399619748089,0.020586389015595508,1,1,0.05334634776198909,0.029300690092570712,0.128887937360658,2.416059257434201,True,True,7.862613104689722e-15,5.144104197083947e-15,5.946333058581723e-15,True,0.1329123226792162,0.3503071239504709,True,A-E|B-C|C-B|D-C|E-A|E-D
horizzontal-parallelepiped,pyramid,720,10,True,20,2001,562,562,0,1.5861110166331434,12.850362995304417,25.49524214035913,12.630555429622932,1.855919328269744,12.630555429622932,0.013190923887732353,7,1,0.05328363899367135,0.027247204141031836,0.12841288866608916,2.4099872135486304,True,True,6.530381213652746e-15,5.634860374059478e-15,3.300640447016759e-15,True,0.07967377036950707,0.32651322683833955,True,A-C|B-D|C-E|D-A|E-F|F-B
2X3,arrow,360,10,True,68,940,207,207,0,1.705523894347854,13.90037236973256,23.79254007418164,13.585548452486098,2.1633383989103745,13.585498151390242,0.016881500958527695,1,1,0.05301242575531891,0.047994586408402755,0.1274600649394333,2.404343191683599,True,True,5.425345383112397e-15,1.7763568394002505e-15,5.126297777653475e-15,True,0.20158893719805432,0.42827695480702754,True,A-A|B-D|C-C|D-C|E-E|F-B
3X2,horizzontal-parallelepiped,720,10,True,148,1684,451,451,0,1.5297970816014896,13.906436925255624,23.780790204305355,13.727149822715322,1.917659408067092,13.727140968283543,0.012608647564153586,4,1,0.05291342534278237,0.022223093325191495,0.12772917391672267,2.4139275257511845,True,True,8.643221725654466e-15,5.947988122585297e-15,6.2711019041640206e-15,True,0.17747627107232866,0.47538038908183505,True,A-C|B-B|C-D|D-F|E-A|F-E
hexagon,two-triangles,720,10,True,76,2482,445,445,0,1.5846305394310642,13.92687483076581,23.996344940963763,13.737758194230452,1.6700912430123223,13.737726927066458,0.011423828465099817,2,1,0.052574277479850814,0.030164334388304227,0.12696652788835153,2.4149933004217066,True,True,1.4229969980597047e-14,7.063624439111313e-15,1.23530261649477e-14,True,0.07560555545303083,0.4828768357435626,True,A-A|B-D|C-C|D-F|E-B|F-E
two-triangles,central-parallelepiped,360,10,True,36,1715,198,198,0,1.5262353715240549,13.767275690508715,23.81910492207496,13.570066723764919,1.9528476729092623,13.570035477464636,0.013280246961075548,2,1,0.05247163814525474,0.023293030775853107,0.12727974344519866,2.4256864840555616,True,True,9.114653810271008e-15,8.379058453350832e-15,3.58724037616909e-15,True,0.12308281863267813,0.3914966099903299,True,A-A|B-D|C-E|D-C|E-B|F-C
rhombus-ext,hexagon,180,10,True,40,550,101,101,0,1.5401080428997138,14.005414820117732,23.81262000986328,13.812937356454688,1.5942113041046677,13.812920299872196,0.010616425467585344,1,1,0.0522972386163448,0.02038828274131176,0.12673216795355427,2.423305155426425,True,True,5.634860374059478e-15,4.070144838902081e-15,3.8968670012594065e-15,True,0.06708926685656628,0.45673777918439046,True,A-D|A-F|B-B|C-C|D-A|D-E
central-parallelepiped,base-trapezoid,168,10,True,12,749,102,102,0,1.5645195170143493,14.760021053024445,21.82937218284774,14.56498821838759,2.0172050356242783,14.564933309267943,0.01409152978675543,1,1,0.05214673488228679,0.030143235421512204,0.12511930402574759,2.399369860992929,True,True,6.778727589240029e-15,6.646518689688359e-15,1.3322676295501878e-15,True,0.07556782805543794,0.503420624847555,True,A-D|B-A|C-C|C-E|D-B|E-B
rhombus-ext,3X2,180,10,True,72,330,74,74,0,1.6932146527932181,14.055709858287756,23.62152942850394,13.933797195835044,1.7095981057619398,13.933792891152677,0.01189545418346949,2,1,0.05205018908180504,0.016962095983921257,0.12635839114980577,2.427625977519769,True,True,7.0566717323321395e-15,6.163616783938913e-15,3.4360506513498903e-15,True,0.1291823955440677,0.4993505740910072,True,A-A|A-E|B-B|C-C|D-D|D-F
cross,central-parallelepiped,168,10,True,30,332,102,102,0,1.8874131440012902,14.134039607132635,25.013805770180845,13.109295953491763,4.672693599007498,13.108255612213,0.07720030837467373,2,1,0.05182722671745192,0.013269235495269194,0.12703432249951604,2.4511117137730127,True,True,1.235071072094777e-14,1.0056870505467056e-14,7.169338250410632e-15,True,0.16869761618092205,0.4179157688864527,True,A-E|B-C|C-A|D-C|D-D|E-B
central-parallelepiped,central-parallelepiped,168,10,True,80,192,68,68,0,1.590810740387538,14.063740331908711,23.170783216138442,13.832146479932025,2.1305883617001653,13.832128577853119,0.012295911165156603,1,1,0.05179145744946393,0.03863041124495967,0.1244949052264544,2.4037729648355937,True,True,1.472844610676153e-14,8.4775330261551e-15,1.204402584314018e-14,True,0.16766592184114334,0.41981971932396717,True,A-D|B-E|C-A|C-B|D-C|E-C
pyramid,vertical-parallelepiped,720,10,True,22,2540,547,547,0,1.5384127982841855,16.454723789752343,22.906539253932554,14.335949823899462,6.885572155252818,14.334790855869695,0.09679646445310297,4,1,0.05177867731725431,0.02987444324128135,0.13183231809163587,2.5460734982449065,True,True,4.8403099834339596e-15,2.75928150147828e-15,3.9768035318997376e-15,True,0.16815716707593115,0.4305510598091942,True,A-D|B-C|C-B|D-A|E-F|F-E
hexagon,horizzontal-parallelepiped,720,10,True,96,1839,474,474,0,1.5536575004818882,13.832031776932574,23.90368118321203,13.678811546386228,1.6318629205697086,13.678804322662744,0.012469637629070718,1,1,0.051674327769874955,0.031304781324668726,0.12460686601718803,2.420249844924487,True,True,1.750961098171718e-14,1.178511022967008e-14,1.2949812879173059e-14,True,0.0919558562718783,0.36945378526400835,True,A-D|B-E|C-A|D-F|E-B|F-C
rhombus-int,2X3,180,10,True,64,420,77,77,0,1.7720155309742938,13.78557548956493,22.924269416479447,13.522596827719179,2.0784654957543274,13.522545253140624,0.013672414515327524,3,1,0.05154154202899894,0.03329649226494176,0.12475725216157041,2.420518425532902,True,True,1.2740504589727491e-14,1.0417181877766436e-14,7.335037759030407e-15,True,0.23992542840060163,0.4179157688864527,True,A-A|B-C|B-E|C-D|C-F|D-B
vertical-parallelepiped,cross,360,10,True,20,1079,250,250,0,1.8142041248633323,14.569486329039554,22.73158451028163,14.447371645251886,1.5110728862710172,14.447366475217022,0.01436517787636582,1,1,0.05141772349831337,0.018501243515255495,0.1240267778070517,2.412140588276338,True,True,7.415629385600041e-15,6.580943700843615e-15,3.418002222190849e-15,True,0.21312342260752237,0.36990647383846204,True,A-C|B-D|C-E|D-A|E-B|F-D
3X2,rectangle-opposite,180,10,True,76,112,92,92,0,2.0640565783418254,13.831471032562604,23.147475884295027,13.517196400719214,2.105026979519657,13.517173759631905,0.012042554775278269,4,1,0.051392373910227086,0.03111852362680431,0.12291647374745023,2.391725938991696,True,True,4.243971823646975e-15,3.2023728339893768e-15,2.784978468864037e-15,True,0.1949230736446107,0.42664682117134556,True,A-C|B-B|C-D|D-D|E-A|F-A
horizzontal-parallelepiped,central-parallelepiped,360,10,True,76,1097,215,215,0,1.6349729227228806,13.782575475661565,23.76930172897426,13.536682992535289,2.207846431919743,13.53668214265866,0.011610174664284045,1,1,0.05130735523758083,0.040092025997318106,0.12326542564359677,2.402490346127005,True,True,3.3753564521420744e-15,2.3972849129904254e-15,2.3761431406726363e-15,True,0.16766592184114334,0.47538038908183505,True,A-D|B-E|C-C|D-C|E-B|F-A
wave,horizzontal-parallelepiped,360,10,True,68,743,226,226,0,1.5106695330350215,13.957367770025439,23.894645155590613,13.850785967398002,1.563269794529153,13.850785856056074,0.011641134943394249,2,1,0.05126228457250761,0.014458975766479639,0.12320317316393102,2.403388264712765,True,True,6.628696873124524e-15,4.4273405789475394e-15,4.933383994154044e-15,True,0.0949218271146895,0.41981971932396717,True,A-F|B-C|C-B|C-D|D-E|E-A
two-triangles,base-trapezoid,360,10,True,12,932,270,270,0,2.003815179916313,14.607691394806434,22.094211654960773,14.474576588659597,1.8224637106782238,14.47454945512526,0.013844613278223505,1,1,0.051146147558496016,0.032325731624052514,0.12249553050620335,2.3950099147957293,True,True,8.579661020019128e-15,6.1854469444995704e-15,5.945656340154264e-15,True,0.07684507570634776,0.4446994208396341,True,A-D|B-B|C-B|D-E|E-A|F-C
pentagon,rhombus-ext,78,10,True,0,342,51,51,0,1.6378175730351237,13.904043897043955,24.148274314590026,13.607129662542423,2.423449809063258,13.607018357245007,0.021259138650134624,1,1,0.05102324040433914,0.034037721101013475,0.12284274842560808,2.420277819425944,True,True,9.69863848876143e-15,8.34631059704416e-15,4.939907686723803e-15,True,0.17263926036094918,0.4312665152281575,True,A-D|B-A|C-D|D-C|E-A|E-B
3X2,pyramid,720,10,True,30,1987,524,524,0,1.5959111556992984,12.884681373592226,25.71693546343436,12.718912740923109,1.7071903606732557,12.718912740923109,0.013377558799421152,6,1,0.05100981471467225,0.015994354653811136,0.12334316011309558,2.418027997220262,True,True,6.6881147206339236e-15,4.124295487574583e-15,5.2650797949824194e-15,True,0.05011714727292482,0.3676539667191418,True,A-C|B-F|C-D|D-E|E-B|F-A
pentagon,base-trapezoid,168,10,True,0,656,113,113,0,2.1145975898199767,14.752988596196117,22.495300972122465,14.393510743371857,2.5515630135813456,14.393231384672916,0.02295080935900451,1,1,0.05090385458746846,0.03221094633174162,0.12190632360654755,2.3948348233054735,True,True,1.59116689805058e-14,1.016945503858137e-14,1.2237785500794761e-14,True,0.0750628440621359,0.42839650385605366,True,A-D|B-B|C-C|D-A|E-B|E-E
rhombus-ext,vertical-parallelepiped,180,10,True,44,547,87,87,0,2.1062472876349836,13.853833692552458,23.329923316163388,13.730971529078333,1.6513226790004434,13.730908271868834,0.014303348252367343,1,1,0.05086053793757928,0.02140266424865916,0.12290082843302318,2.416428009154334,True,True,6.2803698347351005e-15,4.351167857633658e-15,4.5288390936029406e-15,True,0.051551054684209126,0.4499078879065762,True,A-A|A-C|B-D|C-E|D-B|D-F
base-trapezoid,vertical-parallelepiped,360,10,True,52,1197,226,226,0,1.9384760343188927,15.297592466145078,26.26136017452547,13.318540620438734,6.287115639614316,13.316525895203023,0.0965683868887588,1,1,0.05083503174970814,0.03638612460453918,0.1310350668665649,2.5776528971542785,True,True,7.888835772847054e-15,6.217248937900877e-15,4.855877417637497e-15,True,0.07176213543832696,0.4499078879065762,True,A-C|B-D|B-E|C-F|D-A|E-B
base-trapezoid,hexagon,360,10,True,16,1175,262,262,0,2.125564675563716,15.529741769255804,26.516554862868766,13.442402945391908,6.314636999193151,13.442366974921068,0.09735993735804449,1,1,0.05053570466348792,0.029923568459428982,0.1309742250711875,2.601180281349338,True,True,1.4758242731663068e-14,1.2244833901955533e-14,8.238311188599651e-15,True,0.06188741691517028,0.4447467282831025,True,A-B|B-C|B-E|C-A|D-F|E-D
two-triangles,arrow,360,10,True,16,1571,251,251,0,1.5908840274086082,13.955066226538037,24.129065673234408,13.764788559187565,1.6171667836776442,13.764763491419739,0.012076574524929384,2,1,0.05047160390737966,0.028564709226436374,0.12118136994966011,2.4009811570886432,True,True,6.778727589240029e-15,4.351167857633658e-15,5.197930934883577e-15,True,0.05449769045323954,0.41302574003819187,True,A-C|B-A|C-D|D-E|E-B|F-C
rectangle-opposite,vertical-parallelepiped,180,10,True,28,571,96,96,0,1.7914546222550995,13.768875779474838,23.55143834298365,13.350097771784826,2.8162320448605174,13.35008734813218,0.016684816398678137,2,1,0.050463319139366324,0.06738738348275056,0.12043247359718798,2.3865349257861017,True,True,1.6574703926261168e-14,7.32410687763558e-15,1.4868700975141997e-14,True,0.05194102651214602,0.3926817942954417,True,A-B|A-C|B-D|C-E|D-A|D-F
rectangle-opposite,two-triangles,180,10,True,28,840,97,97,0,1.5767452355961664,13.668865857552642,23.548103345479635,13.461776920941363,1.878855356877843,13.461747806406278,0.014851093073429134,1,1,0.0502574274977198,0.04958823115811414,0.12063011915137437,2.4002446037821454,True,True,8.181682911988314e-15,2.1276056357529605e-15,7.90020439805413e-15,True,0.06389320095320437,0.4182034220705242,True,A-C|A-F|B-A|C-B|D-D|D-E
two-triangles,3X2,720,10,True,56,2895,478,478,0,1.5326904385320375,13.838155812503997,24.006046639663488,13.722348895765805,1.444067282902205,13.722348664727063,0.012811426290674888,3,1,0.050188484751578534,0.020956798879411914,0.12127732479860844,2.4164372644223735,True,True,4.189529226675416e-15,2.5121479338940403e-15,3.352800008858181e-15,True,0.09897413735914401,0.3846245126357791,True,A-F|B-D|C-B|D-A|E-E|F-C
horizzontal-parallelepiped,two-triangles,720,10,True,72,2821,444,444,0,1.5854034764994576,13.749782968714563,23.869678781351286,13.565733000296662,1.8134964480011153,13.56563838199013,0.011809008804405607,1,1,0.05003933376404571,0.039124640315953134,0.12063391948221011,2.410781887125925,True,True,1.9474210643438194e-14,1.544128260874241e-14,1.1866409380345455e-14,True,0.06389320095320437,0.4652866157331114,True,A-C|B-A|C-F|D-E|E-D|F-B
hexagon,base-trapezoid,360,10,True,16,1184,248,248,0,1.7475724219315252,14.857730412639974,22.193783084546173,14.715938552659775,1.8140092198066697,14.715889771189746,0.011749232072744142,2,1,0.04998120375338916,0.029470440912645956,0.12039640131373497,2.4088335668700465,True,True,6.056823720456793e-15,1.961830370053296e-15,5.7302997460712835e-15,True,0.07737572622139118,0.4957516453777859,True,A-E|B-B|C-D|D-A|E-C|F-B
base-trapezoid,horizzontal-parallelepiped,360,10,True,40,1201,226,226,0,1.8763858625851269,15.37392035078607,26.617937366355246,13.44637237479254,6.38002633784687,13.444416529787581,0.09457361009727094,1,1,0.04978520751531784,0.04720001554417417,0.12730717269203623,2.580201876489632,True,True,9.4246943736746e-15,6.3680902554857116e-15,6.947826317285255e-15,True,0.05292182433932827,0.3892155522973273,True,A-F|B-A|B-B|C-D|D-E|E-C
rectangle-opposite,horizzontal-parallelepiped,180,10,True,28,559,108,108,0,2.252759025743211,13.656619726240969,23.21291040192208,13.315011070901805,2.8261337544757237,13.314970458493875,0.016380689110702562,1,1,0.049779669813207056,0.06733109329739176,0.11877616764765242,2.386037675487753,True,True,1.0158389004375822e-14,1.831026719408895e-15,9.992007221626409e-15,True,0.07227372566323872,0.32651322683833955,True,A-D|A-E|B-A|C-F|D-B|D-C
parallelepiped-int,vertical-parallelepiped,180,10,True,28,696,114,114,0,1.802228768710275,13.735490216538452,23.746689339264137,13.574610390529806,1.7121072156145403,13.574577273594908,0.016479650343730334,3,1,0.049618497509754465,0.01941961148455684,0.11848163025365312,2.3878520350270764,True,True,1.0716384253463368e-14,9.63018484609954e-15,4.701109581559699e-15,True,0.06381402746950593,0.4431883781158899,True,A-C|B-D|B-E|C-A|C-B|D-F
wave,rhombus-ext,78,10,True,14,255,51,51,0,1.6167535807680402,14.038366862113827,23.720811739579787,13.991277672721004,1.2882586095438204,13.99127764032175,0.008649086882618562,1,1,0.04947149105329244,0.008530648864551234,0.12025422447947008,2.430778250647994,True,True,3.031894883956649e-14,2.5692069670067312e-14,1.6098329565661696e-14,True,0.09075906061666329,0.4944694914980932,True,A-B|B-A|C-A|C-C|D-D|E-D
cross,pyramid,360,10,True,20,874,273,273,0,1.6670146197303237,14.047777691973057,26.78526170340111,13.393362402634384,4.735498341205744,13.393362402634384,0.07176876819672806,1,1,0.049423509779331125,0.015333914375803814,0.1213364996804342,2.4550360794323236,True,True,1.3565488325051471,0.3266756171771902,1.3166274249433587,True,0.07514272091914191,0.4179157688864527,True,A-F|B-D|C-C|D-B|D-E|E-A
horizzontal-parallelepiped,cross,360,10,True,28,1175,249,249,0,1.6802554188824685,14.466763842246428,22.885475503812938,14.33821664668866,1.5331161627577363,14.338177877882341,0.01322504660008228,2,1,0.04928728408958556,0.01698246446071121,0.11902623159298355,2.4149480701074757,True,True,1.1278467137288124e-14,8.140289677804162e-15,7.806375915130091e-15,True,0.05717736575661363,0.4375415187649024,True,A-B|B-E|C-D|D-C|E-D|F-A
rhombus-int,pyramid,180,10,True,12,558,121,121,0,1.8699515850650237,12.960836244525833,25.373646984216332,12.754394895850886,1.6349623167820302,12.754394895850886,0.01416446671734839,1,1,0.049230304560892786,0.019255454092701796,0.11911449097535451,2.419535934985375,True,True,9.711278881628009e-15,4.550560269027492e-15,8.579122260155907e-15,True,0.20066007570834374,0.4179157688864527,True,A-F|B-B|B-D|C-A|C-C|D-E
pentagon,rectangle-same,78,10,True,0,400,42,42,0,2.2355488251447593,14.557658523096354,22.41417588135005,13.57604822832732,2.7878874811940557,13.575975680404996,0.026685783152077924,4,1,0.04915093697786382,0.0456392740495526,0.11059222319646077,2.391387164580773,True,True,5.580320428506623e-15,3.8751594757346635e-15,4.01535989948998e-15,True,0.06877165524449175,0.3503071239504709,True,A-D|B-C|C-B|D-A|E-A|E-C
2X3,central-parallelepiped,360,10,True,68,1070,196,196,0,1.6615749852212789,13.742145232610948,23.643279130476056,13.34418856701998,2.6077153689809105,13.344121078842807,0.016989261155332613,2,1,0.04909077727675245,0.04393560382554341,0.11771653403333579,2.3979358356805225,True,True,1.0556764863485806e-14,5.345524988145181e-15,9.103331641989318e-15,True,0.07611609640718162,0.4652866157331114,True,A-B|B-A|C-E|D-C|E-D|F-C
pentagon,arrow,168,10,True,0,620,135,135,0,1.8216725537682275,13.835171790587218,23.977796615360436,13.49985654307973,2.445615629885896,13.49969016911123,0.02032344662153207,1,1,0.049078651387890346,0.03821990902226027,0.11811586626183723,2.406664872029901,True,True,3.678844234973531e-15,1.7763568394002505e-15,3.2215603803613454e-15,True,0.05668030598150012,0.3886873512957292,True,A-C|B-E|C-B|D-C|E-A|E-D
vertical-parallelepiped,central-trapezoid,360,10,True,37,1398,238,238,0,1.5246580266640921,13.890243036562858,23.827503162755537,13.616465276286032,1.9394858701160178,13.616409319168104,0.01232981182791093,1,1,0.04907427752220182,0.029973156280823563,0.11852412384305154,2.4151985485559053,True,True,4.464422001611701e-15,3.219646771412954e-15,3.0927234722497852e-15,True,0.12466421747600853,0.49573600680125657,True,A-B|B-D|C-E|D-D|E-A|F-C
parallelepiped-int,rhombus-ext,34,10,True,10,86,18,18,0,9.140215669046565,13.92555167011507,22.700946248219957,13.840483128127936,1.5448879021655508,13.840447645027188,0.015862963146314968,4,1,0.048997562851736814,0.011695133068765464,0.11832675782745564,2.414951906597969,True,True,8.838697168288492e-15,5.178349195900833e-15,7.162909132330538e-15,True,0.10535472118021304,0.432603075572651,True,A-B|B-A|B-C|C-A|C-D|D-D
parallelepiped-ext,rhombus-int,34,10,True,10,86,18,18,0,9.133292701523136,13.808663877707602,22.65089044589526,13.735330280509345,1.6095648883745475,13.735307563800134,0.019441077273938845,2,1,0.0488959179561489,0.01758822712192506,0.12023358744673694,2.500188456881021,True,True,6.1544820580007095e-15,4.47545209131181e-15,4.224686731655424e-15,True,0.12280317420997572,0.45336865794965664,True,A-A|A-B|B-C|C-D|D-B|D-C
3X2,rhombus-ext,180,10,True,72,337,73,73,0,1.535815242418794,14.114205524601376,23.57767575525436,13.98828163485902,1.7875739965560546,13.988272988916906,0.012011052709899772,4,1,0.04888927407039435,0.016931134068360807,0.1186842175511615,2.4276125961754165,True,True,7.160723346098895e-15,4.351167857633658e-15,5.687116766346677e-15,True,0.13910093858562778,0.4375415187649024,True,A-A|B-B|C-C|D-D|E-A|F-D
arrow,base-trapezoid,168,10,True,14,664,97,97,0,1.647888368944595,14.771671254664124,21.94280180174882,14.609476893230719,1.7920096517785158,14.609432178201846,0.01396915951116906,1,1,0.0487766105480752,0.029800255484802793,0.11782586434345703,2.415622221788566,True,True,1.0283454958240735e-14,5.87032474767533e-15,8.44326555516268e-15,True,0.13150671008127005,0.3846245126357791,True,A-B|B-E|C-A|C-C|D-B|E-D
rectangle-same,vertical-parallelepiped,180,10,True,32,460,103,103,0,1.948024297057475,15.298288426160447,26.13013686344705,13.279732213984182,6.373190458409124,13.277874308615525,0.09140120883971736,1,1,0.048367487562160645,0.062358647028093614,0.1255158889793395,2.595046699873127,True,True,1.292361119289698e-14,6.968805455576195e-15,1.088372531753276e-14,True,0.10388484120579342,0.4652866157331114,True,A-A|A-C|B-B|C-D|C-E|D-F
horizzontal-parallelepiped,central-trapezoid,360,10,True,16,1296,254,254,0,1.5172714035525494,13.83639607023931,23.653367781596398,13.633118779495092,1.9027289207794373,13.63309097611169,0.011647516204573272,1,1,0.048352340482000745,0.03001179517654712,0.11657315046517584,2.410910191794551,True,True,9.97116881057816e-15,8.189353020564573e-15,5.688471196518145e-15,True,0.16766592184114334,0.4341882410243255,True,A-B|B-E|C-D|D-D|E-A|F-C
vertical-parallelepiped,hexagon,720,10,True,124,1829,449,449,0,1.5363375812461157,13.913801307988109,23.7536364089838,13.756824873527089,1.7138343618693355,13.756810471384766,0.01456659011747341,1,1,0.04809900959938947,0.026576342504520612,0.11605458564854772,2.412826929601079,True,True,6.501265919766879e-15,6.0575868169115935e-15,2.360529710700789e-15,True,0.12158795657747613,0.39300248433366436,True,A-E|B-B|C-C|D-D|E-A|F-F
2X3,rhombus-ext,180,10,True,52,307,97,97,0,2.211697195082681,14.028684883845248,23.071527006773643,13.827358762114532,1.7349459624251133,13.827288627420698,0.01967148745841385,1,1,0.048098917856682556,0.040596190192042206,0.11629896762016323,2.4262493933419575,True,True,1.2702838834706995e-14,1.2214976244412755e-14,3.4866129422366675e-15,True,0.152567359694524,0.45336865794965664,True,A-A|B-D|C-B|D-A|E-D|F-C
rhombus-ext,horizzontal-parallelepiped,180,10,True,40,420,103,103,0,1.7701374920272248,13.952931892329165,23.39897566072067,13.779572149188896,1.7990630920820188,13.779529354709952,0.012602114442198165,1,1,0.04805549128795196,0.022906919536484313,0.11670181228187954,2.428480266336138,True,True,1.0300572399251707e-14,9.41008164741723e-15,4.189529226675416e-15,True,0.2360589479133897,0.5320633063655716,True,A-B|A-F|B-A|C-E|D-C|D-D
pyramid,rectangle-opposite,180,10,True,10,555,134,134,0,2.2942113081696056,16.37073405339698,22.493737887049143,14.470707193915326,6.930364398151192,14.470200419341406,0.09531273030018461,4,1,0.04793762199450328,0.04124267150880232,0.12052213453876366,2.5141450394135783,True,True,1.1186839904205615e-14,7.021666937153402e-15,8.70870716386846e-15,True,0.15695969043670036,0.3926817942954417,True,A-D|B-B|C-C|D-D|E-A|F-A
hexagon,cross,360,10,True,8,1385,262,262,0,1.7732492321414308,14.557883685655781,23.329232668669114,14.45578778937365,1.349562979430314,14.455784614273268,0.01082972725246023,2,1,0.047558513999102374,0.012334090738930327,0.11494852969644508,2.416991617917554,True,True,4.5288390936029406e-15,3.2023728339893768e-15,3.2023728339893768e-15,True,0.05431799011643127,0.4395566479806858,True,A-A|B-D|C-C|D-D|E-B|F-E
pentagon,pentagon,168,10,True,22,465,104,104,0,1.7175656126125813,13.949770559944135,23.52049422122321,13.578171022562668,2.8426773735913087,13.577975202957695,0.02217257136955375,3,1,0.04755355690653316,0.02776201550954963,0.11412710057133856,2.399969802377899,True,True,6.854671959125871e-15,5.329070518200751e-15,4.311326371230795e-15,True,0.061770518582597606,0.4160614448474135,True,A-E|B-A|C-D|D-E|E-B|E-C
base-trapezoid,rhombus-ext,78,10,True,18,189,40,40,0,2.801940165991766,15.664186668662795,25.93721487845035,13.638658260953607,6.59499274865059,13.636464805282536,0.12076417395960526,3,1,0.047540254721127044,0.02621475416368828,0.12369914511445859,2.6019874281297506,True,True,1.161709277534674e-14,1.0968756264857396e-14,3.8266474299528865e-15,True,0.14232149778427988,0.49463167676755143,True,A-B|B-A|B-C|C-D|D-A|E-D
two-triangles,rectangle-opposite,180,10,True,28,710,100,100,0,1.8933404917173904,13.604654418647781,23.736412994961505,13.390731706896489,1.858614750080082,13.390725435069019,0.013582219753359936,4,1,0.047372776342082236,0.04902259766212765,0.1132726985293728,2.3910926754940953,True,True,4.539712672504608e-15,3.210061615366513e-15,3.210061615366513e-15,True,0.05174431237152453,0.41302574003819187,True,A-C|B-B|C-D|D-A|E-A|F-D
two-triangles,rhombus-ext,180,10,True,24,682,108,108,0,1.8322154991899218,14.027818478566351,23.455774057128703,13.87947824604041,1.7802633994214365,13.879451135689246,0.013190401759185733,3,1,0.04728099927624282,0.022405832902807225,0.11436693380883162,2.4188772563928724,True,True,1.2840246461466052e-14,6.4047456679787536e-15,1.112884370092863e-14,True,0.06861440183273573,0.432603075572651,True,A-A|B-D|C-D|D-B|E-A|F-C
arrow,vertical-parallelepiped,360,10,True,48,1276,249,249,0,1.5686865067564943,13.651224450253785,23.93444539852031,13.40557736867461,1.8885675868233518,13.405568209359544,0.01064139306660472,1,1,0.046981317357484884,0.024515145867428412,0.11326055013151588,2.4107572222742633,True,True,5.0964794067304015e-15,1.988789160969072e-15,4.692421551442176e-15,True,0.13626029563903136,0.32651322683833955,True,A-A|B-D|C-B|C-F|D-E|E-C
rhombus-ext,base-trapezoid,78,10,True,18,192,41,41,0,2.2562915114675337,14.99897904598361,21.570362939147735,14.929283700855422,1.6576478093776932,14.929254435395128,0.011157747405866836,1,1,0.046958563340284,0.0267671693626353,0.11368772486463176,2.421022211450479,True,True,8.915028670790518e-15,8.055048693485857e-15,3.820199830714189e-15,True,0.05386257358076716,0.5202372758899162,True,A-A|A-D|B-B|C-C|D-B|D-E
central-trapezoid,pyramid,360,10,True,10,1166,251,251,0,1.503459732441977,12.859803525866154,25.35277100306458,12.702874976392502,1.7409949795725779,12.702874172914317,0.012456025261112558,1,1,0.04691631985810532,0.018766298787216303,0.11307264961753516,2.4100920523927365,True,True,0.026536881108632518,0.003840050869600309,0.026257571637388316,True,0.12260853817703368,0.41115190529900336,True,A-A|B-F|C-B|D-C|D-E|E-D
cross,rectangle-opposite,78,10,True,14,127,50,50,0,3.001409714399002,13.922690352287317,24.287413517326744,12.892878161474606,4.617469540332157,12.892587713956114,0.0709964485033705,2,1,0.04684113401059689,0.020329462451035337,0.1153711969612595,2.463031679274866,True,True,4.884981308350689e-15,3.972054645195637e-15,2.8435583831733384e-15,True,0.5142731244967915,0.5263781171411518,True,A-B|B-D|C-A|D-A|D-C|E-D
parallelepiped-int,rectangle-same,34,10,True,6,100,19,19,0,2.067335908305403,14.725715767756586,20.658547940147745,14.504753633711896,1.8551285103112294,14.5047152660275,0.016873071142332385,5,1,0.046812474735113525,0.01812687230960799,0.11062308603001425,2.3842692440912616,True,True,1.4438022517112667e-14,1.1949218545369531e-14,8.103867617357112e-15,True,0.06381402746950593,0.41302574003819187,True,A-A|B-B|B-D|C-A|C-C|D-C
parallelepiped-ext,hexagon,180,10,True,24,482,116,116,0,1.7866419383723002,13.923174221782757,23.501554715566414,13.76436263248123,2.058852486486011,13.76432694139028,0.01953738203527422,2,1,0.046684877534932556,0.01625994243484465,0.11467224698165032,2.508874963494213,True,True,1.078917454334091e-14,6.526751786450488e-15,8.591146515148075e-15,True,0.06361495963082832,0.39300248433366436,True,A-E|A-F|B-B|C-C|D-A|D-D
parallelepiped-int,two-triangles,180,10,True,36,454,115,115,0,1.7026001099947894,13.873941961415976,23.81137692747291,13.782711111317258,1.7407704492447356,13.782703788718408,0.014756383489932468,1,1,0.04658338065959308,0.014540889420294058,0.1124656187557316,2.4142863219303763,True,True,4.926825094124602e-15,3.6444855833477145e-15,3.3153175324343467e-15,True,0.12387175155653606,0.4657593743306056,True,A-E|B-A|B-D|C-B|C-C|D-F
parallelepiped-int,2X3,180,10,True,52,342,102,102,0,2.4925253661497644,13.724821770452056,22.425577165784123,13.612673997595095,1.860376226736739,13.61265544369058,0.015670251674789526,3,1,0.04653042615137847,0.02412238839745556,0.1111367184992869,2.3884741166505403,True,True,0.12451537606018512,0.06891235754364147,0.10370711573072815,True,0.05172163655963992,0.4446994208396341,True,A-D|B-C|B-E|C-A|C-F|D-B
parallelepiped-ext,horizzontal-parallelepiped,180,10,True,24,632,116,116,0,2.310376548560269,13.745996113672252,23.306106557335674,13.477331436176964,2.199073363302882,13.477313166609273,0.01816685311232913,3,1,0.04610628714956681,0.019605813757025057,0.11297046751226536,2.4956412519494435,True,True,1.1119915219236047e-14,9.314379589181751e-15,6.074112885980293e-15,True,0.12206927011800943,0.32651322683833955,True,A-A|A-D|B-C|C-E|D-B|D-F
2X3,rectangle-opposite,180,10,True,72,147,94,94,0,1.7154036576497578,13.715156682596275,22.41416813616857,13.458819531050695,2.6611800686788305,13.45875714628637,0.01328909902983888,4,1,0.04591413263440598,0.04787331736654016,0.1093116215060036,2.3807837638228713,True,True,1.1707458404032483e-14,1.0886980803209723e-14,4.305604634972164e-15,True,0.08266256000251289,0.4182034220705242,True,A-D|B-D|C-A|D-B|E-A|F-C
pentagon,horizzontal-parallelepiped,360,10,True,0,1230,270,270,0,1.6679755456975454,13.704853528516114,24.233008495348944,13.297765176020409,2.6107191039716513,13.293864405597967,0.022311835410015135,1,1,0.045859736814393696,0.04576962665421064,0.11027234861339273,2.416623795334142,True,True,9.318085397840794e-15,6.761814371444807e-15,6.411285509753586e-15,True,0.08731941453218817,0.3503071239504709,True,A-A|B-F|C-B|D-C|E-D|E-E
rhombus-ext,central-trapezoid,78,10,True,6,255,47,47,0,1.6477392218027551,14.038342606683468,23.731168148983457,13.92803409397273,1.6123402556810984,13.927995835429892,0.01152925467036603,1,1,0.045529277354029306,0.013650790139968023,0.1107074742352283,2.431566690030734,True,True,4.9711424358781806e-15,3.504122528394262e-15,3.5261001721148905e-15,True,0.26787424706002044,0.5202372758899162,True,A-C|A-D|B-A|C-D|D-B|D-E
2X3,cross,360,10,True,48,717,249,249,0,1.748148704044183,14.506180946541265,22.75621152873663,14.353419507479957,1.6289973632349173,14.353294099056747,0.0175592839177785,1,1,0.04550309738733922,0.024213666292036525,0.10941503541765855,2.4045623638821163,True,True,7.871678936971414e-15,3.887366295532235e-15,6.844831084191882e-15,True,0.06970391706375242,0.36990647383846204,True,A-C|B-B|C-D|D-E|E-D|F-A
2X3,pyramid,720,10,True,64,1406,525,525,0,1.8747445486516365,12.893349349450169,25.17636597448884,12.686370669727268,2.1536401218541585,12.686370669727268,0.016270465718681848,3,1,0.045492070879836026,0.03996084691197196,0.1092350454979486,2.4011886771759627,True,True,6.5906489508797204e-15,5.329070518200751e-15,3.8778423131653425e-15,True,0.16641940591260795,0.3892155522973273,True,A-C|B-A|C-F|D-E|E-B|F-D
central-parallelepiped,rectangle-opposite,78,10,True,22,154,40,40,0,1.797481683573319,13.680672606074811,23.180553160144974,13.202526447642272,2.79953666654705,13.202522238538403,0.01173048599098081,7,1,0.0453261024249626,0.02477960186310592,0.10855052138287968,2.394878791146562,True,True,1.3049755487615991e-14,1.1916163935586911e-14,5.319883020027936e-15,True,0.07360601501924349,0.31140856846121034,True,A-C|B-A|C-A|C-D|D-B|E-D
wave,pentagon,168,10,True,0,562,119,119,0,1.5913851217765227,14.180345058778688,23.59585035628477,14.075366707851755,1.5179838637898266,14.075358631773636,0.010444017757694546,3,1,0.04519325356382399,0.010462513680304942,0.109402513346008,2.4207709053632254,True,True,9.10151879462365e-15,4.247042750643924e-15,8.049861628816387e-15,True,0.15834691307585153,0.45931210206367873,True,A-E|B-A|C-B|C-C|D-D|E-E
central-parallelepiped,two-triangles,360,10,True,36,1692,221,221,0,1.5138544674980992,13.752784213566418,23.786689346775027,13.584431242976478,1.8539232933987226,13.584417933056837,0.011715896079964594,1,1,0.045128870458689525,0.026680146705864705,0.10875264769454683,2.4098242785424424,True,True,1.0796026988962398e-14,6.105217258353122e-15,8.903960971090995e-15,True,0.0667122630549902,0.4652866157331114,True,A-C|B-B|C-A|C-D|D-F|E-E
rectangle-opposite,rhombus-int,34,10,True,10,38,20,20,0,2.5585613647921353,13.91262521387854,22.518179389850385,13.850626608695503,2.3689230216902923,13.850589322879372,0.014379885491269562,2,1,0.04502095388056394,0.03987956297510911,0.10895074777323928,2.4200008747543347,True,True,8.131510326190337e-15,5.801977620773422e-15,5.697237565082261e-15,True,0.24486350500313978,0.45336865794965664,True,A-A|A-B|B-C|C-D|D-B|D-C
3X2,3X2,720,10,True,268,489,414,414,0,1.9372344529223418,14.115448206764153,23.738982495146352,13.941584886414747,1.41858349435315,13.941569171418818,0.012053256356496789,1,1,0.044857166261539475,0.010156824254022008,0.10883015511895133,2.4261486890281407,True,True,5.259223848564703e-15,2.220446049250313e-15,4.76749985125122e-15,True,0.1996871374912286,0.4361681820504353,True,A-E|B-F|C-B|D-A|E-D|F-C
cross,base-trapezoid,168,10,True,30,539,98,98,0,1.7237331014167658,15.084545120325773,23.47114347397784,14.16217765033246,4.575108837764866,14.161184438438298,0.07243812183913612,2,1,0.04483901491110774,0.011888811768595266,0.11000567228368313,2.4533472133981244,True,True,8.370227544394544e-15,5.891509130072236e-15,5.945656340154264e-15,True,0.21524043613620883,0.4993505740910072,True,A-E|B-B|C-B|D-A|D-C|E-D
rectangle-opposite,rhombus-ext,34,10,True,10,38,20,20,0,2.586548537628916,13.985432559793072,22.605170499371035,13.678741580565255,2.441379533865297,13.678738925128858,0.011377725399245087,2,1,0.044802972474871486,0.03990282164283372,0.10840960323459292,2.419696668460922,True,True,8.981148454337477e-15,6.466036496704424e-15,6.233089088255905e-15,True,0.40853405799163706,0.36990647383846204,True,A-A|A-B|B-C|C-D|D-A|D-D
horizzontal-parallelepiped,3X2,720,10,True,148,1847,458,458,0,1.5348699251665396,13.900740179524265,23.801154041145704,13.722395161989585,1.8507362591830372,13.722392799890754,0.012967120238357666,2,1,0.04455531713730504,0.022561832588915597,0.10722571164967883,2.406574984512936,True,True,6.90734737061152e-15,4.591765527460402e-15,5.160148935749836e-15,True,0.08475007441438115,0.3846245126357791,True,A-B|B-D|C-E|D-C|E-F|F-A
vertical-parallelepiped,rhombus-int,180,10,True,40,455,106,106,0,1.5716848159787322,13.990300890345388,23.62319960697816,13.89506721915329,1.764951122025873,13.895065770667616,0.013617557663399893,3,1,0.04431610573426186,0.022902911659520967,0.10759939285881846,2.4279974757716754,True,True,0.48380799579424233,0.11086531327087902,0.4709342407468281,True,0.2740918615692966,0.45336865794965664,True,A-B|B-B|C-A|D-C|E-C|F-D
base-trapezoid,two-triangles,360,10,True,12,1183,260,260,0,1.8203736640334172,15.370081764689756,26.718242132204395,13.453039858388726,6.43945051418934,13.453039858388726,0.10749940248210166,1,1,0.044296093932742114,0.03410385930914012,0.11507537449665371,2.5978673124402523,True,True,7.119291619286993e-15,6.466036496704424e-15,2.9790409838967277e-15,True,0.06725787130427473,0.443009111449057,True,A-A|B-D|B-E|C-B|D-F|E-C
central-parallelepiped,pyramid,360,10,True,10,1416,210,210,0,1.6478754748308708,12.866345578757496,25.465439382726537,12.681238195103763,1.8716622887230636,12.68121814195884,0.013632647222246774,1,1,0.044230698513295835,0.025803660832422328,0.10659676878758867,2.410017756232031,True,True,1.51830863339235e-14,1.1953472840395246e-14,9.361655712389118e-15,True,0.15891376702457702,0.41115190529900336,True,A-A|B-B|C-C|C-E|D-F|E-D
rectangle-opposite,base-trapezoid,78,10,True,0,245,60,60,0,2.365653619130427,14.836937521671901,21.323516115083645,14.500627438438604,2.4029856407247427,14.500592407924938,0.017965066374568295,1,1,0.044164765731956934,0.06494324511975423,0.10637982611432976,2.4087035072248777,True,True,1.0145792412010458e-14,9.969778034532539e-15,1.881656081690141e-15,True,0.07556782805543794,0.507168727450094,True,A-B|A-D|B-A|C-B|D-C|D-E
parallelepiped-ext,2X3,180,10,True,60,248,102,102,0,3.944148567844155,13.799532150243447,22.114394936337977,13.622878949946593,1.8887051719041956,13.622864916305218,0.017438915509536912,2,1,0.044161859606268686,0.022156315671952042,0.10929088539568603,2.504296769677926,True,True,5.857939004215904e-15,4.550560269027492e-15,3.688882027804963e-15,True,0.05172163655963992,0.4446994208396341,True,A-B|A-D|B-E|C-A|D-C|D-F
hexagon,vertical-parallelepiped,720,10,True,124,1874,455,455,0,1.587916975652831,13.791694545411204,23.799739507659577,13.581593068593708,1.8138968698497016,13.581534872580779,0.013222025940218707,1,1,0.04411014270896546,0.026576342504520636,0.10643701973062374,2.412982892231501,True,True,6.429296167574983e-15,4.950150691486844e-15,4.1026646636017774e-15,True,0.050002356365240426,0.36945378526400835,True,A-A|B-D|C-E|D-F|E-C|F-B
rhombus-ext,arrow,78,10,True,6,319,45,45,0,1.8939987407872696,13.946027617023965,23.782555365427413,13.817162447725833,1.5102970035364223,13.817152957170704,0.013361048388761176,1,1,0.04407448852589724,0.020063330302163448,0.10673297838178467,2.4216498466923926,True,True,7.160723346098895e-15,6.646518689688359e-15,2.6645352591003757e-15,True,0.1032572795041736,0.45323801017551585,True,A-A|A-C|B-D|C-E|D-B|D-C
2X3,3X2,720,10,True,228,631,451,451,0,1.7736651939521693,13.775328546840932,23.815253610247858,13.571360220199498,1.5954541549017123,13.57133880139667,0.018012143854640783,3,1,0.04402592514829229,0.028069800878669608,0.10542224017780925,2.394549116746919,True,True,4.725952219296117e-15,4.440892098500626e-15,1.616509124176106e-15,True,0.0938466201523473,0.4759218661878611,True,A-C|B-F|C-A|D-D|E-B|F-E
horizzontal-parallelepiped,arrow,360,10,True,46,906,247,247,0,1.5139028717372172,13.860426840688788,23.697153604210126,13.63832454229075,2.016733238917222,13.638287035849384,0.013073809743941567,2,1,0.043948895313495225,0.028981985348795494,0.10580896661914657,2.407545533611085,True,True,1.3059831630330134,0.16388814513582606,1.2956591750956934,True,0.16622082587559467,0.42827695480702754,True,A-A|B-E|C-D|D-B|E-C|F-C
wave,cross,168,10,True,28,661,100,100,0,1.5388728325900318,14.582346073663956,23.032168803911443,14.495435631444503,1.3171974423571433,14.495397992580886,0.009509464172314352,1,1,0.04392524177624604,0.006758090592101579,0.10651378057780002,2.4248877472406014,True,True,1.390219125818473e-14,1.2560739669470201e-14,5.9580819677934555e-15,True,0.05071673947113901,0.4475031594694418,True,A-D|B-C|C-A|C-D|D-B|E-E
pentagon,cross,168,10,True,1,812,116,116,0,1.7708347643041271,14.355215068253983,23.105374623292114,14.08162793010466,2.312405734280081,14.081497680401228,0.020591243246886215,1,1,0.04390171967172726,0.01885921114118778,0.10622958405289473,2.41971350660568,True,True,4.3737714791252564e-15,3.66205343881779e-15,2.3914935841127266e-15,True,0.0654221785506943,0.4312665152281575,True,A-C|B-D|C-B|D-E|E-A|E-D
hexagon,3X2,720,10,True,96,2235,492,492,0,1.5833391277114996,13.953276480104632,24.02945156870486,13.85970796479815,1.5428069637713318,13.859707083047251,0.011596163375529045,1,1,0.04359210891764173,0.018589170321302535,0.10555690123992026,2.421468101929828,True,True,1.2447993739376756e-14,7.287484799940193e-15,1.0091833997158473e-14,True,0.056456766395305155,0.4836808458573047,True,A-E|B-C|C-A|D-F|E-B|F-D
central-parallelepiped,pentagon,168,10,True,0,607,130,130,0,1.690232716283768,13.903637255994868,23.44094013243481,13.633670482195573,1.9675090335216012,13.633638414914744,0.009548813806778966,1,1,0.04352804290360235,0.029251571650207336,0.10500426143288012,2.412335920211796,True,True,1.603647888727603e-14,1.2560739669470201e-14,9.969778034532539e-15,True,0.05854812886921447,0.3581303928054846,True,A-E|B-D|C-A|C-C|D-E|E-B
pentagon,vertical-parallelepiped,360,10,True,0,1615,261,261,0,1.5870829170386245,13.588822374394462,24.25176220964795,13.200504568888658,2.514479754040454,13.200245814395657,0.022457672909066417,3,1,0.043484840459850564,0.03233661920395624,0.10516609516440512,2.41845420271243,True,True,8.380118571261807e-15,6.5137552185224584e-15,5.272322090083122e-15,True,0.21434453317633073,0.3886873512957292,True,A-A|B-F|C-E|D-D|E-B|E-C
parallelepiped-ext,base-trapezoid,78,10,True,0,213,56,56,0,2.2222304770202106,14.849951432763698,21.010506807816338,14.655459240307973,1.9857816429709478,14.655425275234549,0.020853486661676968,1,1,0.043441954360963944,0.02420819803204885,0.10621065565266691,2.5001135725007124,True,True,3.1869396220701337e-15,2.673771110915334e-15,1.7342238036525468e-15,True,0.15555707358765414,0.4446994208396341,True,A-B|A-D|B-B|C-A|D-C|D-E
horizzontal-parallelepiped,rectangle-same,180,10,True,26,563,107,107,0,1.8561855776317566,14.651570021304533,21.116121251154187,14.23016383698216,2.623031557027321,14.230142552976337,0.014076588849452065,3,1,0.04330283757910492,0.047008428384786284,0.10366621782711616,2.3939820950010584,True,True,1.4915051970151673e-14,9.930136612989092e-15,1.112884370092863e-14,True,0.052395158975629325,0.36898991146262244,True,A-D|B-A|C-C|D-C|E-A|F-B
2X3,base-trapezoid,360,10,True,100,585,210,210,0,1.9821323302652043,14.868682913183749,21.299374198143372,14.733278951960665,2.009016353540351,14.733223477275377,0.019206411311033733,1,1,0.04314731978780528,0.038683421099747484,0.10379756543304043,2.4056549964982232,True,True,8.152394204457378e-15,4.440892098500626e-15,6.836666485528232e-15,True,0.14791625621687243,0.44904494826803076,True,A-B|B-D|C-B|D-A|E-C|F-E
base-trapezoid,arrow,168,10,True,14,841,87,87,0,1.6913862639933877,15.433785685938453,26.424566850694365,13.41662971227331,6.212141283911592,13.416312663171617,0.09771774389746035,1,1,0.043123945546556054,0.02926133775348454,0.1118190466837209,2.5929688312726977,True,True,1.1730640871994635e-14,2.7311049195549638e-15,1.1408286514025396e-14,True,0.08096940055903461,0.3676539667191418,True,A-C|B-B|B-E|C-C|D-D|E-A
rectangle-same,rhombus-int,34,10,True,8,76,18,18,0,2.3232758711788373,15.254966123359242,26.032499031462525,13.665694396600934,6.3991022014526395,13.665397860995935,0.0925495991475982,1,1,0.043081583510823925,0.05124529557157738,0.1111107632856302,2.579077977895461,True,True,9.176649804386294e-15,2.220446049250313e-15,8.903960971090995e-15,True,0.26808156824084334,0.41115190529900336,True,A-B|A-C|B-A|C-B|C-C|D-D
central-parallelepiped,rhombus-ext,78,10,True,22,75,48,48,0,1.50677180838652,14.193662974303315,23.1317590371736,14.108522739743147,1.7873175832635746,14.108506438446545,0.009826215343410993,1,1,0.04302026338124369,0.01369518513811922,0.10449459028573939,2.4332312130470366,True,True,7.81978555372668e-15,7.756479225444121e-15,9.930136612989092e-16,True,0.49590027782699986,0.45336865794965664,True,A-A|B-A|C-B|C-D|D-D|E-C
vertical-parallelepiped,3X2,720,10,True,136,1534,474,474,0,1.5103144359651153,13.918978195080548,23.96288259049263,13.70800456997421,1.8952182098659587,13.707987709545328,0.013487882416153063,1,1,0.04295984523251066,0.019672369729863762,0.10364171113937537,2.412525244875477,True,True,6.9936340244295195e-15,5.625624518055646e-15,4.1549086210781375e-15,True,0.12008825600660163,0.3846245126357791,True,A-F|B-A|C-B|D-C|E-D|F-E
rectangle-same,central-parallelepiped,78,10,True,26,164,35,35,0,1.904392637587563,15.3312944399283,25.12986885311832,13.280541372534124,5.846479424851155,13.278512728865516,0.08027339748439477,1,1,0.04291476384721588,0.051887183263067696,0.11133484448088878,2.594324994476503,True,True,1.3673332971056464e-14,9.057678187205881e-15,1.0242973220427484e-14,True,0.2011456302235052,0.4652866157331114,True,A-A|A-B|B-C|C-D|C-E|D-C
pentagon,rhombus-int,78,10,True,0,421,47,47,0,1.5991813894773075,13.776708947112477,23.79918114079055,13.503748682417248,2.4382755938095415,13.503537410697772,0.021093614512675884,1,1,0.042912624228101375,0.027026324523876197,0.10292202897621738,2.3984091121795994,True,True,8.426000324584083e-15,7.32410687763558e-15,4.165926057296536e-15,True,0.051060516802225384,0.4312665152281575,True,A-C|B-B|C-B|D-C|E-A|E-D
rectangle-same,rhombus-ext,34,10,True,14,56,14,14,0,2.2120327867389626,15.394243734861494,25.06222355837946,13.761354416799536,6.239878175746,13.761354416799536,0.10742350786877353,2,1,0.04287879967690554,0.05124107651957014,0.11058175893263748,2.5789378379497094,True,True,6.951095629092365e-15,3.2023728339893768e-15,6.169484474161015e-15,True,0.20422836922613147,0.39028483721018153,True,A-B|A-C|B-A|C-A|C-D|D-D
arrow,horizzontal-parallelepiped,360,10,True,46,902,247,247,0,1.7458126089168,13.886433584887568,23.709788444974453,13.661130174874994,2.0683701124839446,13.661061281230033,0.01445241909492978,2,1,0.04284980927714898,0.02894628044919558,0.10318056858145802,2.407958642571656,True,True,1.5582722720639763e-14,5.3590547049552e-15,1.463221719554628e-14,True,0.1545737809145245,0.36898991146262244,True,A-D|B-A|C-E|C-F|D-B|E-C
3X2,central-parallelepiped,360,10,True,88,673,206,206,0,1.6836642913576092,13.95429620188803,23.742390407572554,13.7517871603798,2.118534422371363,13.751774911583906,0.013444118573550767,3,1,0.042756638591930525,0.016510720442323188,0.10329079079806835,2.4157837051662536,True,True,3.356914957380087e-14,3.045817500343561e-14,1.4113375874265714e-14,True,0.11883491840235728,0.3676539667191418,True,A-C|B-D|C-C|D-A|E-E|F-B
3X2,rectangle-same,180,10,True,66,228,90,90,0,1.8490288174780845,15.001419059299035,21.420723670253388,14.766910891739556,2.4100086149546383,14.766870806393865,0.011539030922809168,3,1,0.042753447710740286,0.02513587355028177,0.10245560381997404,2.396429043878857,True,True,1.297498492879253e-14,1.0503349403995464e-14,7.61773491268772e-15,True,0.05851513060125445,0.36898991146262244,True,A-D|B-A|C-A|D-C|E-B|F-C
rectangle-same,hexagon,180,10,True,20,565,108,108,0,1.9416235758344045,15.38566085728284,26.472950453824012,13.483536990387835,6.086792548550397,13.481514906558504,0.08350350934922979,2,1,0.04244487743203821,0.03979369599416467,0.10900622832333988,2.5755603582370443,True,True,1.3005493894345751e-14,1.0572360710665009e-14,7.574170610664344e-15,True,0.08188232597417444,0.39028483721018153,True,A-B|A-E|B-D|C-C|C-F|D-A
cross,hexagon,360,10,True,8,1282,257,257,0,1.6581224799540648,14.085668272564991,25.507721113128387,13.047100791136918,4.646491966014548,13.0462564822067,0.07933910717518433,3,1,0.04241361991391426,0.01221931994170765,0.1044833138048053,2.4634377828837093,True,True,1.4134320791860543e-14,1.0950198975068616e-14,8.937122951690183e-15,True,0.06708926685656628,0.45673777918439046,True,A-D|B-E|C-A|D-B|D-F|E-C
hexagon,rhombus-ext,180,10,True,40,609,99,99,0,1.5094487113204198,14.033983407486348,23.778291606730487,13.900500043872494,1.5662648914270072,13.900466132499439,0.010714713276707144,2,1,0.04231136305856178,0.02026987389538175,0.10247403332237669,2.4219033827992194,True,True,7.401376964198809e-15,6.654164094267612e-15,3.2407531798537936e-15,True,0.052972451291152654,0.3902008642505306,True,A-D|B-A|C-B|D-C|E-D|F-A
rhombus-ext,pyramid,180,10,True,16,465,123,123,0,2.0771314640356735,12.963532877613611,25.737129838996534,12.78642501508109,1.734959810867013,12.78642501508109,0.013232493802027179,1,1,0.042309969137474694,0.020188868853876905,0.10236816415541307,2.4194809460341524,True,True,6.443644770556742e-15,6.244958254052481e-15,1.5877828359901879e-15,True,0.2057413590396566,0.4179157688864527,True,A-D|A-F|B-B|C-A|D-C|D-E
parallelepiped-int,central-parallelepiped,78,10,True,18,336,42,42,0,1.8523305284727722,13.65031218514775,23.271376597091997,13.47744485239732,2.0461129134073124,13.477418614162197,0.017846361559194612,6,1,0.04227842745189551,0.009847640245461817,0.10236479594560516,2.4212063247166906,True,True,1.8725615406996366e-14,1.0058400026574543e-14,1.5794849200804196e-14,True,0.360508470545832,0.41302574003819187,True,A-A|B-B|B-C|C-C|C-E|D-D
vertical-parallelepiped,rhombus-ext,180,10,True,44,490,100,100,0,1.6276897314476624,14.039168275235362,23.246495978281533,13.91906477577664,1.5682541866527169,13.919034357869212,0.014070137596815968,1,1,0.04223290358374588,0.021402664248659137,0.10203979103580309,2.4161206636778583,True,True,8.542632327376814e-15,7.160723346098895e-15,4.658391164487759e-15,True,0.06858181942565879,0.4804999201258812,True,A-C|B-D|C-A|D-D|E-A|F-B
triangle,2X3,90,10,True,30,125,48,48,0,1.806960254392499,13.981087045810844,23.601977577727588,13.906648650988696,1.281755352867467,13.906623347585118,0.013306130041801367,2,1,0.042197781766710754,0.014501214385939525,0.10202209178197312,2.417712199802335,True,True,5.5288660751834285e-15,4.550560269027492e-15,3.1401849173675502e-15,True,0.18632900272679512,0.48333701435588255,True,A-C|A-E|B-B|B-D|C-A|C-F
pyramid,pentagon,360,10,True,1,1422,282,282,0,1.908328327917473,16.561110818122167,22.884748165217133,14.408428074077282,6.863639754246033,14.406709494985218,0.09499693435815981,2,1,0.042189955363223036,0.034442503291525844,0.10667779862841476,2.5286164186507105,True,True,7.133128933837889e-15,3.972054645195637e-15,5.924889052322839e-15,True,0.0888732057210834,0.3581303928054846,True,A-E|B-A|C-C|D-E|E-B|F-D
central-trapezoid,two-triangles,360,10,True,16,1523,243,243,0,1.5610357637272139,13.836077300666194,24.100700936257486,13.67682222233383,1.6745953821793484,13.676819459461193,0.010841041994728684,2,1,0.04217399665321412,0.016615608761011504,0.1025006078557893,2.4304219659005835,True,True,1.2282900639650168e-14,7.993605777301127e-15,9.325873406851315e-15,True,0.06725787130427473,0.443009111449057,True,A-A|B-B|C-F|D-D|D-E|E-C
pyramid,2X3,720,10,True,64,1451,548,548,0,1.8826738799540148,16.531667179121282,22.589858185997585,14.847322900524667,6.960784449973343,14.84728332190593,0.09656627359510672,1,1,0.04195537193082813,0.04576816532683105,0.10622614644234253,2.531884274973839,True,True,9.68888268694076e-15,7.742959950613002e-15,5.824175385795272e-15,True,0.15695969043670036,0.4475031594694418,True,A-F|B-D|C-B|D-E|E-C|F-A
central-trapezoid,central-parallelepiped,168,10,True,18,585,109,109,0,1.52514318793741,13.867138140113209,23.76493390709823,13.621624143008054,2.1055382718518683,13.62162363512745,0.012308996502273573,3,1,0.04184066644907499,0.019279402257146614,0.10069856626453816,2.406715160407403,True,True,5.0242958677880805e-15,3.972054645195637e-15,3.076740298213702e-15,True,0.26852051181731756,0.4652866157331114,True,A-B|B-E|C-C|D-A|D-D|E-C
hexagon,rhombus-int,180,10,True,28,747,102,102,0,1.6311939921566974,13.959230367268443,23.780706104981405,13.865075905595793,1.4023677210968577,13.865052023181027,0.011233171887164772,1,1,0.04175434537350945,0.021233348347272685,0.10106692501566196,2.4205127421248633,True,True,8.739789604924897e-15,7.793734002518813e-15,3.954950396191509e-15,True,0.05431799011643127,0.4475031594694418,True,A-B|B-C|C-B|D-A|E-D|F-C
3X2,vertical-parallelepiped,720,10,True,136,1507,462,462,0,1.6325077303126303,13.873933670332502,23.981084871536694,13.655125595665607,1.9038631511086532,13.655105107312135,0.013536653220283412,1,1,0.04156188835085939,0.019624526958548383,0.10027294289204806,2.412617589594547,True,True,7.757385465692694e-15,5.617607826891398e-15,5.3497206998673084e-15,True,0.1356867343664309,0.3676539667191418,True,A-E|B-F|C-B|D-A|E-D|F-C
2X3,rhombus-int,180,10,True,64,435,77,77,0,1.853143884130602,13.905523976022018,22.906550951466613,13.639344204657062,2.097286281604021,13.639343870119529,0.016745642206656086,2,1,0.04153363661407243,0.033306772107388465,0.10051570915062236,2.420103736270607,True,True,7.96436617978013e-15,5.837123592330684e-15,5.418405375521665e-15,True,0.2896813514507822,0.45336865794965664,True,A-A|B-D|C-B|D-C|E-B|F-C
rectangle-same,central-trapezoid,78,10,True,4,325,47,47,0,1.9492766947859228,15.31724036804879,26.384413124681085,13.301505425090461,6.140862935684424,13.301309068765933,0.09174838744866598,1,1,0.041440199079208276,0.039628971498726434,0.10617929983387828,2.5622294823180867,True,True,1.064354852757301e-14,5.17269292770965e-15,9.30206284296253e-15,True,0.11188183245892332,0.4531133653291396,True,A-C|A-D|B-D|C-A|C-E|D-B
parallelepiped-int,3X2,180,10,True,52,616,74,74,0,2.129404048809563,13.773267466087528,23.688554463999054,13.704689060748105,1.378015296439429,13.704662436940431,0.017852692055368102,3,1,0.04134777538170115,0.009875163040395176,0.09950596065565329,2.406561410790932,True,True,1.1563387195582508e-14,8.188600426433445e-15,8.16448078515563e-15,True,0.07891842195678764,0.4711911804049626,True,A-C|B-A|B-F|C-B|C-D|D-E
parallelepiped-ext,cross,78,10,True,8,284,49,49,0,2.182423793138072,14.47680046754823,22.52201524345511,14.332648753951037,1.8233134996575082,14.33262264949374,0.021375109397605563,2,1,0.04130655681980317,0.010083187093473502,0.10089078428879723,2.507735992008271,True,True,5.738091871802349e-15,4.534279142523387e-15,3.516533945083079e-15,True,0.21660646583585969,0.45336865794965664,True,A-A|A-C|B-D|C-D|D-B|D-E
triangle,central-parallelepiped,36,10,True,4,193,19,19,0,1.814205330218984,13.884617478181644,23.684494440930944,13.838990649011047,1.250523019261756,13.838959074845485,0.01275425131206731,3,1,0.04120840282331416,0.005780059878357412,0.09983797780524498,2.4227577621319605,True,True,9.780050345373876e-15,6.4047456679787536e-15,7.391117485641469e-15,True,0.06499494250692572,0.4844774206952201,True,A-C|A-E|B-A|B-B|C-C|C-D
horizzontal-parallelepiped,rhombus-int,180,10,True,44,529,105,105,0,1.542270847460782,13.89521196944641,23.42249198768867,13.785894206112154,1.6313103568105614,13.78582643596869,0.012325940651390255,2,1,0.04115357730634605,0.021578719203708928,0.09897120143547368,2.4173142360156232,True,True,7.938676889518328e-15,5.773159728050814e-15,5.449148328921195e-15,True,0.08608834522975141,0.4375415187649024,True,A-B|B-D|C-B|D-C|E-C|F-A
parallelepiped-int,hexagon,180,10,True,24,519,124,124,0,1.7659573814150187,13.88838090310236,23.597726077743353,13.651739199224414,1.8553045854933046,13.651707681423963,0.01764267017214216,1,1,0.04115200491285905,0.012567951445802516,0.09919932751012633,2.4167210709650657,True,True,1.246271706599451e-14,5.691449808321057e-15,1.1087232104830897e-14,True,0.16656293523757876,0.4746754459601224,True,A-B|B-C|B-E|C-D|C-F|D-A
two-triangles,cross,360,10,True,4,1657,247,247,0,1.583423306351206,14.475670241912077,23.022177229594895,14.365940400959367,1.4683868723600593,14.365896958095902,0.01293167514913307,1,1,0.04104218705645649,0.01478153981359015,0.09921233813532543,2.417325811581427,True,True,5.968535334798984e-15,4.585096051851447e-15,3.8210349694867075e-15,True,0.06870619841975627,0.503420624847555,True,A-D|B-A|C-B|D-C|E-E|F-D
pyramid,arrow,360,10,True,37,583,278,278,0,1.7126434278994178,16.81122529737644,22.743961306632112,14.949355146681565,6.629124420894628,14.948071554525638,0.10166623872718006,2,1,0.04103613550160324,0.018120166287185328,0.10112272239768574,2.560261412995554,True,True,4.742874840267547e-15,3.8968670012594065e-15,2.7035697373913694e-15,True,0.1032572795041736,0.42827695480702754,True,A-A|B-C|C-D|D-C|E-B|F-E
pyramid,hexagon,720,10,True,0,2048,559,559,0,1.6778322343484458,16.900173748218048,23.35502987723013,15.338719185963651,6.93615788805636,15.337632518900442,0.10421989921565622,6,1,0.040968477617942,0.02478316420918741,0.10441263061843788,2.548608996217881,True,True,1.7718342960297988e-14,9.15618536723544e-15,1.5169177524822e-14,True,0.06356316069059956,0.39300248433366436,True,A-C|B-E|C-A|D-B|E-D|F-F
rhombus-ext,triangle,15,10,True,1,51,10,10,0,9.197986638718143,14.133006026579425,23.43888709891022,14.106122590122505,1.0773476995753446,14.106087546249734,0.011346597315277762,1,1,0.0408363847824005,0.008527042602050972,0.09896535210056913,2.4234601722927445,True,True,8.738213864408936e-15,4.915166856007381e-15,7.224784863077589e-15,True,0.07252816243454502,0.4758850463581296,True,A-A|A-C|B-B|C-B|D-A|D-C
rhombus-int,arrow,78,10,True,6,365,45,45,0,1.5652058016578163,13.841904791271778,23.40475110026429,13.704471469788375,1.4903378686802484,13.704386915716738,0.013913778543594546,2,1,0.040613321508837695,0.012955027120895392,0.09779044169544336,2.407841517571115,True,True,4.332127961711287e-15,1.9557620517620294e-15,3.8655306845927855e-15,True,0.07627084357870759,0.4179157688864527,True,A-E|B-B|B-D|C-A|C-C|D-C
central-parallelepiped,central-trapezoid,168,10,True,18,519,109,109,0,1.5525034118621,13.933287745463089,23.7065350714667,13.673095051950476,2.097448024206316,13.673091775109333,0.01191109087754505,1,1,0.04060663073395867,0.02491391435112618,0.09787287526943887,2.4102683108743954,True,True,7.94869458114149e-15,7.039830233278334e-15,3.690871960782222e-15,True,0.16766592184114334,0.49573600680125657,True,A-B|B-E|C-A|C-C|D-D|E-D
parallelepiped-ext,wave,78,10,True,22,124,46,46,0,1.5605931418628693,14.213693109854532,23.290679857155446,14.136695599018712,1.5211693533886539,14.13668144588443,0.01298565219798764,2,1,0.04055624544982522,0.005477253104442284,0.09970444961926371,2.507374337102608,True,True,0.2549784085053328,0.058440075846887075,0.2481909473347537,True,0.3283952935169957,0.49573600680125657,True,A-A|A-B|B-C|C-D|D-C|D-E
rectangle-opposite,wave,78,10,True,22,228,40,40,0,1.7096845359357653,13.89485944941692,22.978853488696455,13.78825163917301,1.6113608444586958,13.78821284156057,0.018825449505935232,1,1,0.040554652793758195,0.019871224203027543,0.09805644649995243,2.4178840094778073,True,True,7.591847593814708e-15,6.646518689688359e-15,3.6687789788066426e-15,True,0.10229393814506535,0.5174248366170574,True,A-A|A-C|B-B|C-C|D-D|D-E
parallelepiped-ext,vertical-parallelepiped,180,10,True,24,656,114,114,0,1.629224315522675,13.752752572110207,23.72009366782341,13.565803781102332,2.1101802478013765,13.565778670860682,0.017216766991490218,5,1,0.040072152679277065,0.014937775625492608,0.0971374257907302,2.4907966189091604,True,True,7.529898907871222e-15,7.007609531788139e-15,2.7555010819726127e-15,True,0.11619547162809919,0.3914966099903299,True,A-E|A-F|B-A|C-C|D-B|D-D
vertical-parallelepiped,wave,360,10,True,36,1325,228,228,0,1.6545024584369574,14.072514173454616,23.44764052844541,13.958446342134948,1.532263022608212,13.958427395697663,0.013448133565651332,1,1,0.03997148542079463,0.012949284411846989,0.09623484572412434,2.4075874266623942,True,True,6.897455999514373e-15,6.1700619622259915e-15,3.0830560565012054e-15,True,0.1037139264412211,0.4503388968118645,True,A-D|B-B|C-C|D-C|E-E|F-A
central-trapezoid,2X3,360,10,True,44,1185,227,227,0,1.5559914777042063,13.64244565538927,23.560565950765042,13.433953054619444,2.070024468775306,13.433949824252386,0.01305818707450257,3,1,0.03980707664312874,0.022167055757825842,0.0955647044128293,2.4006963703858193,True,True,7.308101564277231e-15,5.197930934883577e-15,5.137106429690907e-15,True,0.26852051181731756,0.4652866157331114,True,A-D|B-F|C-B|D-A|D-C|E-E
rhombus-ext,cross,78,10,True,24,149,38,38,0,1.6957359725428776,14.606518680072638,22.586970390025172,14.515542137871714,1.6012801457504724,14.515517530681743,0.011805608812748503,2,1,0.039609920091590395,0.009960119594463546,0.09575453313012103,2.417438179847546,True,True,3.520011695190434e-15,3.1150320826386944e-15,1.6392246515987586e-15,True,0.18095749083124457,0.45673777918439046,True,A-C|A-D|B-E|C-A|D-B|D-D
rectangle-same,horizzontal-parallelepiped,180,10,True,26,539,109,109,0,1.806055403358423,15.271157749979256,25.659897368663042,13.21117199241494,6.140227051700794,13.208574160460445,0.08520595786074558,1,1,0.039577665633022625,0.0533620009071098,0.10144525893379286,2.578089999619561,True,True,1.3132296230178507e-14,1.1297789345676962e-14,6.694561985512475e-15,True,0.1260039589860245,0.32651322683833955,True,A-A|A-D|B-F|C-C|C-E|D-B
cross,2X3,360,10,True,48,697,247,247,0,1.7147079917112633,13.960288288358578,25.0210072855691,12.948448131333418,4.696684586944219,12.947418563572374,0.07376659167835875,8,1,0.039330413994970635,0.016931741308658984,0.09686659643049751,2.4628928758005015,True,True,1.570092458683775e-14,1.3053503572900977e-14,8.72496861620875e-15,True,0.2846353301552453,0.4475031594694418,True,A-D|B-E|C-B|D-A|D-C|E-F
central-trapezoid,pentagon,168,10,True,0,671,120,120,0,1.5596051262871955,13.932926232537671,23.475572968113013,13.795456934506042,1.8141251849191213,13.795422461278667,0.011480651320900037,11,1,0.03924320274104731,0.01238595596842315,0.0954266007643417,2.434082203887461,True,True,5.721689223181559e-15,3.9968028886505635e-15,4.0943002132167226e-15,True,0.07658350459998513,0.45931210206367873,True,A-E|B-D|C-A|D-B|D-E|E-C
rhombus-ext,trapezoid-ext,34,10,True,6,91,21,21,0,9.163419612560086,14.717106806671357,22.601313905553003,14.681000383457224,1.043755307141561,14.680965579123228,0.009968961208780769,1,1,0.03921642808510347,0.006800099882851231,0.09514699033079371,2.426202358978627,True,True,4.699798436761765e-15,3.972054645195637e-15,2.5121479338940403e-15,True,0.1394761916589179,0.5104643952920104,True,A-B|A-D|B-A|C-A|D-C|D-D
rhombus-int,pentagon,78,10,True,0,333,58,58,0,1.7738052620460074,13.84672327755157,23.12206133528442,13.648546456678078,1.9267404373214974,13.648494737092134,0.010415172894106206,3,1,0.039017309948150045,0.019432519227574486,0.094059476810654,2.4203966679119353,True,True,1.3191025291595806e-14,9.165393714527746e-15,9.486764796347357e-15,True,0.20986705962585253,0.4638242869521035,True,A-C|B-A|B-E|C-B|C-E|D-D
rhombus-int,3X2,180,10,True,72,199,87,87,0,1.5057105526371428,14.215103844451358,23.74425033506897,14.170362031813896,1.2712921240462132,14.170359541745091,0.01293907606853928,2,1,0.038913790046546305,0.010305950480068856,0.09469094976048131,2.4333520237226383,True,True,1.5473279103748117e-14,1.4663352293363957e-14,4.9404924595819466e-15,True,0.11843945761752434,0.5202372758899162,True,A-C|B-A|B-D|C-B|C-E|D-F
two-triangles,two-triangles,720,10,True,168,1515,456,456,0,1.5641542859160993,13.900220889030306,23.310379081271922,13.74593770887259,1.8799169287504365,13.745921387787927,0.011502150200831451,2,1,0.03882168883669818,0.02186394257156988,0.0933105924695652,2.4035686047063107,True,True,1.2403032891190051,0.2580077044198279,1.21317116412295,True,0.0682571759871168,0.4446994208396341,True,A-C|B-B|C-F|D-E|E-A|F-D
rectangle-opposite,3X2,180,10,True,76,111,93,93,0,1.7822974470518669,13.759606819401437,23.123187808405,13.58680947212616,2.1691711476815425,13.58676755147663,0.01599695528333811,2,1,0.03857607630655951,0.0313230176877648,0.09248469302470484,2.397462414003434,True,True,7.324948293788351e-15,6.646518689688359e-15,3.078742732723249e-15,True,0.22887341196288286,0.3846245126357791,True,A-E|A-F|B-B|C-A|D-C|D-D
parallelepiped-int,horizzontal-parallelepiped,180,10,True,28,609,116,116,0,1.8994152393023607,13.759182043198656,23.266814063318726,13.5065662833301,1.9485916501735376,13.506561164202978,0.01676779443691956,6,1,0.038470134884386414,0.015096959807076028,0.0933141809948749,2.4256265613653367,True,True,6.778727589240029e-15,4.351167857633658e-15,5.197930934883577e-15,True,0.3993734976213054,0.3914966099903299,True,A-A|B-E|B-F|C-B|C-D|D-C
hexagon,central-parallelepiped,360,10,True,68,1418,212,212,0,1.5927975953932991,13.807480026442647,23.771016741308188,13.644190276781993,1.7109698465345258,13.644184131845673,0.012623322194486697,1,1,0.0382970461206952,0.019670370186166013,0.09252025482704308,2.415858772383137,True,True,8.005932084973442e-15,6.936895214610187e-15,3.9968028886505635e-15,True,0.051927234131438064,0.5143179217989187,True,A-C|B-C|C-B|D-A|E-D|F-E
hexagon,hexagon,720,10,True,240,1449,354,354,0,1.5991420574081971,14.03608016600008,23.691766151423394,13.925931998651693,1.5495047703208558,13.925921718103488,0.012012635821319506,5,1,0.03813633408577928,0.019997285180628457,0.09194574617061024,2.410974950130197,True,True,5.558881251808166e-15,3.7829128801460545e-15,4.073172094686082e-15,True,0.05347087441843982,0.3902008642505306,True,A-F|B-D|C-B|D-E|E-A|F-C
pyramid,base-trapezoid,360,10,True,21,1056,258,258,0,1.9698766190144577,16.86107045386996,23.051255892637947,14.580741765875755,7.13700435602375,14.58026898383611,0.10737309243715298,3,1,0.038111095162218854,0.029928537069021256,0.09598249278464907,2.5238473461466264,True,True,1.6013499913863808e-14,1.0604954704687877e-14,1.1998629721882189e-14,True,0.13150671008127005,0.3846245126357791,True,A-B|B-E|C-B|D-A|E-D|F-C
pyramid,trapezoid-ext,180,10,True,13,502,125,125,0,1.883088387500675,17.614392931543374,22.628461267401146,16.480710833187604,6.953380816029842,16.480050392437242,0.11397668158707752,1,1,0.03810961880639629,0.009997342804042285,0.09741026507968162,2.556054563928946,True,True,8.379058453350832e-15,3.972054645195637e-15,7.377764055609925e-15,True,0.051872115015222965,0.4730200026041888,True,A-C|B-D|C-A|D-B|E-D|F-A
base-trapezoid,central-parallelepiped,168,10,True,12,713,88,88,0,1.739402315754132,15.4174051937346,26.35680166449822,13.551057272547164,6.236045249164799,13.551057272547164,0.10075470560382982,8,1,0.038024647740881344,0.021852040335444974,0.09796224315770154,2.5762827265426482,True,True,1.0843872863719266e-14,8.140289677804162e-15,7.16416517438997e-15,True,0.07176213543832696,0.4499078879065762,True,A-B|B-A|B-E|C-C|D-C|E-D
rhombus-ext,central-parallelepiped,78,10,True,22,73,48,48,0,1.6845326017487536,14.069469752521568,23.193466166886957,13.994167357348857,1.7805093645751682,13.994143792093567,0.013782590844527931,1,1,0.03777303685718666,0.013695185138119223,0.09191840363363295,2.4334395982287735,True,True,8.827189455881117e-15,8.565282493038633e-15,2.1342936781203964e-15,True,0.46732105530054263,0.5604410305501056,True,A-B|A-C|B-A|C-C|D-D|D-E
pyramid,3X2,720,10,True,30,2035,560,560,0,1.6721461851724015,16.844984131545008,22.967464923854415,15.289605787867657,6.703093187176322,15.288952323440137,0.1036001379753575,1,1,0.03771615085003694,0.019218878268679858,0.09614705262891891,2.5492275977792347,True,True,9.934155977529418e-15,8.56905919174827e-15,5.025801384276737e-15,True,0.12196085419772039,0.3846245126357791,True,A-B|B-F|C-D|D-A|E-C|F-E
2X3,triangle,90,10,True,30,127,46,46,0,1.814868554354538,14.149759071777085,23.309922403462878,14.017459280220429,1.4225886502839746,14.017377167061156,0.020967768957783406,2,1,0.03746919168702295,0.014504530092268805,0.09059724841819065,2.417913073090606,True,True,1.1161206134540914e-14,4.66359750364203e-15,1.0140186423421296e-14,True,0.16731656776943923,0.44570029637104946,True,A-B|B-A|C-C|D-C|E-B|F-A
pyramid,central-parallelepiped,360,10,True,10,1321,266,266,0,1.6608979083775455,16.633327666639172,22.828348547614645,14.46689980917929,6.899209647314471,14.466410742759242,0.0990813268734847,1,1,0.037457997350834125,0.021879521997811416,0.09553879817302925,2.5505580898574594,True,True,1.375669622984933e-14,1.2656542480726785e-14,5.3906051231665125e-15,True,0.09046142671918218,0.4305510598091942,True,A-C|B-B|C-D|D-A|E-C|F-E
rhombus-int,base-trapezoid,78,10,True,12,431,30,30,0,1.7510938473028907,14.819299049060769,21.887789353178253,14.561075768616549,1.904093173877666,14.561020966021232,0.014599668376968467,3,1,0.03731596670583865,0.01955846599467981,0.08993029646085493,2.409968289707579,True,True,1.0088378597433515e-14,6.217248937900877e-15,7.944885044437398e-15,True,0.07137044323276476,0.4759218661878611,True,A-B|B-A|B-E|C-C|C-D|D-B
pentagon,3X2,360,10,True,0,1726,231,231,0,1.581253534128422,13.847416916801203,24.596665691297062,13.582492699093624,2.3481763501944397,13.582340640456042,0.022560643886913923,1,1,0.0372584642637017,0.024953955710729038,0.09006269147597241,2.417241108987795,True,True,4.534279142523387e-15,4.070144838902081e-15,1.9984014443252818e-15,True,0.09080452716736395,0.44828351572191477,True,A-A|B-F|C-B|D-D|E-C|E-E
two-triangles,rhombus-int,180,10,True,24,808,100,100,0,1.6032924579360337,13.912013805346051,23.69011929961933,13.81857228496098,1.617288523331381,13.818526159913247,0.01267454365257592,5,1,0.03717471870569641,0.018458779305135904,0.0894762388224491,2.40691098514589,True,True,8.152394204457378e-15,7.160723346098895e-15,3.8968670012594065e-15,True,0.05975177804465073,0.4804999201258812,True,A-C|B-A|C-B|D-D|E-C|F-B
wave,central-parallelepiped,168,10,True,52,562,92,92,0,1.5978903526665136,13.836902160957994,23.191000399138716,13.764508339681885,1.3864639328920854,13.76450742937611,0.010091299448067304,1,1,0.037103274709709505,0.012338995763030923,0.08963851596537127,2.4159192595987733,True,True,9.046955311296225e-15,4.0217819489551846e-15,8.103867617357112e-15,True,0.09379799337059261,0.41981971932396717,True,A-A|B-C|C-B|C-E|D-D|E-C
triangle,arrow,36,10,True,0,110,24,24,0,1.6197889311178846,14.14391450329544,23.74030228592045,14.023211467566297,1.3756308127394967,14.023210824358069,0.014601980840386553,2,1,0.03690403376985519,0.007037367563639564,0.08983014264633818,2.4341551172033484,True,True,5.930087692484439e-15,2.0350724194510405e-15,5.569956937728074e-15,True,0.238359797770778,0.42238175706989983,True,A-C|A-E|B-B|B-C|C-A|C-D
vertical-parallelepiped,triangle,90,10,True,18,283,46,46,0,1.6068020021153018,14.138630771745335,23.42664504293755,13.99917197617388,1.3580136056271772,13.99916582014542,0.01608183064849733,1,1,0.03689209728220485,0.011421355288750787,0.08913416351347511,2.4160774279555413,True,True,1.040534282191528e-14,9.607118501968132e-15,3.9968028886505635e-15,True,0.07954844121285529,0.44570029637104946,True,A-A|B-C|C-C|D-A|E-B|F-B
triangle,two-triangles,90,10,True,8,375,47,47,0,1.6712526009980748,14.041755697803756,23.896731204955902,13.965689701569444,1.3578653354993342,13.965675376973707,0.011691267612496503,3,1,0.03673885386481489,0.009417918206662119,0.08876435974224454,2.416089518439086,True,True,1.4219525687218284e-14,1.312131443737577e-14,5.479600186598906e-15,True,0.07449841166953249,0.4789466625014645,True,A-A|A-E|B-C|B-D|C-B|C-F
triangle,horizzontal-parallelepiped,90,10,True,6,236,60,60,0,1.640800514593384,14.034376660716765,23.815654558135655,13.947056752944004,1.3739293372437538,13.94702165842583,0.012476318990268354,1,1,0.036736709154262664,0.010729001626658343,0.08860945053686037,2.412013829675834,True,True,2.8435583831733384e-15,1.2560739669470201e-15,2.5510982866352577e-15,True,0.09271964487101808,0.4789466625014645,True,A-A|A-D|B-B|B-F|C-C|C-E
rhombus-int,central-trapezoid,78,10,True,2,252,53,53,0,1.7695490576830861,14.075765282623578,23.66243527696569,14.009284592925678,1.4886115981630836,14.009273689492222,0.013045793166303277,2,1,0.036655219196608003,0.011870170003501754,0.08897244533888668,2.427279042083044,True,True,1.406965375101583,0.48384227146445685,1.3211541254065906,True,0.05375680564029892,0.3832241553251438,True,A-D|B-A|B-B|C-D|C-E|D-C
horizzontal-parallelepiped,rhombus-ext,180,10,True,40,525,100,100,0,1.6333281275954226,14.020167900178796,23.284585156123665,13.841892502864352,1.8431180588292013,13.841889887245928,0.012792704010834655,5,1,0.03665227169728256,0.014700188328992255,0.08836626980791791,2.4109356859992253,True,True,8.323397210611374e-15,3.3268455253443047e-15,7.629615978285524e-15,True,0.06045846687354533,0.36990647383846204,True,A-D|B-A|C-B|D-A|E-C|F-D
rectangle-opposite,rectangle-opposite,34,10,True,18,38,12,12,0,2.925904390408577,14.059837450741929,21.971088546165344,13.724844112638223,3.2644892695351544,13.724841104808633,0.005652103855450008,2,1,0.03641175546248653,0.05147136009388496,0.08724392479643613,2.413274981024447,True,True,9.743583085274207e-15,7.112587107991562e-15,6.659468144745034e-15,True,0.5202002136937297,0.4182034220705242,True,A-A|A-D|B-B|C-A|D-C|D-D
wave,rectangle-same,78,10,True,6,241,57,57,0,1.9971891034762388,14.803421561355755,21.48867804919593,14.76538858726861,1.685040608090711,14.765366471642096,0.011562851653113881,1,1,0.03637737500758534,0.013376879515202222,0.08773944678216307,2.4225254070689743,True,True,1.605462435032352e-14,1.4465422102302595e-14,6.9643755234921435e-15,True,0.16660526615856278,0.41981971932396717,True,A-A|B-A|C-B|C-D|D-C|E-C
3X2,base-trapezoid,360,10,True,48,1134,240,240,0,1.8217806347456205,14.77061721147037,22.041261188712387,14.659525382293262,1.6630179979841118,14.659498322923515,0.014067069581138902,3,1,0.03632475595562477,0.016929457444062948,0.08741242822794656,2.406414741911323,True,True,8.876548667924706e-15,7.020034758459179e-15,5.432515830079177e-15,True,0.059540940325468146,0.5018406414030911,True,A-D|B-B|C-A|D-B|E-E|F-C
pentagon,pyramid,360,10,True,1,1361,280,280,0,1.9770889749728235,13.008629408689975,25.946881985826646,12.766505458739784,2.4637999905613412,12.766505458739784,0.017905896227011553,2,1,0.03624367816424389,0.026306034267860483,0.08737821179126228,2.4108538707162737,True,True,6.343200403613137e-15,3.4079506945718548e-15,5.3499591983271305e-15,True,0.05668030598150012,0.3886873512957292,True,A-C|B-F|C-B|D-D|E-A|E-E
vertical-parallelepiped,two-triangles,720,10,True,64,2907,432,432,0,1.542959153438556,13.773179227400961,24.09674106594662,13.586159906606618,1.8571407629441565,13.58612249001097,0.013017966268312975,7,1,0.03621722839663321,0.029355879648871538,0.08746925815877787,2.415128435584792,True,True,7.568472684626862e-15,4.599057840605876e-15,6.010860650248394e-15,True,0.0723815055262892,0.4531133653291396,True,A-D|B-A|C-E|D-F|E-C|F-B
rectangle-same,cross,78,10,True,10,110,56,56,0,2.8853736698347623,16.108830735932703,24.786055153271793,13.857603802700739,6.456317636626982,13.856410652598989,0.11983005116195677,1,1,0.03616835288438082,0.02636786221932536,0.09338946533618822,2.582076812696609,True,True,1.0107451148238712e-14,3.991016288122638e-15,9.286137932529962e-15,True,0.26808156824084334,0.4804999201258812,True,A-D|A-E|B-A|C-C|C-D|D-B
central-trapezoid,base-trapezoid,168,10,True,0,608,122,122,0,1.6332668153967673,14.659880853807909,21.925487607459537,14.53168247676049,1.9120298256508244,14.53164378017486,0.012784485585219052,2,1,0.03598275948369816,0.015583070107780072,0.08726539781170167,2.4252002643442867,True,True,1.2148194064738578e-14,6.854671959125871e-15,1.0029560876096375e-14,True,0.2736025201541049,0.4964675099329778,True,A-A|B-B|C-E|D-C|D-D|E-B
horizzontal-parallelepiped,trapezoid-ext,180,10,True,16,421,128,128,0,1.7514655752773334,14.604950222996242,22.24269082487882,14.530415799125228,1.3753307997446946,14.530400817812808,0.015403067162559125,1,1,0.03587225734124377,0.008949281532584697,0.08658651062122232,2.4137458035480344,True,True,7.17448075233818e-15,6.105217258353122e-15,3.76822190084106e-15,True,0.1456010823447598,0.4819685586958586,True,A-D|B-A|C-C|D-D|E-B|F-A
horizzontal-parallelepiped,triangle,90,10,True,6,223,62,62,0,1.7913570484153678,14.135319573182052,23.7268008442584,14.02796553811847,1.3629443476591592,14.027900127812874,0.016026953273728495,1,1,0.03572443030099976,0.010731439642708169,0.0861470639637474,2.4114328272811263,True,True,0.8426706277309152,0.30894571196830606,0.783993835369138,True,0.12184551932853434,0.46477305989471923,True,A-C|B-B|C-B|D-A|E-A|F-C
wave,vertical-parallelepiped,360,10,True,36,1133,250,250,0,1.5230851957129068,13.799379818021883,23.602020613578624,13.722197397978643,1.4820645181552468,13.722133801014966,0.010465920653537353,4,1,0.03553852594165755,0.01197871970336161,0.0856724052785977,2.4106910179460823,True,True,7.720641304371205e-15,4.550560269027492e-15,6.237042840057389e-15,True,0.14561523052809294,0.4387982942468777,True,A-F|B-C|C-A|C-B|D-E|E-D
pentagon,hexagon,360,10,True,0,1605,253,253,0,1.5792561785190111,13.750600328685175,24.645605477696478,13.457163723834574,2.441539179023,13.456904871092593,0.02085224206653713,1,1,0.035410703590551366,0.024371443859989694,0.08577243854361118,2.4222178563686554,True,True,8.067281120720504e-15,5.773159728050814e-15,5.634860374059478e-15,True,0.05900184959501072,0.49436772221938136,True,A-D|B-B|C-E|D-A|E-C|E-F
arrow,central-parallelepiped,168,10,True,24,929,112,112,0,1.5515365968875583,13.695941563785812,23.334388696712036,13.490103562016065,1.8497245141339962,13.490093923217731,0.014171105857089472,1,1,0.03527096195939569,0.016224679519571402,0.08496339536112597,2.408876612408154,True,True,1.5669491272853754e-14,1.517719948885615e-14,3.8968670012594065e-15,True,0.08951825298704116,0.36898991146262244,True,A-E|B-D|C-A|C-C|D-B|E-C
3X2,cross,360,10,True,62,470,251,251,0,1.7907670163356748,14.793967619174829,23.244052045148244,14.72568345153082,1.3145928962717401,14.72566026335342,0.01275828051766048,2,1,0.0352458639542487,0.006770823016952972,0.08523872580598349,2.424833178108191,True,True,8.564340869107782e-15,7.63737419979469e-15,3.875364480223799e-15,True,0.15067164667027907,0.43765679454837125,True,A-D|B-B|C-C|D-A|E-D|F-E
parallelepiped-int,base-trapezoid,78,10,True,8,152,54,54,0,1.990569735833739,14.996967099219802,21.416846828003404,14.902451652958584,2.2605582961516797,14.902433388052994,0.018657476757187652,5,1,0.03521466540864122,0.009575906592941212,0.08455568148190641,2.4011496488947914,True,True,4.227804052895195e-15,2.6870838645392366e-15,3.2640323856558044e-15,True,0.13759420805983816,0.3846245126357791,True,A-E|B-A|B-B|C-B|C-C|D-D
arrow,triangle,36,10,True,0,109,25,25,0,1.635865832290483,14.215360901971644,23.65618593880683,14.12415479640048,1.410096780417756,14.124152387988966,0.01872911237610353,2,1,0.03517482419092559,0.007036223347597518,0.08560201205702136,2.433615917804786,True,True,7.50613865833002e-15,5.208590938883218e-15,5.4048772409241664e-15,True,0.23373934116623202,0.47087587555643834,True,A-B|B-C|C-A|C-B|D-A|E-C
arrow,trapezoid-ext,78,10,True,8,216,49,49,0,1.797625141285489,14.759686173468573,22.87836177348407,14.679172844353506,1.3692633354057593,14.679125191234633,0.01702049410276807,2,1,0.035125737776929324,0.005813284212287502,0.08545480238691518,2.4328258364167974,True,True,9.77559145421982e-15,9.271299686029629e-15,3.0992241628579337e-15,True,0.052265882659459036,0.46111470751115125,True,A-A|B-C|C-A|C-D|D-D|E-B
base-trapezoid,pyramid,360,10,True,21,997,260,260,0,2.07818888952896,15.181764893651275,27.46752126244701,14.628203669876074,6.127605425209684,14.628203669876074,0.08442820674319229,2,1,0.03507159609808864,0.021554489034766377,0.0888878383326994,2.6108188868465163,True,True,6.904063444675429e-15,6.740980970312105e-15,1.4917330880534969e-15,True,0.05011714727292482,0.3676539667191418,True,A-C|B-B|B-F|C-E|D-D|E-A
central-parallelepiped,cross,168,10,True,30,330,102,102,0,1.8545517183616567,14.650985297452532,22.795016464437936,14.564341942292552,1.3713006879534966,14.564319103873629,0.014018734853865844,1,1,0.034971360879700895,0.013392668478497217,0.08417569756078262,2.4194583343011073,True,True,1.022189278396383e-14,5.634860374059478e-15,8.528507527797939e-15,True,0.2006784227131822,0.45336865794965664,True,A-C|B-B|C-A|C-D|D-D|E-E
pyramid,horizzontal-parallelepiped,720,10,True,20,1999,572,572,0,1.7519931689315882,16.61189894320518,23.012939368769487,14.531073954079957,6.800251729513494,14.529403211915016,0.09629648217459597,2,1,0.03493668295128908,0.031129638471458453,0.08831628942529421,2.5278956662379866,True,True,9.101120538054984e-15,6.646518689688359e-15,6.217248937900877e-15,True,0.17459427540031436,0.32747907437451723,True,A-A|B-E|C-F|D-B|E-C|F-D
rhombus-int,horizzontal-parallelepiped,180,10,True,44,441,102,102,0,1.598077808796616,13.879779715212468,23.434482969314328,13.759135540203696,1.5542584123144902,13.759129332728618,0.012564798228453355,12,1,0.03475905220817017,0.01549119111373843,0.08462634277827961,2.4346562234049656,True,True,6.225174051300269e-15,4.6629367034256575e-15,4.124295487574583e-15,True,0.32549582769136964,0.4179157688864527,True,A-E|B-A|B-C|C-B|C-F|D-D
wave,hexagon,360,10,True,56,569,244,244,0,1.7391975560458235,14.165919239486332,23.946614477388273,14.100004069620296,1.2748164985824972,14.099973183066876,0.012071260337394918,1,1,0.034372602065821344,0.007742267948728752,0.0832161468583085,2.421002247631846,True,True,1.0757138747576288e-14,9.339080995124634e-15,5.338314359524835e-15,True,0.14830984033893477,0.4447467282831025,True,A-E|B-F|C-B|C-C|D-D|E-A
pyramid,triangle,90,10,True,8,287,55,55,0,2.0538699655730284,17.3936253002918,22.886210274712923,16.018530152958643,6.997964207439492,16.0170747793758,0.10896566490593784,3,1,0.034119566638959195,0.008214744327466536,0.08718051487576695,2.5578761029667874,True,True,8.634081047997269e-15,6.646518689688359e-15,5.511002163945225e-15,True,0.17751084053378574,0.4758850463581296,True,A-B|B-A|C-B|D-C|E-A|F-C
two-triangles,central-trapezoid,360,10,True,16,1514,245,245,0,1.553848441219131,13.843879473854784,23.936947526766406,13.680335418360336,1.8127434801629616,13.680311927356879,0.012657503036829887,5,1,0.03394556360564363,0.013999032107148817,0.08220109234879888,2.421556268847235,True,True,6.575670183899639e-15,6.420123230733026e-15,1.4217791915866692e-15,True,0.11271778728158421,0.5325098964202757,True,A-D|B-A|C-C|D-E|E-D|F-B
vertical-parallelepiped,arrow,360,10,True,48,1473,222,222,0,1.5350228010386004,13.802409476655738,23.967048003590197,13.55717097274565,1.818557075800386,13.557122795997905,0.01033658690624506,5,1,0.03365362682214964,0.02447209893638235,0.08116943193669875,2.4119074109205925,True,True,7.160723346098895e-15,6.646518689688359e-15,2.6645352591003757e-15,True,0.09723058338835644,0.32651322683833955,True,A-B|B-C|C-C|D-A|E-D|F-E
base-trapezoid,rectangle-opposite,78,10,True,0,239,56,56,0,2.081802729985289,15.229441021411509,26.401337858955834,13.353078117851446,6.670273242609709,13.351064044960449,0.08871132959583505,3,1,0.0336318553804269,0.03714325330515438,0.08073146855863864,2.5806339121033357,True,True,9.969778034532539e-15,7.793734002518813e-15,6.217248937900877e-15,True,0.34490101821436,0.42664682117134556,True,A-B|B-A|B-C|C-D|D-D|E-A
central-parallelepiped,wave,168,10,True,52,506,68,68,0,1.5257232419107285,14.008560764792797,23.355872138017073,13.919570221465557,1.3939906314944497,13.91952826654623,0.013881014465582986,2,1,0.03338997672875119,0.01233852974457415,0.08065481350330601,2.4155396740320687,True,True,8.51910812704787e-15,7.32410687763558e-15,4.351167857633658e-15,True,0.10134366008909021,0.4668891668184871,True,A-C|B-C|C-A|C-B|D-D|E-E
central-parallelepiped,hexagon,360,10,True,68,1296,215,215,0,1.5350475894259457,13.816692240990733,23.704382111585325,13.70416952759469,1.6200287322242044,13.704153271245186,0.012933773012547611,2,1,0.033378923973233963,0.019670370186165995,0.08063581075586049,2.4157702273602673,True,True,4.854608073107213e-15,2.8435583831733384e-15,3.934640423845914e-15,True,0.08188232597417444,0.5123473140017061,True,A-C|B-B|C-D|C-E|D-F|E-A
arrow,hexagon,360,10,True,28,742,266,266,0,1.5288798454741936,14.06936729725118,23.858376673621414,13.92781334270946,1.6707342851849816,13.927762919088721,0.012899953531551489,3,1,0.033093956976518936,0.015642205060227125,0.07962988400493783,2.418001769106123,True,True,5.365950338995594e-15,4.864753555590494e-15,2.2644195468014703e-15,True,0.1432598174221501,0.46883530201669293,True,A-F|B-C|C-A|C-D|D-B|E-E
3X2,wave,360,10,True,40,1126,241,241,0,1.5809826049707938,14.102011226867115,23.81825041111343,13.997112984381934,1.380734111335187,13.997101286425375,0.015344350381861993,1,1,0.03283225297586282,0.006596028564479238,0.07905748257720487,2.416817412690741,True,True,5.8621457832171254e-15,3.9968028886505635e-15,4.288393621505008e-15,True,0.054384336384523085,0.4375415187649024,True,A-C|B-B|C-C|D-D|E-A|F-E
rectangle-opposite,central-trapezoid,78,10,True,12,328,38,38,0,1.860040844138811,13.766902651240226,23.355138782889096,13.467839563058618,2.478505592219427,13.467818246466704,0.014553937310921583,1,1,0.03282745752477389,0.04116766882607787,0.07878773511518385,2.4000559609505285,True,True,9.039330938768248e-15,7.686240058056171e-15,4.757227931317306e-15,True,0.07556782805543794,0.507168727450094,True,A-C|A-D|B-A|C-D|D-B|D-E
parallelepiped-int,rhombus-int,34,10,True,10,150,14,14,0,9.164048206509575,13.827033051352931,22.721840562859775,13.707352310555791,1.7828646664263816,13.70730881542439,0.017966972300532902,3,1,0.03271168587605105,0.009976413735446837,0.07917559461044367,2.4204070346741093,True,True,7.165146330294735e-15,2.1706208825930276e-15,6.8284498181203014e-15,True,0.11829472262832214,0.45336865794965664,True,A-B|B-A|B-D|C-B|C-C|D-C
base-trapezoid,3X2,360,10,True,48,998,242,242,0,1.6300470868353456,15.440927020298137,26.557999419627215,13.659018887952845,6.081596004517107,13.659018887952845,0.10791998121656121,9,1,0.03259261757343347,0.009145578983070607,0.08441587852684479,2.606599168382919,True,True,0.7907460240369512,0.10695623176758956,0.7834791886300007,True,0.24725144077501493,0.4766607863708305,True,A-C|B-A|B-E|C-D|D-F|E-B
rhombus-ext,parallelepiped-int,34,10,True,10,90,14,14,0,9.110624164014656,13.93056111337167,22.645696052673106,13.8193922439503,1.5185192201779685,13.819391177501199,0.011593412114203616,2,1,0.03251894001303746,0.017206519733953873,0.07802106387350474,2.3992499091982893,True,True,7.61384816758584e-15,6.959070628293959e-15,3.0890160099077764e-15,True,0.07361627029667886,0.4633533918727237,True,A-B|A-C|B-C|C-A|D-B|D-D
rhombus-ext,two-triangles,180,10,True,24,707,105,105,0,1.8536216310936129,13.92260281535234,23.537592394939107,13.785266594932693,1.7126450190942415,13.785239211176561,0.011434608413212644,1,1,0.032476559584732,0.015617572490332689,0.07822197059073342,2.4155253962375443,True,True,6.836666485528232e-15,5.617333549722722e-15,3.8968670012594065e-15,True,0.08661362488053023,0.48728827906722066,True,A-A|A-D|B-E|C-C|D-B|D-F
cross,horizzontal-parallelepiped,360,10,True,28,1096,241,241,0,1.5095292250179426,14.032060021834397,25.110617775420263,12.962895827082843,4.7080465702630585,12.961818962063239,0.07559848421899762,11,1,0.03235575358978116,0.011785389155807069,0.07961701951191064,2.460675789577526,True,True,6.13768602261588e-15,3.739078850772717e-15,4.8672866219197025e-15,True,0.28928446860788837,0.41981971932396717,True,A-A|B-C|C-B|D-E|D-F|E-D
arrow,rhombus-int,78,10,True,6,512,50,50,0,1.5875823976910994,13.765439640668625,23.4282314807473,13.672067611961301,1.5182543262252062,13.67202730409511,0.013620853793971044,1,1,0.03229736557487207,0.019565126711018392,0.07790624296097637,2.412154724519972,True,True,5.527701732125404e-15,5.33390008803221e-15,1.4508605343837075e-15,True,0.05447762345473792,0.49463167676755143,True,A-C|B-B|C-A|C-D|D-C|E-B
base-trapezoid,2X3,360,10,True,100,602,203,203,0,1.8043823538269568,15.22166873633587,26.22497368627906,13.229346998190266,6.213662333373263,13.227291736428263,0.09493346162187155,4,1,0.0322892577035459,0.03415733972405394,0.0837477558173189,2.593672378170589,True,True,1.11465507028995e-14,6.661338147750939e-15,8.937122951690183e-15,True,0.07158729808419431,0.3892155522973273,True,A-B|B-C|B-D|C-F|D-E|E-A
2X3,trapezoid-ext,180,10,True,48,212,115,115,0,1.8916608059995403,14.628891305427821,22.35281818874551,14.525912494173287,1.292283552076459,14.525843875830576,0.021180635649150403,1,1,0.03222307207884946,0.010802698996282351,0.0775849331825075,2.4173206708909922,True,True,1.1137700720795299e-14,7.32410687763558e-15,8.390818541177929e-15,True,0.08102695329584397,0.46111470751115125,True,A-C|B-A|C-D|D-A|E-D|F-B
pyramid,pyramid,720,10,True,106,1393,514,514,0,1.6790588440127756,15.41853941558933,24.403081429239283,14.269469609187812,6.429895071410054,14.268902680509008,0.08290401747930609,2,1,0.03222213153624572,0.018861180552733118,0.08208223485285233,2.5473868716760855,True,True,9.155133597044475e-15,7.377764055609925e-15,5.420799638382024e-15,True,0.16879374364229746,0.4475031594694418,True,A-E|B-A|C-C|D-F|E-D|F-B
2X3,parallelepiped-int,180,10,True,52,318,100,100,0,2.017446181904554,13.747691887295392,22.086937896895584,13.597027624266627,1.9650887788332692,13.596960874594803,0.013875555297020448,1,1,0.03210821186866472,0.03436818559504466,0.07747115808499612,2.412814466339134,True,True,8.861673874142223e-15,2.648085926808746e-15,8.456766803920532e-15,True,0.18937141944918748,0.4499078879065762,True,A-A|B-D|C-B|D-C|E-B|F-C
wave,pyramid,360,10,True,24,725,273,273,0,1.7263128313910405,13.028193532887318,25.697914611660362,12.875026563560795,1.6397209950016063,12.875026563560795,0.011921663555714446,1,1,0.0320140066202849,0.008680374394739199,0.0771835455106947,2.410930516325602,True,True,6.081955350368745e-15,4.845713351197033e-15,3.675492212195508e-15,True,0.0710698709444958,0.41981971932396717,True,A-C|B-F|C-A|C-E|D-D|E-B
rhombus-int,vertical-parallelepiped,180,10,True,40,531,91,91,0,2.4209886494624886,13.984663603074099,23.592839859351457,13.762263779004114,1.9088589989711113,13.762241903677573,0.014170681996944268,5,1,0.0317936845815844,0.017210426158297945,0.07671638115312379,2.4129440221458194,True,True,7.444291678311382e-15,5.9580819677934555e-15,4.463041323674983e-15,True,0.050281674187671106,0.4179157688864527,True,A-B|B-A|B-D|C-C|C-F|D-E
arrow,wave,168,10,True,60,210,86,86,0,1.9162501338070832,14.184641105032266,23.68248381988036,14.07733460391519,1.5023944936004334,14.077313409252884,0.015192281682024245,1,1,0.03164139213827628,0.00998450686218663,0.07652582277657857,2.4185352667844864,True,True,5.858990982136608e-15,4.010656666373001e-15,4.2711132545550575e-15,True,0.2053899118836524,0.4375415187649024,True,A-C|B-D|C-B|C-E|D-A|E-C
vertical-parallelepiped,parallelepiped-int,180,10,True,28,683,98,98,0,1.6685459131121747,13.837095293494276,23.823904908364444,13.6224403450445,1.8820798734384518,13.622435054968928,0.012152153290131196,3,1,0.0314612321659238,0.01357997038698271,0.07590181409642842,2.42064577496322,True,True,7.796167681747382e-15,5.507663714232302e-15,5.5177777168758054e-15,True,0.24486965611257752,0.492171460355549,True,A-A|B-B|C-B|D-C|E-D|F-C
central-trapezoid,hexagon,360,10,True,24,1095,276,276,0,1.5661742032917425,13.926690678287418,23.792760098441114,13.826707489380029,1.4751759572148668,13.826641423359282,0.011712501915468465,4,1,0.03141644086391507,0.011197596126508075,0.07625304459232782,2.42717005795243,True,True,1.0191796722589805e-14,7.655722869891962e-15,6.727750573111751e-15,True,0.1389911784186026,0.5100712246168457,True,A-B|B-F|C-C|D-D|D-E|E-A
triangle,vertical-parallelepiped,90,10,True,18,288,46,46,0,1.5754198733625078,14.000949079565562,23.6931292091662,13.890303207255775,1.435913708310146,13.890286939759424,0.01299689736853793,4,1,0.03125830620126758,0.009741130249010393,0.07555490644246286,2.417114540883184,True,True,6.44694570659875e-15,5.3705425095741715e-15,3.5665644669189445e-15,True,0.09271964487101808,0.4789466625014645,True,A-A|A-D|B-C|B-E|C-B|C-F
hexagon,central-trapezoid,360,10,True,24,1071,273,273,0,1.6408693880202136,13.882680563752954,23.86656816084617,13.774663082878227,1.5778193218297143,13.774609596939557,0.010080265151364287,4,1,0.031076321638265993,0.011201326379505902,0.07540775009040121,2.4265339691151695,True,True,5.063396036227354e-15,1.831026719408895e-15,4.7207330545682824e-15,True,0.14169344449524843,0.5167335944924983,True,A-B|B-C|C-A|D-D|E-D|F-E
cross,cross,168,10,True,60,247,82,82,0,1.5641419123862081,14.916702987030673,24.140381274810444,13.924676433674527,4.805538541153132,13.923681151545365,0.07767734931527492,1,1,0.030861676465543275,0.008335035606517487,0.07571066127340427,2.4532258109158263,True,True,8.260536804688756e-15,7.32410687763558e-15,3.820199830714189e-15,True,0.07420484955753447,0.4944694914980932,True,A-E|B-C|C-A|D-B|D-D|E-D
vertical-parallelepiped,trapezoid-ext,180,10,True,24,621,114,114,0,1.7436919355985288,14.528066477246979,22.600092303298677,14.437553938679153,1.323667658284496,14.43751381602376,0.016532876317956635,6,1,0.030703385720097197,0.007192448250102831,0.07413185070124718,2.4165420901865526,True,True,1.2029224055518356e-14,1.0708623827583198e-14,5.479745167175102e-15,True,0.07778597195691996,0.4505064537163253,True,A-D|B-B|C-A|D-D|E-A|F-C
parallelepiped-ext,3X2,180,10,True,48,526,94,94,0,1.8373928355148195,13.734529987529477,23.652474932469755,13.666226141654635,1.6846419393637302,13.666198964819326,0.02239577079793964,3,1,0.030693620344496044,0.010637189976705416,0.07494177882567335,2.5079417125223715,True,True,8.643592165060223e-15,6.3060918233643004e-15,5.911420424161047e-15,True,0.07134752084699499,0.5037404341867917,True,A-C|A-D|B-B|C-A|D-E|D-F
parallelepiped-int,central-trapezoid,78,10,True,2,305,57,57,0,1.912163097170838,13.841298300768837,23.667427471743014,13.705776952364847,1.820301480129328,13.705760836983876,0.016453097503113412,3,1,0.030677297306422185,0.00709221145144495,0.07464875503086624,2.4333550079471564,True,True,8.106541544978358e-15,4.121307244382789e-15,6.980747984124483e-15,True,0.2427772495051519,0.4661386319733713,True,A-D|B-A|B-B|C-C|C-D|D-E
pentagon,trapezoid-ext,78,10,True,0,281,55,55,0,1.7601364978597465,14.595807747371877,23.209438681508093,14.405072871580144,2.141519127767991,14.404896624373569,0.02960450455388397,1,1,0.03038062053020823,0.00680777341270692,0.0739219599237944,2.433194537626113,True,True,0.23736236048881243,0.08208326892472109,0.22271781953730793,True,0.06976484899795887,0.45961062016147974,True,A-A|B-C|C-D|D-B|E-A|E-D
arrow,arrow,168,10,True,61,112,97,97,0,1.6191871245436131,14.10258002210115,23.71754947711502,13.92611586318952,1.6828632780142732,13.926075744601835,0.014085544579231168,2,1,0.03022787761524731,0.009811966443495827,0.07289461571195499,2.4115029391010254,True,True,7.182207712846219e-15,6.709275326305665e-15,2.5631488888267375e-15,True,0.2334779470746112,0.36898991146262244,True,A-E|B-C|C-C|C-D|D-A|E-B
hexagon,arrow,360,10,True,28,748,262,262,0,1.5444170389567535,14.049135984765666,23.919826060604795,13.873871324321962,1.6071666766480912,13.873846728754138,0.013332199209345141,2,1,0.030194483907666773,0.015656267220834075,0.0726658562305798,2.418083050349023,True,True,7.621218120143787e-15,7.229248575812844e-15,2.4126604949548913e-15,True,0.16315344042725097,0.48362382133638654,True,A-B|B-C|C-E|D-A|E-C|F-D
wave,wave,168,10,True,80,182,68,68,0,1.561606873372055,14.337471039237137,23.788634184452693,14.232865503394237,1.3191742291770767,14.232864986869838,0.012251261366166943,1,1,0.029944182693773393,0.005103978464658969,0.07272978151744212,2.428845103612248,True,True,4.7207330545682824e-15,4.351167857633658e-15,1.831026719408895e-15,True,0.20534341227966443,0.4944694914980932,True,A-B|B-C|C-A|C-D|D-E|E-C
vertical-parallelepiped,parallelepiped-ext,180,10,True,24,705,99,99,0,1.5512609826769685,13.762415757406528,23.834914592228397,13.55441023215745,2.015439056088326,13.554393798600122,0.011599505835102164,2,1,0.029893541080727667,0.03186759841526062,0.07123712029427037,2.383027159676204,True,True,7.17742713407893e-15,3.1703247364162934e-15,6.439293542825908e-15,True,0.1188707553359662,0.3926817942954417,True,A-C|B-D|C-A|D-A|E-B|F-D
central-parallelepiped,triangle,36,10,True,4,146,19,19,0,1.9074944743516895,14.128598573391425,23.57070525322027,13.973289240895733,1.3829701742879572,13.97324735316441,0.015263711611827269,2,1,0.029700106277663372,0.006564639536141648,0.07173211285548457,2.4152140125314068,True,True,1.3823948578094108e-14,1.0546534389844024e-14,8.937122951690183e-15,True,0.12184551932853434,0.46477305989471923,True,A-C|B-B|C-A|C-C|D-B|E-A
pyramid,rhombus-int,180,10,True,12,722,113,113,0,1.9343285578629912,16.910192503686005,22.722021477019076,15.325711046633216,6.87771996279767,15.324970893964313,0.10341505169190413,5,1,0.029616853613148055,0.016044274114717493,0.07543203372306305,2.5469293500365575,True,True,8.103867617357112e-15,2.5121479338940403e-15,7.70465983141898e-15,True,0.0921745280346655,0.4475031594694418,True,A-C|B-B|C-A|D-C|E-D|F-B
3X2,parallelepiped-ext,180,10,True,48,503,83,83,0,1.6679128878104599,13.73625491176527,23.61303721789578,13.674773058495052,1.500038689425956,13.674740092917698,0.014928914527216008,1,1,0.029597316338682202,0.017663008548877063,0.07136178838489945,2.4110898288313116,True,True,7.017331913916471e-15,4.725952219296117e-15,5.187323279977903e-15,True,0.09384963176503709,0.46011384452647847,True,A-A|B-D|C-A|D-D|E-B|F-C
pyramid,cross,360,10,True,21,1061,267,267,0,1.7036677090758225,17.290547556781565,23.08710944365484,16.23934740818261,6.826560018736588,16.238721931247483,0.10903535585631907,2,1,0.02959157581876901,0.010526794233182389,0.07528088084127425,2.549405205008249,True,True,9.441466109136565e-15,3.076740298213702e-15,8.926082647349967e-15,True,0.0921745280346655,0.4475031594694418,True,A-C|B-D|C-A|D-E|E-B|F-D
trapezoid-ext,arrow,78,10,True,8,210,49,49,0,2.021842368537633,14.10778615189109,25.248704295986037,13.10440759309769,4.8439578318943415,13.104122503368549,0.07633939368735998,4,1,0.02958065927472406,0.004499809157607931,0.07280549942207172,2.4612534408346405,True,True,2.737549743767154e-15,1.9860273225978185e-15,1.88411095042053e-15,True,0.16597365966135916,0.46513388365735514,True,A-A|A-C|B-B|C-E|D-C|D-D
pyramid,rhombus-ext,180,10,True,16,606,108,108,0,1.5697198458330617,16.960848281835606,23.131137153247035,15.582727545889849,6.68804979221658,15.581790852050343,0.09610598663400793,11,1,0.029473564367170794,0.012612822470034127,0.07496679010687109,2.5435264351797584,True,True,7.378599352986574e-15,5.891509130072236e-15,4.442279660508709e-15,True,0.06970391706375255,0.36990647383846204,True,A-C|B-A|C-D|D-D|E-A|F-B
2X3,parallelepiped-ext,180,10,True,60,234,98,98,0,4.172040159889302,13.67582281875211,21.892343282646923,13.506889980862148,1.796480639564475,13.506832879521221,0.013381432174968566,2,1,0.02946410563375005,0.04548484884143694,0.07023566194990714,2.383770368697524,True,True,9.637721478018131e-15,8.393216768725385e-15,4.737044179764318e-15,True,0.1188707553359662,0.3926817942954417,True,A-C|B-B|C-D|D-A|E-D|F-A
triangle,central-trapezoid,36,10,True,0,123,28,28,0,1.506787155865827,13.964486802716491,23.93025466540788,13.853635626159924,1.4363504320364027,13.853635582416945,0.01047807393037914,1,1,0.029379193842175404,0.005315166547830346,0.07098592142089077,2.4161970475509333,True,True,3.6577449727828015e-15,2.0082194730147107e-15,3.0571478266715166e-15,True,0.08942109227275438,0.483970554010485,True,A-D|A-E|B-B|B-C|C-A|C-D
parallelepiped-int,pyramid,180,10,True,4,632,137,137,0,2.0975898677996554,12.86548073912098,25.33411927075599,12.72645315943305,1.8080467400099054,12.726436741200963,0.015408936604721646,3,1,0.029362092019772752,0.011680536653529448,0.07093830231223991,2.415982562293902,True,True,8.0315471365326e-15,7.285983984000514e-15,3.379376686791958e-15,True,0.17997001355847725,0.41302574003819187,True,A-C|B-A|B-D|C-E|C-F|D-B
triangle,pyramid,90,10,True,8,313,51,51,0,1.7462517823197732,13.058263047459818,25.45162218177404,12.976220278324458,1.370723554318203,12.976220278324458,0.015774654987477987,11,1,0.02935204641886135,0.003256669230571467,0.07121612972893775,2.426274771873314,True,True,8.227644038804674e-15,5.347542221830668e-15,6.252832847199451e-15,True,0.070358301045685,0.35550131757420805,True,A-A|A-E|B-B|B-C|C-D|C-F
hexagon,parallelepiped-ext,180,10,True,24,539,117,117,0,1.6395610793003779,13.751878727670654,23.395056178789382,13.629757024231616,1.9199618831238148,13.629753406384303,0.01096503102902524,1,1,0.02916972091940496,0.016845688722033687,0.07040090206307507,2.4134924793278136,True,True,1.6399817017599272e-14,1.5288517075361068e-14,5.9342433255750245e-15,True,0.0897776196164129,0.47373027955746566,True,A-D|B-A|C-A|D-D|E-B|F-C
cross,wave,168,10,True,28,602,106,106,0,1.506729590755157,14.091841165946345,25.336790418407464,13.026392210797226,4.586131074343147,13.025612034988526,0.0776959785036686,2,1,0.029120035141154566,0.0053687898918255705,0.07143193860124383,2.453016909319968,True,True,6.296051182078799e-15,2.5121479338940403e-15,5.773159728050814e-15,True,0.07264754516009496,0.4759218661878611,True,A-B|B-C|C-A|D-C|D-D|E-E
triangle,rectangle-same,15,10,True,3,46,8,8,0,2.7278443582512732,15.012634196080842,20.632722278613265,14.981801445154298,1.627669386088681,14.981776945430017,0.012231451204570476,1,1,0.029001488724698526,0.013168162912095743,0.06964501222636431,2.413659661794569,True,True,6.0789819500614685e-15,5.692532553467031e-15,2.132860679203229e-15,True,0.19192659631477824,0.42238175706989983,True,A-A|A-C|B-A|B-D|C-B|C-C
parallelepiped-ext,two-triangles,180,10,True,28,603,114,114,0,1.6636369504246293,13.834553853329933,24.05387257396451,13.695670790889038,1.5973135435441819,13.695670635147513,0.015922792853100276,3,1,0.028967904413628908,0.011161558741557252,0.07152453458108964,2.507632139842009,True,True,8.408837626252134e-15,7.789763757048962e-15,3.166722411901629e-15,True,0.12599703570291526,0.3943564628531809,True,A-A|A-B|B-F|C-E|D-C|D-D
cross,parallelepiped-ext,78,10,True,8,290,41,41,0,2.3253496643657656,13.93449339101258,24.73063950073942,12.82903717913299,4.5713980758147255,12.828742537616186,0.07018728657788387,1,1,0.02896684684243639,0.014874229051672065,0.07109008315258426,2.454187835468422,True,True,5.262977207839097e-15,5.054431734266909e-15,1.466850003875454e-15,True,0.11903115501589667,0.4499078879065762,True,A-A|B-C|C-B|D-A|D-D|E-D
rhombus-int,parallelepiped-int,34,10,True,10,159,7,7,0,9.14200967613935,13.789551730405645,22.568367737724607,13.69319783901237,1.7468071861259284,13.6931449375245,0.013919624904396244,5,1,0.028634928034296257,0.009973718272504742,0.06931699079912537,2.4207146850903176,True,True,8.16867857105393e-15,6.466036496704424e-15,4.991761374553281e-15,True,0.2143557941246515,0.48728827906722066,True,A-B|B-A|B-C|C-C|C-D|D-B
wave,two-triangles,360,10,True,32,1024,248,248,0,1.5496871073754597,13.94647151930533,23.68474006275945,13.869606166593682,1.341485282093484,13.86957986846391,0.010422908754331495,3,1,0.028555503457163647,0.006656095577614947,0.06939767439690149,2.4302731871285523,True,True,2.1169190440915663e-14,1.3053503572900977e-14,1.666555334802948e-14,True,0.11747694136434583,0.5232912264762855,True,A-B|B-A|C-C|C-E|D-D|E-F
3X2,triangle,90,10,True,6,342,54,54,0,1.8930806816243715,14.152516439785828,24.051062322189992,14.064552571425967,1.3027409932693303,14.064523376568795,0.016104800624994198,1,1,0.02854030370305128,0.00499858015636653,0.06940459406148614,2.431809933895903,True,True,8.926082647349967e-15,5.329070518200751e-15,7.160723346098895e-15,True,0.06993000324760504,0.5415070311565382,True,A-B|B-C|C-B|D-A|E-C|F-A
cross,two-triangles,360,10,True,4,1708,246,246,0,1.6522106332559323,13.98426819719564,25.496295781393336,12.940390061054597,4.648157165848982,12.939610323991815,0.07082184008155945,9,1,0.0284871987935929,0.010329589342473878,0.0653528694397155,2.453180154188032,True,True,1.0667388882858398e-14,8.140289677804162e-15,6.89411847443645e-15,True,0.22887403963028954,0.48728827906722066,True,A-B|B-D|C-F|D-A|D-E|E-C
two-triangles,parallelepiped-int,180,10,True,36,374,124,124,0,1.9153698004370494,13.821344070379961,23.066035718855044,13.656392936427306,1.6918743410200332,13.656350091337877,0.012406827740885973,2,1,0.02847991931184238,0.009832016965442556,0.06886977935464322,2.422192705733637,True,True,1.4043333874306804e-14,8.236627820231227e-15,1.1374233532693354e-14,True,0.18333298601520848,0.4446994208396341,True,A-B|B-B|C-C|D-C|E-A|F-D
pentagon,parallelepiped-int,78,10,True,0,360,51,51,0,2.0643870869213106,13.686727080741285,23.98196881225238,13.344265735690481,2.586747217179973,13.344143018503384,0.021320276009611838,1,1,0.028345833316514437,0.021671791954941098,0.06860858270467217,2.4204115623829776,True,True,1.6213818077951355e-14,5.617333549722722e-15,1.5209650241082524e-14,True,0.15300253404966496,0.4488669648495108,True,A-B|B-C|C-C|D-B|E-A|E-D
rhombus-int,wave,78,10,True,14,351,32,32,0,1.6820554410651651,13.941081029802934,23.721709843736498,13.830233448979065,1.56233010114183,13.830183244309024,0.014925749089346851,5,1,0.028316428647628157,0.005204527217240682,0.06901102644673272,2.437137370164554,True,True,5.9628093407971925e-15,5.709018973068321e-15,1.7211035993931854e-15,True,0.18753192369625846,0.5137082771095873,True,A-A|B-B|B-E|C-C|C-D|D-C
rectangle-same,triangle,15,10,True,3,46,8,8,0,3.2406011321625035,15.6060401867692,24.626987737579995,13.548267636080105,5.684707318620948,13.548013516451391,0.09188041085423393,1,1,0.028252507385885063,0.012907074962376856,0.07302435704583146,2.590858567586605,True,True,6.485071087474307e-15,5.102196573270515e-15,4.002966042486721e-15,True,0.16162425331041883,0.46477305989471923,True,A-B|A-C|B-A|C-A|C-B|D-C
trapezoid-ext,two-triangles,180,10,True,6,653,121,121,0,2.146077872650172,14.008315684062113,25.314101534039576,13.040664143712025,4.814167217662078,13.039588362271575,0.07663306355730626,6,1,0.027710710986723112,0.0051629453780787865,0.0679771426350741,2.4530999102709283,True,True,9.101300408684008e-15,6.985822545685761e-15,5.833691154775012e-15,True,0.0863560753918047,0.4847732348700427,True,A-B|A-C|B-F|C-A|D-D|D-E
rectangle-opposite,cross,78,10,True,14,128,50,50,0,2.1763808313239403,14.54488818342578,22.198664247582997,14.429665351214842,1.5271443850908937,14.429634146867981,0.0142462765540321,3,1,0.027662581877025336,0.019877554594285432,0.0668647161360998,2.417153844617559,True,True,1.0443180557033613e-14,9.057678187205881e-15,5.197930934883577e-15,True,0.24486350500313978,0.49573600680125657,True,A-A|A-D|B-E|C-B|D-C|D-D
hexagon,parallelepiped-int,180,10,True,24,558,105,105,0,1.5898978126167815,13.843101457867515,23.565358919782167,13.729447147851499,1.8274263595112687,13.729395198248024,0.010408095812836748,11,1,0.027597045954880238,0.008918523440508285,0.06694936142589118,2.425961153065077,True,True,8.260536804688756e-15,6.646518689688359e-15,4.905125646631375e-15,True,0.06485189593300021,0.49900072089486597,True,A-C|B-B|C-A|D-C|E-D|F-B
wave,base-trapezoid,168,10,True,26,359,112,112,0,2.1925789348117517,15.102778071214866,21.5173373370793,14.997067724659011,1.5950115374660894,14.997060154587961,0.010785492232775695,4,1,0.02739696372740343,0.007524891645887814,0.0662650861029508,2.418701822664753,True,True,6.30094359961873e-15,5.978733960281817e-15,1.9891280697202825e-15,True,0.14229255687171577,0.4361681820504353,True,A-E|B-C|C-A|C-B|D-D|E-B
rhombus-ext,parallelepiped-ext,34,10,True,10,33,21,21,0,9.068955625846597,13.704718985161639,22.415797230301735,13.471230039581293,1.6612860898937472,13.471214049693685,0.01798417393099605,2,1,0.02735638905215693,0.018038087279155457,0.06615814247058881,2.4183799383922175,True,True,8.5625926612494e-15,6.826066122044748e-15,5.169411415234336e-15,True,0.17782241062313997,0.4305510598091942,True,A-A|A-C|B-B|C-D|D-A|D-D
horizzontal-parallelepiped,parallelepiped-int,180,10,True,28,626,104,104,0,1.644850035981334,13.726222573096644,23.27481038862503,13.457732025013268,1.938658302996187,13.457707463393998,0.01040443531198676,1,1,0.027268724930617133,0.022086286735305015,0.06590144580006638,2.416741008893771,True,True,8.981148454337477e-15,2.5121479338940403e-15,8.62265274246159e-15,True,0.1806428774965406,0.4652866157331114,True,A-A|B-B|C-D|D-C|E-C|F-B
base-trapezoid,rhombus-int,78,10,True,12,424,25,25,0,1.7243002401020853,15.436888483691337,26.34460893242674,13.460072433056613,6.48258417795584,13.458987882191362,0.10597875895239728,8,1,0.027240781740391014,0.012968018720646315,0.07019888033060183,2.5790727847298234,True,True,8.918225368725036e-15,8.522408135891475e-15,2.627413803088811e-15,True,0.13995190091608387,0.4804999201258812,True,A-C|B-B|B-C|C-B|D-A|E-D
rhombus-int,rectangle-same,34,10,True,8,75,19,19,0,2.140694563627181,14.766913116856012,21.49599696567087,13.95283499232277,1.7950454729785152,13.95274963565935,0.013028250812569198,4,1,0.027170550583552864,0.025316058099060807,0.06489120665538438,2.3988694227902934,True,True,8.331852114593072e-15,8.140289677804162e-15,1.7763568394002505e-15,True,0.134863492402877,0.3892155522973273,True,A-A|B-B|B-C|C-C|C-D|D-A
trapezoid-ext,vertical-parallelepiped,180,10,True,24,684,109,109,0,1.7331688789727933,13.897568221819327,25.073921663904315,12.898834354934982,4.8027555757545555,12.89819650217868,0.07754346447992777,5,1,0.027127556975765084,0.0071277168614771735,0.06629371126689618,2.4437774225714803,True,True,1.0565217370635266e-14,8.343678738167853e-15,6.481268641478987e-15,True,0.05676427763306101,0.46513388365735514,True,A-B|A-C|B-F|C-A|D-D|D-E
base-trapezoid,cross,168,10,True,30,474,98,98,0,1.7071112110407196,16.114735189434203,25.60268786035928,13.7573268809663,6.461618757013943,13.75640737741615,0.12426898344905979,1,1,0.027071283079076247,0.012761053260525483,0.06966392254971232,2.573705102203037,True,True,1.0688167281499563e-14,7.32410687763558e-15,7.784239094625047e-15,True,0.06974364723247728,0.4804999201258812,True,A-E|B-A|B-B|C-D|D-D|E-C
central-parallelepiped,arrow,168,10,True,24,978,62,62,0,1.5370450570169016,13.795057767687409,23.429068487122343,13.599367077187239,1.9099074683580919,13.599334771008735,0.014412027671976801,1,1,0.02692528922518254,0.016246848562857782,0.06485983543664445,2.4088816611850055,True,True,5.164625771320267e-15,1.9860273225978185e-15,4.76749985125122e-15,True,0.09655918911340769,0.41981971932396717,True,A-D|B-E|C-A|C-C|D-C|E-B
cross,arrow,168,10,True,12,763,95,95,0,1.7036037768918117,13.948759570712575,24.963220713200243,12.888390900469723,4.74419265543378,12.888109228990583,0.07713372541183183,3,1,0.02684885410642191,0.008986283715649702,0.06533869795620277,2.4418959804988556,True,True,1.1184084999860592e-14,6.646518689688359e-15,8.99486223306005e-15,True,0.07514272091914191,0.4179157688864527,True,A-D|B-C|C-C|D-B|D-E|E-A
rhombus-int,parallelepiped-ext,34,10,True,10,90,14,14,0,9.093765127744092,13.904857777441858,22.316794084214905,13.775956805226393,1.6239456698464272,13.77595576253664,0.00981756214043017,2,1,0.026739655039235602,0.017588227121925096,0.06442823075049736,2.4094637965957526,True,True,6.390295595418998e-15,3.580361673049448e-15,5.29309815580535e-15,True,0.12424928129590786,0.4633533918727237,True,A-B|B-A|B-C|C-A|C-D|D-D
wave,arrow,168,10,True,60,212,85,85,0,1.7569877869417352,14.092458724355435,23.87097684288462,13.950142838794575,1.5391358904191423,13.950113425714582,0.011563683444017592,2,1,0.02668672627521821,0.0066563379081244186,0.0645745897319269,2.419726910898474,True,True,5.8548518377844665e-15,2.240478477256787e-15,5.409209390969928e-15,True,0.21891618493552956,0.3676539667191418,True,A-C|B-D|C-B|C-E|D-A|E-C
trapezoid-ext,rectangle-same,34,10,True,10,84,17,17,0,2.9777377242639576,14.93757821335021,22.18966579084167,14.168866628862151,4.77817348551409,14.16822216424574,0.0709490989273922,3,1,0.026658598229324076,0.00911128257347521,0.06484908194211142,2.439735828828974,True,True,3.66205343881779e-15,2.5121479338940403e-15,2.6645352591003757e-15,True,0.18332245630217098,0.4382137016400991,True,A-A|A-D|B-B|C-C|D-A|D-C
cross,parallelepiped-int,78,10,True,8,345,37,37,0,1.746836101710476,13.916638115164526,24.756848269094082,12.938092850243228,4.558048215245992,12.93777425431018,0.07543521747086679,1,1,0.026524893689984893,0.009500467747580404,0.06455387157436925,2.433708965202869,True,True,1.8965845289876498e-14,1.4264637788193424e-14,1.2498935807946801e-14,True,0.07361627029667886,0.4633533918727237,True,A-C|B-B|C-D|D-B|D-C|E-A
central-trapezoid,arrow,168,10,True,9,466,113,113,0,1.5177658316951814,14.107637981783439,23.65083310454707,13.923706685784978,1.6925945798472672,13.923677674567527,0.01264119217604609,1,1,0.026509417433270906,0.013391261872493239,0.06418955817136132,2.421386978153642,True,True,6.6018607235733855e-15,3.2023728339893768e-15,5.773159728050814e-15,True,0.08096940055903461,0.3676539667191418,True,A-B|B-C|C-D|D-C|D-E|E-A
arrow,cross,168,10,True,12,1012,118,118,0,1.7625945178421483,14.308970306896384,22.78794525598234,14.18487394921428,1.5272368046582052,14.184840026877334,0.015232930110890663,3,1,0.02646026827797508,0.008475207416758017,0.06395537414517248,2.4250558165178746,True,True,8.926082647349967e-15,7.53644380168212e-15,4.782987168225453e-15,True,0.2854380624973131,0.45336865794965664,True,A-C|B-B|C-A|C-D|D-D|E-E
pyramid,parallelepiped-ext,180,10,True,8,602,122,122,0,1.5913803315093369,16.672187299704362,22.735293981891008,14.990952694290918,7.022285957659109,14.990120084700632,0.09524690191319074,1,1,0.02644709042002459,0.025972030158054,0.0669100950584918,2.529960536143907,True,True,6.1489964705441186e-15,1.8329190366704946e-15,5.86946040107393e-15,True,0.0787664542527847,0.473576830147257,True,A-A|B-D|C-A|D-D|E-B|F-C
pyramid,wave,360,10,True,24,728,276,276,0,1.5733832728671218,17.118793607642623,22.994540346486293,15.722179116891246,6.8293192586249365,15.721840604986642,0.10246314463107886,8,1,0.026368280962870482,0.006406312639222213,0.06707629984094166,2.5570517217834667,True,True,0.31072071133851387,0.09815438515417553,0.2948102391873759,True,0.12972779429317602,0.45673777918439046,True,A-B|B-C|C-C|D-D|E-E|F-A
hexagon,pentagon,360,10,True,0,1667,249,249,0,1.5587545949264325,13.975070723930244,24.225631351523145,13.839491445430856,1.75471552647348,13.839456909955196,0.010969565817234184,6,1,0.02619191400431534,0.01986600364173532,0.0627275156720179,2.4061648218426495,True,True,6.9831616186284e-15,4.845713351197033e-15,5.0282808503419566e-15,True,0.10396819257413532,0.37787293280661627,True,A-B|B-E|C-C|D-A|E-E|F-D
2X3,central-trapezoid,360,10,True,44,1187,213,213,0,1.5631048335740567,13.755685219862286,23.55344071930195,13.499303274445973,2.122885918384052,13.499253119421269,0.016927791870921638,4,1,0.026190072431772314,0.022107329913930752,0.06284759455978452,2.399672422575715,True,True,1.5162478727781684e-14,9.074842391027968e-15,1.2146933635631415e-14,True,0.14791625621687243,0.44904494826803076,True,A-D|B-C|C-D|D-A|E-E|F-B
two-triangles,trapezoid-ext,180,10,True,6,493,144,144,0,1.7639720431675425,14.509900469429335,22.85708249717863,14.40912745886033,1.2159254402518678,14.409124180469327,0.011716217107270666,2,1,0.026122080812640155,0.003787059061300341,0.06347998192376117,2.4301273079686663,True,True,8.094736496015192e-15,6.661338147750939e-15,4.599057840605876e-15,True,0.15178358027316802,0.5106583345372528,True,A-A|B-D|C-A|D-B|E-C|F-D
trapezoid-int,two-triangles,180,10,True,4,647,123,123,0,1.550992663512604,15.860550399783294,22.74348775326114,15.240053161213579,5.481644696636941,15.240052664617261,0.06590948782311301,4,1,0.02601142126377516,0.010322364260282543,0.06742255909280902,2.5920367214499396,True,True,1.763378974292879e-14,1.5569228144957335e-14,8.279473151601437e-15,True,0.09709082326310556,0.4707514254812046,True,A-D|B-A|B-E|C-C|C-F|D-B
central-trapezoid,3X2,360,10,True,20,1393,269,269,0,1.5251328193565132,13.923734933357805,23.806998914211068,13.790468947643209,1.608565706252129,13.790453206790936,0.013338841171053772,10,1,0.02589826105279687,0.006904721598102491,0.06275032746731787,2.4229552455044536,True,True,5.65233285126159e-15,3.9968028886505635e-15,3.9968028886505635e-15,True,0.05718441609915202,0.507168727450094,True,A-C|B-E|C-B|D-A|D-D|E-F
wave,3X2,360,10,True,40,1156,263,263,0,1.5080198527560391,13.999566715162562,23.910086446426455,13.932368976335152,1.3123156669068,13.932351905444449,0.010083491398803268,1,1,0.025792918105840612,0.005081016305353752,0.0625978987712244,2.4269413222015226,True,True,5.65233285126159e-15,3.972054645195637e-15,4.021398830883446e-15,True,0.1373728588075293,0.4361681820504353,True,A-F|B-B|C-A|C-E|D-C|E-D
central-trapezoid,central-trapezoid,168,10,True,32,386,105,105,0,1.7081086671029466,13.984100467790505,23.753329581806735,13.78996340248054,1.9975450583334389,13.78992369581366,0.010657982605733807,2,1,0.0257869684010809,0.01439213112937735,0.06200078518474279,2.4043456454595855,True,True,8.642341520228457e-15,5.872715136298445e-15,6.340448239687463e-15,True,0.07592712169616682,0.4964675099329778,True,A-D|B-D|C-A|D-C|D-E|E-B
rectangle-same,trapezoid-ext,34,10,True,10,83,17,17,0,2.6990461187749135,16.122916773619735,23.83511702864333,13.496222026888507,5.772504520109203,13.49534266837328,0.10297243494593111,2,1,0.025706383331305382,0.009014365045889443,0.06653713409693086,2.5925864446209803,True,True,1.1682163181672949e-14,9.057678187205881e-15,7.377764055609925e-15,True,0.1842924835661702,0.48878242500098273,True,A-A|A-B|B-D|C-A|C-D|D-C
arrow,central-trapezoid,168,10,True,9,456,124,124,0,1.550610190054197,14.060361175935975,23.668122667356798,13.875775006277582,1.6949340718205939,13.875753499764523,0.013725331535173524,9,1,0.025633123012912738,0.00772012795104868,0.061889069207334724,2.4144178286882165,True,True,6.441537263488227e-15,5.201560749499101e-15,3.799627361489249e-15,True,0.21744526106860118,0.3846245126357791,True,A-A|B-D|C-D|C-E|D-B|E-C
pentagon,parallelepiped-ext,78,10,True,0,415,47,47,0,2.7771300218602004,13.621481043320951,23.952437888545283,13.206652168343231,2.5788743028981775,13.206590806312883,0.021677757091334016,6,1,0.02562787105889602,0.021113136529062472,0.0611745795254591,2.38703321804891,True,True,1.1065005727793836e-14,5.5905656665272746e-15,9.548818109292732e-15,True,0.06072562417634224,0.40992246481220984,True,A-A|B-D|C-A|D-B|E-C|E-D
pentagon,wave,168,10,True,0,575,127,127,0,1.7286954675271224,13.944391618598386,23.97947201272092,13.680465988839645,2.3233440136125774,13.680278381384708,0.0246921285201136,1,1,0.025593943726934954,0.012392766082329152,0.062004331437055124,2.4226173230115386,True,True,1.4704064668953874e-14,1.1030947132061738e-14,9.722536868453447e-15,True,0.12057033352284309,0.5123965471788692,True,A-D|B-A|C-C|D-C|E-B|E-E
arrow,rhombus-ext,78,10,True,6,417,47,47,0,1.576898303376283,13.919833540341195,23.835522387479852,13.8008701132312,1.563464122113046,13.80082357895259,0.014729315990921421,7,1,0.02558844569407948,0.008475058222354588,0.062162209657028976,2.4293077586737417,True,True,1.12719079816666e-14,1.03578512786223e-14,4.446439748506845e-15,True,0.0921745280346655,0.45336865794965664,True,A-A|B-B|C-A|C-D|D-D|E-C
hexagon,trapezoid-ext,180,10,True,12,486,127,127,0,1.7828147575724906,14.751121262440574,23.282724552724282,14.683913118905815,1.246741837801091,14.683872756299358,0.010880720513854136,1,1,0.025553794119532697,0.005332630367790653,0.06181355355730056,2.425641014970831,True,True,0.03338316986576179,0.017841386762027626,0.028215615334315356,True,0.16058004723348007,0.4770498073548985,True,A-D|B-B|C-A|D-D|E-C|F-A
3X2,central-trapezoid,360,10,True,20,1379,245,245,0,1.5489244582024868,13.944254221971104,23.787746065169923,13.805903789539698,1.6576070379613714,13.805886859104179,0.013472330369090457,5,1,0.02512410326603985,0.007917584377368315,0.06079340684671572,2.419724445603992,True,True,1.0960887312386315e-14,9.59749116364257e-15,5.294262369644526e-15,True,0.11971025595264362,0.47538038908183505,True,A-B|B-C|C-E|D-D|E-A|F-D
two-triangles,wave,360,10,True,32,960,278,278,0,1.5735661493505102,14.117571543071374,23.64821912353002,14.035808079979379,1.289056643913966,14.035804694821147,0.01133117890258184,5,1,0.025106142625895292,0.005927017787669903,0.06107500382151662,2.4326717461774425,True,True,6.793258640404412e-15,6.5418425621716e-15,1.831026719408895e-15,True,0.11271778728158421,0.5325098964202757,True,A-A|B-B|C-C|D-D|E-C|F-E
trapezoid-int,pentagon,78,10,True,0,274,55,55,0,2.232118739948647,16.104837882007992,21.869334697493752,15.164754759289771,5.622540593494206,15.16452686526809,0.08745345911900593,1,1,0.024979710601059996,0.014184419184310128,0.06446984221434413,2.590665221366037,True,True,1.0329251542640534e-14,7.32410687763558e-15,7.283604593613869e-15,True,0.1191777414608677,0.39317342332716687,True,A-E|B-B|B-D|C-C|C-E|D-A
rectangle-same,parallelepiped-int,34,10,True,6,86,22,22,0,2.342176662761615,15.09868094565871,25.85562261498636,13.43676511127757,5.723402079808926,13.435570665773724,0.0975555419173686,2,1,0.024918644439160437,0.03584629012666801,0.0640058276219027,2.5685918741757683,True,True,1.381681363641722e-14,1.2932072993408848e-14,4.864753555590494e-15,True,0.06693180894676432,0.3926817942954417,True,A-B|A-C|B-D|C-B|C-C|D-A
hexagon,wave,360,10,True,56,572,250,250,0,1.5793114160796324,14.217541264185021,23.872882187739716,14.131532063016902,1.276231846417843,14.13151242187784,0.011778507333386479,5,1,0.024806593677130243,0.006927778477068481,0.060207530236298414,2.4270776963547838,True,True,0.8015506902818524,0.44109793880785236,0.6692653565446058,True,0.11144109277819797,0.5201723958078365,True,A-B|B-C|C-D|D-A|E-E|F-C
rectangle-opposite,parallelepiped-int,34,10,True,14,78,14,14,0,8.842100312000735,13.712458468725547,21.797199701331728,13.5813807998133,1.6718459009251372,13.581339089396865,0.015377154386705172,2,1,0.024771432995927063,0.023753898816697674,0.05947241708459296,2.400846858329571,True,True,6.526751786450488e-15,4.351167857633658e-15,4.864753555590494e-15,True,0.1188707553359662,0.3926817942954417,True,A-B|A-C|B-C|C-B|D-A|D-D
two-triangles,trapezoid-int,180,10,True,4,584,137,137,0,2.333656185229057,12.865205204960194,25.226820413647815,12.71777559220132,1.8179017719395891,12.717775513197179,0.011787403312149891,1,1,0.024678793738604085,0.014945056029861976,0.05960813092335793,2.4153583661633844,True,True,3.44001220205582e-15,2.5989654674417885e-15,2.2536775388990366e-15,True,0.05174431237152453,0.48074338202529493,True,A-D|B-B|C-C|D-A|E-B|F-C
rectangle-same,wave,78,10,True,6,246,53,53,0,2.136146867648131,15.534139165224218,25.513924870599762,13.499553238518342,6.142880457579297,13.499226363286358,0.09767548265612724,1,1,0.02462652596109645,0.015892777491996326,0.06404474592553115,2.600640708588183,True,True,8.91133376083058e-15,5.643756938888164e-15,6.896366942939637e-15,True,0.10229393814506535,0.4668891668184871,True,A-A|A-C|B-B|C-C|C-D|D-E
rectangle-same,base-trapezoid,78,10,True,18,149,48,48,0,2.2747684475054095,16.300341020065385,23.074662381338914,14.207977555543115,5.618993803559081,14.20662805289223,0.09024069659055378,3,1,0.024225873962574192,0.019864034741025542,0.06288611963849218,2.59582460206154,True,True,1.1385606415152931e-14,5.9580819677934555e-15,9.702231326134523e-15,True,0.06837350382187522,0.507168727450094,True,A-A|A-D|B-B|C-B|C-C|D-E
cross,pentagon,168,10,True,1,711,124,124,0,1.5253195441912164,14.056271307460186,24.8010530411829,12.956617715747342,4.640119284917452,12.955425161136446,0.06641841898263579,5,1,0.02422215773768829,0.011419180031681124,0.05900618573518161,2.436041676145613,True,True,1.1834149290552787e-14,1.0747954685372016e-14,4.952631574454208e-15,True,0.05025397784024472,0.3886290146990729,True,A-E|B-A|C-E|D-B|D-D|E-C
central-parallelepiped,3X2,360,10,True,88,663,204,204,0,1.574926016349497,13.991906452820892,23.737348717382368,13.757966049501215,2.09722583604961,13.757948777178656,0.013658355205034667,6,1,0.024220791299258304,0.010204455128897078,0.05864023000966954,2.428716501395672,True,True,6.241524037705583e-15,4.324979784937173e-15,4.50013023957545e-15,True,0.18259197436529143,0.3846245126357791,True,A-A|B-E|C-B|C-F|D-D|E-C
central-trapezoid,trapezoid-ext,78,10,True,2,216,60,60,0,1.5941626387215635,14.677486437994652,23.00043748141867,14.605682162335093,1.341824722290387,14.605673414174372,0.014473566224695311,1,1,0.024166040446469614,0.003568161043712371,0.05840363315201246,2.4167646860222223,True,True,9.400839367231676e-15,3.1362381595901404e-15,8.862267825721783e-15,True,0.1002756727017324,0.4505064537163253,True,A-D|B-B|C-A|D-A|D-C|E-D
cross,3X2,360,10,True,62,473,251,251,0,1.7333888135066022,14.21930392060699,25.48906513013641,13.228015192231632,4.688725671067839,13.227001596005495,0.08118085908431638,4,1,0.02404406532399139,0.005933672083476023,0.059207247724083256,2.4624474657788307,True,True,1.1217099196438953e-14,1.1102230246251565e-14,1.6011864169946884e-15,True,0.1291823955440677,0.4964675099329778,True,A-A|B-D|C-C|D-B|D-E|E-F
pyramid,rectangle-same,180,10,True,24,455,121,121,0,2.299114288195129,16.45087795164253,22.87393050686464,14.372898577837724,7.209095987617391,14.372508734376709,0.1000828896112207,6,1,0.02371169052342315,0.03586082639598409,0.059833405447543064,2.5253379339219366,True,True,8.379058453350832e-15,7.32410687763558e-15,4.070144838902081e-15,True,0.1266874534932104,0.32651322683833955,True,A-A|B-D|C-A|D-C|E-B|F-C
rectangle-opposite,parallelepiped-ext,34,10,True,14,72,12,12,0,8.884665234486933,13.801219107690368,21.662238431693787,13.546426539407317,2.572253300293969,13.546404073930834,0.013140763469756678,5,1,0.023666423856281118,0.01337379695790334,0.0563491349688215,2.424117249294005,True,True,9.368072144568357e-15,9.057678187205881e-15,2.3914935841127266e-15,True,0.11017192059405818,0.4182034220705242,True,A-C|A-D|B-A|C-A|D-B|D-D
base-trapezoid,wave,168,10,True,26,341,115,115,0,2.0703369905340403,15.63760698243426,26.033770318435202,13.916405606781405,5.922308326764149,13.916405606781405,0.1164503968852415,4,1,0.023498704485649974,0.006583836614889531,0.061074022892880976,2.599037871648509,True,True,1.6063398379556144,0.6464613848167663,1.4705153358411664,True,0.17663837907379087,0.4759218661878611,True,A-A|B-B|B-D|C-C|D-C|E-E
rectangle-same,parallelepiped-ext,34,10,True,6,84,20,20,0,2.1191088250793855,14.958794413318262,25.599361407896563,13.183227094113061,6.401778603585349,13.182265154818133,0.09621114489922977,1,1,0.023355520657368792,0.03686552868622282,0.05999530485194946,2.568784731117549,True,True,0.5005416722448841,0.12722818489804189,0.4841022150551003,True,0.20044111509876364,0.4182034220705242,True,A-A|A-D|B-B|C-A|C-D|D-C
base-trapezoid,pentagon,168,10,True,0,605,117,117,0,2.2880912758919227,15.505998214528846,26.36509236560543,13.50175863924723,6.495938779353668,13.501407408107898,0.09003217748667502,6,1,0.023270156358701926,0.020973489747144886,0.06004934739391162,2.583472330141919,True,True,4.7467714928543955e-15,3.9968028886505635e-15,2.560743305106871e-15,True,0.22587612570899776,0.49737727003802984,True,A-B|B-A|B-D|C-E|D-E|E-C
horizzontal-parallelepiped,wave,360,10,True,68,747,220,220,0,1.7105698003402796,14.083114632029034,23.517356416609207,13.975557924130172,1.5516360591560516,13.975491086115577,0.01485473685968941,3,1,0.02324889608248077,0.009870071177416903,0.05616075888609439,2.4156312061807697,True,True,6.815505787737757e-15,3.9968028886505635e-15,5.520569337664493e-15,True,0.18600848345222423,0.4668891668184871,True,A-C|B-C|C-D|D-E|E-A|F-B
arrow,parallelepiped-int,78,10,True,8,245,48,48,0,1.6991241160848074,13.637540437021983,23.719393277104345,13.472385633398522,1.9234248228602642,13.47230691812522,0.00927065950438255,4,1,0.023151153998553525,0.00584148124202321,0.056414582676594396,2.4367935473160065,True,True,6.727850765658121e-15,6.169484474161015e-15,2.683549374998111e-15,True,0.31090969144678093,0.5495699539427199,True,A-C|B-B|C-A|C-B|D-C|E-D
central-parallelepiped,trapezoid-ext,78,10,True,12,327,44,44,0,1.6488849620636112,14.547158371027491,22.763719861120283,14.478401017771485,1.2770160651387763,14.478392342169936,0.015725688295205487,2,1,0.023146216428784772,0.004540188201818373,0.0559061819330571,2.4153486210183295,True,True,1.3400838471835604e-14,1.013917427928623e-14,8.762397884283148e-15,True,0.07311049522106648,0.48878242500098273,True,A-C|B-A|C-B|C-D|D-A|E-D
triangle,rhombus-int,15,10,True,0,109,10,10,0,9.165572989408629,13.923208596985736,23.329089652897363,13.897136709963547,1.0986097440702602,13.897135142986837,0.011374984116777398,2,1,0.022891610235647862,0.0034304115518448883,0.055706201016512684,2.433476738554828,True,True,2.0488503414514025e-14,1.1612449891135278e-14,1.6879863141993337e-14,True,0.06259513437588778,0.48333701435588255,True,A-B|A-C|B-A|B-B|C-C|C-D
cross,trapezoid-ext,78,10,True,0,315,59,59,0,1.6268342715295894,14.917515845092257,24.30338437871948,13.96114950571026,4.605201215022457,13.960820246787849,0.07951401257417778,2,1,0.022852739076706347,0.003012272254080888,0.05635162628590918,2.4658587356536197,True,True,1.1487891587981374e-14,1.0238760605311856e-14,5.209552226854739e-15,True,0.07226341431600729,0.5316003664269159,True,A-B|B-D|C-C|D-A|D-D|E-A
trapezoid-ext,3X2,180,10,True,18,683,125,125,0,1.7934577938602574,14.040787479720809,25.568937407827665,13.07651601637064,4.799361842127691,13.075400417914064,0.07737408977541271,5,1,0.02284739987293692,0.0020892199666451804,0.056009265773224216,2.451450321905908,True,True,4.945168153041043e-15,3.2023728339893768e-15,3.76822190084106e-15,True,0.06205670081040461,0.5318784556221052,True,A-B|A-C|B-E|C-A|D-D|D-F
3X2,arrow,360,10,True,44,1578,187,187,0,1.5292206269463087,13.972867783679893,23.796143609012283,13.807699277809576,1.6141856101949092,13.807657139955737,0.014270805407192277,10,1,0.02232292868456335,0.009737076740711406,0.05382894002739779,2.4113744566420325,True,True,1.0823644727050733e-14,8.918484510231395e-15,6.132855714769085e-15,True,0.05225963340424052,0.4387982942468777,True,A-A|B-C|C-B|D-E|E-C|F-D
trapezoid-int,vertical-parallelepiped,180,10,True,28,755,112,112,0,1.862006461906532,15.711580880688038,22.620914411407053,14.64889424948729,5.2593989354297905,14.647535645860845,0.07232064145586037,1,1,0.022176751907793165,0.013922680881289125,0.05741722070237946,2.589072599139389,True,True,1.0134037778138705e-14,5.978733960281817e-15,8.182509512424374e-15,True,0.05194102651214602,0.4446994208396341,True,A-B|B-C|B-D|C-A|C-F|D-E
horizzontal-parallelepiped,parallelepiped-ext,180,10,True,24,666,98,98,0,1.6230701374206433,13.663532161097198,23.220949606226327,13.386179447694275,2.0307324709402614,13.386109117763883,0.011633618519549138,6,1,0.022157079867638534,0.021618436520223848,0.053333932458932184,2.4070830983837777,True,True,1.0623970030305295e-14,8.881784197001252e-15,5.829463841788874e-15,True,0.11492117670505225,0.4652866157331114,True,A-A|B-B|C-D|D-C|E-D|F-A
arrow,3X2,360,10,True,44,1610,253,253,0,1.5183213652511955,13.880025317868345,23.808870472333904,13.753930854263036,1.6009986811840098,13.753852512921974,0.014773058010672635,4,1,0.021708642657793403,0.008258721526202191,0.04912925484360882,2.417309072252107,True,True,9.990156678556251e-15,8.849111299719848e-15,4.636427468134552e-15,True,0.0759945468967338,0.4341882410243255,True,A-B|B-D|C-A|C-F|D-C|E-E
central-parallelepiped,parallelepiped-int,78,10,True,18,316,36,36,0,1.597141038785442,13.776187658794273,23.275292941694165,13.546733317114846,2.0599793349856705,13.54672899383657,0.011281854430032823,12,1,0.02168908615330294,0.00873130402344152,0.05185601403485075,2.3908805409468035,True,True,9.172115429863793e-15,8.420878802618081e-15,3.635450680502071e-15,True,0.07784754766705095,0.4657593743306056,True,A-C|B-A|C-C|C-D|D-B|E-B
rhombus-int,central-parallelepiped,78,10,True,22,72,48,48,0,9.284221382721807,14.237700575887487,23.40051886893209,14.11677419653563,1.9251980954429033,14.116756612674594,0.0165666462769698,6,1,0.021355237941614237,0.006649759763212472,0.05172629411126354,2.4221829910153443,True,True,1.3634656378357242e-14,1.3605668792039554e-14,8.886119947416683e-16,True,0.21208042512686553,0.5604410305501056,True,A-B|B-A|B-C|C-C|C-D|D-E
rectangle-same,3X2,180,10,True,66,227,92,92,0,1.6195251294365305,15.446348221185238,25.33020709123727,13.401077225034792,5.94251690790363,13.400493710889117,0.08531959799477207,8,1,0.021347034416996168,0.012807158903233364,0.050413498477593584,2.566602516437079,True,True,7.560172494432179e-15,3.3010470498529674e-15,6.80141871378508e-15,True,0.22887341196288286,0.3846245126357791,True,A-E|A-F|B-B|C-A|C-D|D-C
parallelepiped-ext,arrow,78,10,True,6,279,52,52,0,1.9371356709131424,13.982190296025832,23.650562138165345,13.79397370365908,2.0711493841723745,13.793949247617153,0.014986431920073429,4,1,0.021259873575511342,0.0076064510069898655,0.05340909698827681,2.5122020033927797,True,True,4.165926057296536e-15,2.5121479338940403e-15,3.3232593448441795e-15,True,0.12766196525935378,0.4182034220705242,True,A-A|A-E|B-C|C-B|D-C|D-D
arrow,trapezoid-int,78,10,True,8,227,50,50,0,1.932724021291524,12.913463730665196,24.452117317374356,12.628226327731705,2.152714161681727,12.628226327731705,0.009632842045999013,1,1,0.02113228934297268,0.011368860686971806,0.05107038677883475,2.416699201396164,True,True,5.609134406890328e-15,4.996485455209446e-15,2.5490237131971466e-15,True,0.15524834114383293,0.4801727562418158,True,A-B|B-A|C-B|C-C|D-D|E-C
pyramid,trapezoid-int,180,10,True,16,416,136,136,0,2.6317977106543964,14.743678380737965,24.166912492851115,14.202688547692894,7.2355689276382815,14.20133408013422,0.07945563734961603,1,1,0.021072095365334265,0.014593349363506399,0.05332109968845358,2.5304127930330176,True,True,0.15196911631343882,0.1077883512231618,0.10712741784286507,True,0.14042820402256073,0.4801727562418158,True,A-A|B-C|C-B|D-C|E-D|F-B
rhombus-int,trapezoid-int,34,10,True,0,199,25,25,0,2.0440011218093543,12.705858806564956,25.097787221900415,12.495132728658017,1.7817969175605293,12.495132353976087,0.01139132289759992,1,1,0.020941061039494672,0.007678846321477896,0.050554935354348136,2.4141534786132346,True,True,8.35481888813416e-15,5.246941793372382e-15,6.501738265301484e-15,True,0.11445770293871448,0.4305510598091942,True,A-C|B-B|B-D|C-B|C-C|D-A
cross,rectangle-same,78,10,True,10,110,56,56,0,2.813804880176761,15.099761868735769,22.687779930126368,14.240904986832444,4.538963984258281,14.240615587753652,0.07685346526867853,7,1,0.0207288913838418,0.01328253920096736,0.0507054929994992,2.4578127998530306,True,True,7.588599744428075e-15,7.32410687763558e-15,1.9860273225978185e-15,True,0.21208042512686553,0.41981971932396717,True,A-A|B-D|C-B|D-A|D-C|E-C
arrow,pyramid,360,10,True,37,619,273,273,0,1.97066520992424,12.961817460163049,25.579584004352466,12.700087596728931,1.887037184299233,12.70008055812196,0.014109919103212576,8,1,0.020728587369723512,0.00807461137955281,0.050177814360833316,2.420705929730831,True,True,8.087500380173193e-15,5.617333549722722e-15,5.8183525323291535e-15,True,0.1292213529646444,0.42827695480702754,True,A-F|B-A|C-C|C-E|D-D|E-B
rectangle-opposite,triangle,15,10,True,2,52,9,9,0,9.062578507399046,13.894657944773698,22.341753454012434,13.830703680292057,1.3050034539234137,13.830682922238715,0.016549710701973197,1,1,0.02068187844198673,0.009734642095963414,0.05004148932966892,2.419581445178529,True,True,9.484417810720578e-15,7.357172298823356e-15,5.9854988909647265e-15,True,0.12184551932853434,0.47087587555643834,True,A-B|A-C|B-B|C-A|D-A|D-C
pentagon,trapezoid-int,78,10,True,0,272,53,53,0,2.3429365178918506,13.134269386326938,25.10391102427149,12.865554298001708,2.4912088539878865,12.865554298001708,0.02357460361026309,2,1,0.020659297854032414,0.014087671057801178,0.0498476867735571,2.4128451569726272,True,True,7.612191433584592e-15,6.430490858904999e-15,4.073603531896288e-15,True,0.1322007166005175,0.42839650385605366,True,A-C|B-B|C-C|D-A|E-B|E-D
base-trapezoid,base-trapezoid,168,10,True,64,167,91,91,0,1.7221782462588,16.41747914022961,23.647137271679785,14.110066239580012,6.511580645272635,14.107497407246171,0.11902460854872032,8,1,0.020541266668907855,0.006597179036958361,0.05320352857252919,2.5996820691688813,True,True,6.4964650718159126e-15,5.634860374059478e-15,3.233018248352212e-15,True,0.23836330275907044,0.44904494826803076,True,A-A|B-B|B-D|C-B|D-C|E-E
trapezoid-int,rhombus-int,34,10,True,0,247,19,19,0,2.216080442298264,15.785163198544147,22.504250033421414,14.72517668615961,4.587100698431425,14.724692827589006,0.06725174486284935,3,1,0.020379424493754555,0.007643766149241924,0.0528360337777073,2.5926165772688696,True,True,1.956156279931486e-14,1.544128260874241e-14,1.2009226892206185e-14,True,0.08356135843670388,0.4804999201258812,True,A-C|B-A|B-B|C-B|C-C|D-D
rhombus-ext,trapezoid-int,34,10,True,6,97,20,20,0,2.3741536899268865,12.80611841170556,24.80851560034283,12.502033225120158,1.4312268219457926,12.502024660844011,0.010678612285698108,2,1,0.02023161272628333,0.013136741293409592,0.048980357602332464,2.4209813752860643,True,True,5.9301526466468945e-15,4.19696977251036e-15,4.189529226675416e-15,True,0.09226581586328261,0.41427204311211313,True,A-A|A-B|B-C|C-C|D-B|D-D
rectangle-opposite,trapezoid-ext,34,10,True,4,105,22,22,0,2.475824181065408,14.457567140569232,22.03626143407179,14.274572612560224,1.4635308652523917,14.274542190377435,0.018699090509395333,3,1,0.02000170634911238,0.005027333362096618,0.048408081712476715,2.420197600522464,True,True,9.912743641726658e-15,3.66205343881779e-15,9.21150645214099e-15,True,0.18079348370578258,0.43963889103736126,True,A-A|A-D|B-B|C-D|D-A|D-C
pentagon,central-trapezoid,168,10,True,0,660,125,125,0,1.6139348676467724,13.744272747058538,24.088397418821664,13.426833653860353,2.439046923850539,13.42676046846035,0.020798330147344224,6,1,0.019940671968684195,0.012927201213276424,0.048027186523373074,2.408503915956158,True,True,8.742786033801847e-15,5.498687059919313e-15,6.79711322915225e-15,True,0.0750628440621359,0.4144789216915609,True,A-D|B-D|C-C|D-A|E-B|E-E
trapezoid-int,arrow,78,10,True,8,225,53,53,0,2.033694033862367,15.943106990099954,21.75801717295985,14.826066314675165,5.333251084352782,14.825845048545785,0.07412277878760243,1,1,0.0195705598234554,0.011572321422117431,0.05068035403845649,2.5896220903050446,True,True,8.167499635613815e-15,7.229248575812844e-15,3.800791407964896e-15,True,0.1786912493449266,0.447246773371714,True,A-B|B-A|B-C|C-C|C-E|D-D
trapezoid-ext,horizzontal-parallelepiped,180,10,True,16,437,125,125,0,1.7999181579833934,13.950043849839833,24.787388764110847,12.996178180946982,4.787004416557366,12.995087063221746,0.07650192210807205,3,1,0.019556021583320683,0.003400716720425475,0.044790252205117995,2.445505610719117,True,True,0.6884913208465453,0.12724886496376547,0.6766299027137761,True,0.1118390222762555,0.46513388365735514,True,A-B|A-F|B-A|C-E|D-C|D-D
cross,rhombus-ext,78,10,True,24,153,38,38,0,1.537049206740167,14.137017964934978,24.833980041966004,13.041356416030705,4.738486974164095,13.040195766474213,0.08124077894310133,8,1,0.019417849518948337,0.006680081630919055,0.04773100356577833,2.4580993646696783,True,True,8.189942084841726e-15,8.017747782251736e-15,1.6705902709099571e-15,True,0.24669880600369987,0.3902008642505306,True,A-A|B-A|C-C|D-B|D-D|E-D
parallelepiped-int,cross,78,10,True,8,379,42,42,0,1.7429850958397197,14.366096457499403,22.5485927450039,14.279839910141218,1.5990291792009346,14.279839866026668,0.020706961576102856,5,1,0.019319060610231698,0.00621579995765299,0.04654375996125638,2.4167538317710964,True,True,1.0695084443661336e-14,7.32410687763558e-15,7.793734002518813e-15,True,0.11829472262832214,0.49573600680125657,True,A-D|B-A|B-B|C-D|C-E|D-C
cross,trapezoid-int,78,10,True,0,343,56,56,0,2.0549251856353634,13.9679011238841,26.186988285305457,13.474273088665354,4.657310834000738,13.474273088665354,0.07454516018055024,1,1,0.019206601201478126,0.007161433295113528,0.0470219976014396,2.4482206460256397,True,True,5.499807754328161e-15,2.220446049250313e-16,5.495323605393213e-15,True,0.0922658158632826,0.41427204311211313,True,A-A|B-B|C-D|D-B|D-C|E-C
rectangle-same,arrow,78,10,True,12,383,38,38,0,2.0958710563413874,15.188421515326102,26.226845202092754,13.251564228808572,5.7688935452155174,13.251356575536708,0.08767354846457565,6,1,0.01911106367172343,0.024769074342404402,0.049035080581964346,2.5703970779685386,True,True,9.296916392879314e-15,7.588599744428075e-15,5.370829389866547e-15,True,0.05199775411844587,0.4652866157331114,True,A-A|A-D|B-B|C-C|C-E|D-C
2X3,trapezoid-int,180,10,True,60,188,109,109,0,2.0002993246801966,12.732064189262289,25.038796291584415,12.525494797851636,1.9933800048191401,12.525494797851636,0.012432493064077121,2,1,0.018995511562001337,0.014638919802217033,0.04550515167415599,2.3955738978456673,True,True,4.313064017801017e-15,3.774951203005804e-15,2.0862081958843142e-15,True,0.06693180894676432,0.3926817942954417,True,A-B|B-D|C-C|D-B|E-C|F-A
central-trapezoid,parallelepiped-ext,78,10,True,2,268,56,56,0,1.593876371313042,13.718434195291149,23.44503263406865,13.613818404454408,1.8993411567528886,13.613816379153075,0.009305996312026998,4,1,0.018971796102634546,0.007363893053860343,0.04586387616868666,2.4174767597422,True,True,5.828406534472336e-15,1.7763568394002505e-15,5.551115123125783e-15,True,0.2640107660601085,0.4652866157331114,True,A-A|B-D|C-B|D-A|D-D|E-C
vertical-parallelepiped,trapezoid-int,180,10,True,28,604,109,109,0,1.9233824342199783,12.757309840549166,25.42911994230343,12.573110841191513,1.832324452618781,12.573083489131161,0.012925846340633207,1,1,0.018959644653617932,0.013652916228186991,0.0457714459611244,2.414151045409502,True,True,1.0012277218897015e-14,6.860507265028373e-15,7.292402565309806e-15,True,0.08346236386746933,0.3844888679056581,True,A-D|B-B|C-C|D-C|E-A|F-B
pyramid,two-triangles,720,10,True,2,3028,490,490,0,1.707321587000107,16.74470613111405,22.962282620389278,15.195771913612914,7.050678238767126,15.195470020806699,0.09690598410553708,9,1,0.01892150377320787,0.02023323459670001,0.044440953918816625,2.5372106012057265,True,True,8.055048693485857e-15,1.7763568394002505e-15,7.856740153113387e-15,True,0.10664760518573356,0.4055542535747792,True,A-B|B-F|C-A|D-C|E-D|F-E
cross,rhombus-int,78,10,True,26,132,38,38,0,1.669538174740251,14.125806072795537,24.817303114092795,13.119468173732583,4.858592324334169,13.11841643511254,0.0764167807806464,4,1,0.018902747121714848,0.006567843067563306,0.04624669008904701,2.4541528654662543,True,True,0.9086599715402076,0.2656775572368029,0.8689524609897461,True,0.11002267832771204,0.4475031594694418,True,A-C|B-C|C-D|D-A|D-B|E-B
triangle,hexagon,90,10,True,18,200,54,54,0,1.575416422495926,14.10816325219369,24.22037131594325,14.040464188383442,1.4812966631688642,14.04045233602815,0.014768742062714502,3,1,0.018889780954718403,0.0036890154077086133,0.0458628525840768,2.427918708746112,True,True,1.064140611349929,0.17754689208167007,1.049224638405113,True,0.05893033835671394,0.4302660542902422,True,A-A|A-D|B-B|B-F|C-C|C-E
3X2,parallelepiped-int,180,10,True,52,474,103,103,0,1.6125942666992765,13.793294817109272,23.702310242637466,13.735763301088117,1.3688297196667811,13.735730444721636,0.012953319890343984,5,1,0.018730488451117605,0.0073934687363252415,0.04524346339334909,2.415498320368122,True,True,7.588599744428075e-15,2.5121479338940403e-15,7.160723346098895e-15,True,0.06383651854737839,0.42664682117134556,True,A-B|B-C|C-D|D-B|E-C|F-A
horizzontal-parallelepiped,trapezoid-int,180,10,True,12,576,124,124,0,2.0831817742162215,12.887030100879524,25.523845135160727,12.629613990143813,2.39492217083812,12.629613990143813,0.01069654874002346,2,1,0.018564224130362614,0.016492744546708276,0.04467410214693391,2.4064621194627485,True,True,1.1860175384968878e-14,6.4047456679787536e-15,9.982133694292471e-15,True,0.09590072962123157,0.3844888679056581,True,A-D|B-B|C-B|D-C|E-C|F-A
hexagon,triangle,90,10,True,18,199,54,54,0,1.5916936186243846,14.18024696217105,24.1506443096169,14.092911085879742,1.4016267871114645,14.09290001885448,0.01235990260927089,2,1,0.018560601407393528,0.0036883597195782403,0.044921247564600066,2.427536759527744,True,True,0.02749300651914916,0.016577751238808353,0.021932705517700418,True,0.18147259173219446,0.45763061220724666,True,A-A|B-B|C-C|D-A|E-C|F-B
wave,2X3,360,10,True,88,417,236,236,0,1.7415174502426198,13.946078553235694,23.35592447026471,13.823918162029205,1.837279664152976,13.823869764742739,0.012923820836174826,11,1,0.018435408047941935,0.008129665023456679,0.044448013597407486,2.411013278459519,True,True,4.515094328460732e-15,2.8435583831733384e-15,3.5071715835389194e-15,True,0.1392912980803134,0.41981971932396717,True,A-C|B-A|C-D|C-E|D-B|E-F
2X3,wave,360,10,True,88,420,232,232,0,1.6931322908736652,14.121737141452087,23.323603776868975,13.971501812449716,1.8295983717111268,13.971457941178098,0.018035117673061762,8,1,0.018354679941446662,0.0099801086502512,0.04444635563594298,2.421527140638326,True,True,6.705600017716362e-15,4.351167857633658e-15,5.102196573270515e-15,True,0.2351315404009257,0.49573600680125657,True,A-A|B-E|C-B|D-D|E-C|F-C
parallelepiped-ext,central-trapezoid,78,10,True,2,276,55,55,0,1.755399122355045,13.87480144518214,23.565109776817955,13.723413326013166,2.0005217898072605,13.723400386736515,0.0153438250368092,7,1,0.01815214975035599,0.005504708067449857,0.0453806502130633,2.5000151958405543,True,True,6.971016020407552e-15,5.943842099167798e-15,3.6422253440636096e-15,True,0.30943939798247905,0.49573600680125657,True,A-A|A-C|B-B|C-D|D-D|D-E
rhombus-int,triangle,15,10,True,0,81,9,9,0,9.179139488633828,14.061277612742831,23.089595309526523,14.002640109678264,1.2287835405091159,14.002605096786068,0.01629501200675243,1,1,0.01769542570102517,0.0034335404130458,0.04305463970247477,2.433094316571341,True,True,1.6873381227564998e-14,1.3104512192111922e-14,1.0629334610291125e-14,True,0.07252816243454502,0.5185516568514454,True,A-C|B-A|B-B|C-B|C-C|D-A
base-trapezoid,central-trapezoid,168,10,True,0,616,119,119,0,1.5403784499922295,15.35670255878679,26.431758854481824,13.555836287366526,6.037816561986173,13.555377642735639,0.11113373758566247,9,1,0.017294487858778906,0.009624813161806512,0.042451276638976514,2.5738819039947436,True,True,5.709828552468728e-15,3.9968028886505635e-15,4.0777087644732105e-15,True,0.05426357044899257,0.42664682117134556,True,A-C|B-B|B-E|C-D|D-D|E-A
trapezoid-int,base-trapezoid,78,10,True,14,109,57,57,0,2.1544514441385485,16.172853294944726,22.149913360674752,14.292155831471948,5.681949917260512,14.291949658494145,0.08460452169355115,4,1,0.017292529540351723,0.0034248803391453515,0.044972579304867706,2.6006940858435557,True,True,1.0850690766224794e-14,1.0087767680389479e-14,3.9968028886505635e-15,True,0.2603704830266705,0.5361261100948537,True,A-A|B-B|B-D|C-B|C-E|D-C
trapezoid-ext,wave,78,10,True,6,110,60,60,0,2.574352238811047,14.304164977844414,25.276510092770984,13.450259611714047,4.9211307166425176,13.450010497227442,0.08172104598146568,1,1,0.01691336896364972,0.0016912147011512112,0.041432512552427865,2.4535920099600883,True,True,4.830427151116166e-15,3.8968670012594065e-15,2.8543745438774784e-15,True,0.1653435952761671,0.493896326777634,True,A-C|A-D|B-A|C-E|D-B|D-C
wave,trapezoid-ext,78,10,True,6,109,60,60,0,1.84625652181027,14.985759419764038,23.14267543914762,14.884224981318026,1.1308908741051118,14.88420042670629,0.011031629269250942,3,1,0.016874421019417274,0.0009863979613201788,0.04117505479919218,2.440086966646876,True,True,0.8790732812485874,0.2543127261467827,0.8414837319431372,True,0.11844261526161519,0.5205851617528318,True,A-A|B-D|C-A|C-C|D-B|E-D
triangle,trapezoid-ext,15,10,True,3,38,8,8,0,9.277804127582511,14.922358544254223,22.830817465023667,14.873810462062425,1.2547665542328816,14.873785154519162,0.010947959830001963,2,1,0.01644091558204148,0.0013274533962446202,0.0390321642897639,2.438065758238768,True,True,6.926225797557626e-15,4.351167857633658e-15,5.388872059480397e-15,True,0.11735928116816607,0.5187250098447631,True,A-B|A-D|B-A|B-D|C-A|C-C
rhombus-int,trapezoid-ext,34,10,True,0,175,23,23,0,9.147750573402881,14.637311923715034,23.06239868753455,14.56687617661249,1.160432612271107,14.566827844721372,0.01595432722477952,2,1,0.0163634875313157,0.0021405807184135786,0.039666021227801336,2.431010738575735,True,True,9.212408059981138e-15,8.760240194781707e-15,2.8507286776079516e-15,True,0.12279580149464546,0.5298130983811192,True,A-A|B-A|B-C|C-B|C-D|D-D
trapezoid-ext,rhombus-int,34,10,True,0,187,23,23,0,2.153218618967385,14.020456600352345,25.379403986168654,13.089008715360297,4.76585476470897,13.088719515563723,0.07840368420797716,8,1,0.016318267507422022,0.0012723409865469698,0.040063248946665894,2.4565554938176293,True,True,6.3816098464286216e-15,1.790180836524724e-15,6.125373197167204e-15,True,0.1587183520907853,0.541240371602806,True,A-A|A-C|B-C|C-B|D-B|D-D
trapezoid-ext,pentagon,78,10,True,0,266,55,55,0,1.9351443752505453,14.161242955184932,25.089656814991187,13.20691656994613,4.878255766614165,13.206257264344096,0.07673767529721953,2,1,0.016274087622080345,0.002591054472452941,0.03983450668420023,2.451232016401872,True,True,8.403295601662757e-15,4.81509242304977e-15,6.88696318607943e-15,True,0.06593082494856617,0.48423534151471465,True,A-A|A-C|B-B|C-E|D-D|D-E
rectangle-opposite,central-parallelepiped,78,10,True,22,154,40,40,0,1.716632535114249,13.649879113591457,23.128410005743632,13.35403022908728,2.8794850851711242,13.354014754327157,0.016093205644234665,9,1,0.016224094279890543,0.024320314876687132,0.038283193971345136,2.38525305565226,True,True,9.348315204169958e-15,8.992121150493565e-15,2.5559253454202264e-15,True,0.1808648404091292,0.32651322683833955,True,A-C|A-E|B-C|C-A|D-B|D-D
trapezoid-int,cross,78,10,True,0,377,54,54,0,2.2448275330329386,16.44419925988107,22.099258789123596,15.44274320427952,5.092951680909952,15.442738528116715,0.08966432910160016,2,1,0.016085558685391427,0.0053289656041115374,0.04168268713124495,2.595374809384117,True,True,1.2723456172787228e-14,6.975907546637888e-15,1.0640632071526483e-14,True,0.09848865814860445,0.39028483721018153,True,A-D|B-B|B-C|C-D|C-E|D-A
rectangle-opposite,trapezoid-int,34,10,True,8,102,18,18,0,2.034670993571691,12.639385460799746,24.42788905480748,12.162540414967658,2.400837295728934,12.162540414967658,0.01609054009280797,3,1,0.015946790923787743,0.01160956098390989,0.035305694348074276,2.3754940296533293,True,True,1.376004880822328e-14,9.272854936269104e-15,1.0166272893031971e-14,True,0.06693180894676432,0.3926817942954417,True,A-B|A-C|B-B|C-C|D-A|D-D
rhombus-int,cross,78,10,True,26,130,38,38,0,1.6575799972714158,14.669429566571903,22.59683458973783,14.555081645419364,1.7605709525335245,14.555058620757984,0.014841537452156217,2,1,0.015803447641326306,0.0066400797296423475,0.038051383153880035,2.4177631443219236,True,True,2.019763745059123e-14,6.387103900067623e-15,1.9161144599299548e-14,True,0.18095749083124457,0.45673777918439046,True,A-C|B-D|B-E|C-A|C-B|D-D
wave,central-trapezoid,168,10,True,14,510,115,115,0,1.5131027243849626,14.067201776780504,23.899953859296854,13.965761778432952,1.5029289001499953,13.965753153370649,0.011102593965013341,3,1,0.01528949102631667,0.003825169622596655,0.03712515788019364,2.4281487079126998,True,True,6.686501933072558e-15,5.8716000160507385e-15,3.1990031810700057e-15,True,0.22439286247641926,0.4964675099329778,True,A-D|B-B|C-A|C-C|D-E|E-D
central-parallelepiped,rhombus-int,78,10,True,22,75,48,48,0,1.5227589863461126,14.159451792197322,23.362243877337566,14.107584999202675,1.784752237949872,14.107563329501692,0.014447421017928619,7,1,0.01485974188720573,0.006630610554999342,0.034258203904724685,2.4209096242616366,True,True,1.2147198936415398,0.15504717995100664,1.2047841267205315,True,0.24486350500313978,0.503420624847555,True,A-A|B-C|C-B|C-C|D-D|E-B
trapezoid-int,rectangle-opposite,34,10,True,8,99,21,21,0,1.8247418991423339,14.948189332637533,22.046415999336077,13.726502087500178,5.454792589223648,13.726202544976374,0.06468764013703066,1,1,0.014549223514933094,0.01551749569327295,0.03552119941835332,2.5842863747837876,True,True,7.65092901089179e-15,2.2315206618374916e-15,7.318266889468982e-15,True,0.17312435927950837,0.4182034220705242,True,A-D|B-A|B-B|C-C|C-D|D-A
arrow,parallelepiped-ext,78,10,True,6,255,58,58,0,2.0895609283471237,13.600599649826428,23.526582307120275,13.41715835050753,1.937995699621732,13.417075905249929,0.009183582021277559,5,1,0.014457633178630573,0.0056998140730110565,0.03508891384886961,2.427016470492111,True,True,0.41463283696993414,0.07354793483487325,0.4080577052026603,True,0.33513528438131085,0.5402126665502712,True,A-A|B-C|C-A|C-B|D-D|E-D
wave,parallelepiped-ext,78,10,True,22,105,48,48,0,1.6148376822978383,13.782257052127914,23.085794236979456,13.691322248899633,1.3147472569851593,13.691294732051599,0.010351794956031668,3,1,0.014400347404677084,0.0027951986678491246,0.034817315070830114,2.4178107716708146,True,True,7.011126525501041e-15,1.9860273225978185e-15,6.723956471489032e-15,True,0.12478898323235044,0.4931674019475872,True,A-D|B-A|C-A|C-D|D-C|E-B
trapezoid-int,central-parallelepiped,78,10,True,12,389,40,40,0,1.952469361052374,15.665310056032787,22.833481896618927,14.76047882627993,5.1444398806093155,14.759143908622177,0.06813341221537428,1,1,0.01420062133203688,0.013014326248282295,0.03669855557909657,2.5842922447557917,True,True,6.296051182078799e-15,5.9580819677934555e-15,2.0350724194510405e-15,True,0.11585177022886682,0.447246773371714,True,A-C|B-A|B-B|C-D|C-E|D-C
cross,central-trapezoid,168,10,True,4,696,116,116,0,1.6842566864258444,14.050071825399671,25.08831603026821,13.03386924160242,4.579215014246161,13.033533328801035,0.0748338913665334,5,1,0.013995542000358562,0.005988002399115675,0.032628093552874014,2.447760721116387,True,True,3.607797795906347e-15,2.5121479338940403e-15,2.589462819655575e-15,True,0.05462130444795897,0.4759218661878611,True,A-C|B-D|C-A|D-B|D-E|E-D
trapezoid-ext,2X3,180,10,True,48,208,116,116,0,1.7603274157263729,13.889801157695432,25.015878771860937,12.828532185586955,4.776615279797002,12.827424565995809,0.07744020949534303,11,1,0.013796004702024169,0.0016696193324220172,0.033828635213865324,2.452060284446115,True,True,1.0792454646149501e-14,2.5255881921594933e-15,1.0492782356115963e-14,True,0.11690434463852176,0.46513388365735514,True,A-A|A-D|B-B|C-E|D-C|D-F
wave,triangle,36,10,True,2,65,27,27,0,1.5264981233112513,14.359544592110808,24.01880740879633,14.23577500185054,1.3193981053750257,14.23574669158479,0.011863031489712128,4,1,0.013621500146531781,0.0010210228553883549,0.03323851604271947,2.4401509147421216,True,True,6.556898606395034e-15,4.070144838902081e-15,5.140704263513307e-15,True,0.3832173847160117,0.534337309972846,True,A-C|B-B|C-A|C-B|D-C|E-A
trapezoid-ext,hexagon,180,10,True,12,435,129,129,0,1.9255282916755918,14.106003212359791,25.56667349621205,13.100237480134322,4.891201387545719,13.099706542536737,0.0775145911116919,3,1,0.013174430813328322,0.0027432137584666987,0.03227407330154828,2.454162458443973,True,True,9.763968096584691e-15,5.041745112359459e-15,8.361571575554633e-15,True,0.07530661615374537,0.4990480645036683,True,A-C|A-E|B-A|C-D|D-B|D-F
trapezoid-ext,central-trapezoid,78,10,True,2,218,60,60,0,1.5395897458931425,14.069687152985393,25.329939594466747,13.102715711147093,4.7976406201822055,13.101998574122955,0.0779791183853602,5,1,0.013010719065027683,0.0012759827725488317,0.03198482421722007,2.4583440820879807,True,True,8.71365951409179e-15,7.793734002518813e-15,3.8968670012594065e-15,True,0.1353807456472191,0.5318784556221052,True,A-A|A-C|B-D|C-D|D-B|D-E
triangle,parallelepiped-int,15,10,True,2,27,10,10,0,9.234464047494832,14.004602641266086,23.32149337122608,14.000876847723697,1.0106773825380186,14.000875664327966,0.010613419510971056,2,1,0.012899571074165088,0.001224784880552284,0.03139563635499379,2.4338511857864886,True,True,5.5288660751834285e-15,4.550560269027492e-15,3.1401849173675502e-15,True,0.3029534243107273,0.5196457976516788,True,A-B|A-C|B-A|B-B|C-C|C-D
base-trapezoid,parallelepiped-int,78,10,True,8,147,61,61,0,2.49466523790583,15.295728764843961,26.35559454654279,13.459982593959422,6.766728108780854,13.459982593959422,0.11509435390906475,3,1,0.012774457926050841,0.005064123411429844,0.033208684021847276,2.599615906529004,True,True,1.2588071553711242e-14,5.925929145204076e-15,1.1105985287554413e-14,True,0.3617310608779557,0.4499078879065762,True,A-A|B-B|B-D|C-B|D-C|E-C
triangle,pentagon,36,10,True,0,171,25,25,0,1.5721705203334935,14.094552003523807,23.619036791419802,14.022924503900112,1.2408653464056687,14.022921036513932,0.012994058541174525,2,1,0.012528014108563268,0.003079652262701068,0.030294241644420978,2.4181200134276644,True,True,1.0467348478206508e-14,9.483150488903745e-15,4.431166998547532e-15,True,0.07508335642904615,0.3853833115197168,True,A-B|A-E|B-D|B-E|C-A|C-C
trapezoid-ext,parallelepiped-int,34,10,True,6,45,25,25,0,10.35064323155336,14.084245523799835,24.898092881051337,13.383744223502537,4.826698746217631,13.383490193217101,0.07532866113360548,1,1,0.012433510291442356,0.001871296342629873,0.030380466083744454,2.4487894822241305,True,True,8.698838285367449e-15,7.591847593814708e-15,4.246603069191224e-15,True,0.10921247995755805,0.5079232384338422,True,A-A|A-C|B-C|C-B|D-B|D-D
trapezoid-int,central-trapezoid,78,10,True,6,280,50,50,0,1.7855461477164698,16.023160820031464,23.05855525165508,15.169786118986046,5.536215570028272,15.168737344429285,0.06301525007368713,4,1,0.012245381031388692,0.005937182489618321,0.03156774222663809,2.5798514805947432,True,True,1.0148677349187842e-14,7.53644380168212e-15,6.796886549149213e-15,True,0.05374349750585331,0.4661386319733713,True,A-D|B-A|B-B|C-C|C-D|D-E
rectangle-same,trapezoid-int,34,10,True,10,79,18,18,0,2.3810772734828256,13.909383590397592,26.844548209165975,12.181940504717918,5.357660048769023,12.179932261982755,0.07465074873086941,2,1,0.012140999644898827,0.009774052857494128,0.031547699260633326,2.5984433064281025,True,True,1.000357558777947e-14,9.170110590056688e-15,3.997573802514161e-15,True,0.3452479729998525,0.43871064769360363,True,A-A|A-B|B-B|C-C|C-D|D-C
central-trapezoid,rhombus-ext,78,10,True,6,257,52,52,0,1.6560744129582896,14.075906443708138,23.712906919854806,13.947730557123894,1.7024349152682003,13.947670596725755,0.011321357843224078,8,1,0.012092741141268952,0.0050116167812412,0.02913892999255144,2.42026367598674,True,True,7.112362866677808e-15,6.646518689688359e-15,2.531698018113677e-15,True,0.2835094968201919,0.461113190514354,True,A-D|B-B|C-A|D-A|D-C|E-D
central-trapezoid,wave,168,10,True,14,486,109,109,0,1.5242327967291291,14.17919924909599,23.554245069591317,14.067930161824975,1.4270473911511425,14.067896831637555,0.011973413016138856,5,1,0.012076749616225242,0.003823318221140741,0.02810470526732236,2.428227621676133,True,True,5.347542221830668e-15,4.782987168225453e-15,2.3914935841127266e-15,True,0.2006784227131822,0.4944694914980932,True,A-C|B-B|C-C|D-A|D-E|E-D
central-parallelepiped,trapezoid-int,78,10,True,12,338,44,44,0,1.9688927237729303,12.61080128724926,25.522824004107765,12.433323256917191,1.8630606720858756,12.433323256917191,0.0119564165876751,4,1,0.01158001722481093,0.008403360122805592,0.027910108268986513,2.4101957473074664,True,True,1.5304809212571528e-14,1.2919467657773836e-14,8.205153287596166e-15,True,0.11781406697847298,0.417569255938564,True,A-C|B-B|C-C|C-D|D-A|E-B
wave,rhombus-int,78,10,True,14,415,45,45,0,1.5215036985169046,13.93904309622527,23.61506813744265,13.80992846669518,1.36052136390059,13.809896493429177,0.009475110247194607,10,1,0.011520786667922084,0.0033676956285199136,0.026513762911280846,2.4253916293672186,True,True,1.1159812516873535e-14,1.0770880041763767e-14,2.9205407954182373e-15,True,0.18604545963653518,0.49161287444401497,True,A-A|B-C|C-B|C-D|D-C|E-B
trapezoid-int,rhombus-ext,34,10,True,6,109,19,19,0,2.794474587270424,16.355383978567243,22.364492663939988,15.220196603672237,5.063214285402661,15.219924914300734,0.09303712798911334,2,1,0.01147736708118925,0.005433794980050625,0.028641070342776735,2.602455614872118,True,True,6.6917994639698625e-15,4.521784348227498e-15,4.9329145922174816e-15,True,0.18548168520513933,0.432603075572651,True,A-D|B-A|B-C|C-A|C-D|D-B
trapezoid-int,3X2,180,10,True,12,757,126,126,0,1.5740184937308648,15.952185020852127,22.98899488363199,15.050446708929652,4.973598241824666,15.050442519482727,0.0604402048312771,6,1,0.011416127093506541,0.004187542904509716,0.029733179300435144,2.6044891631722713,True,True,9.767478492279564e-15,6.721206199451628e-15,7.087243704120585e-15,True,0.20295878756753785,0.5056589083218578,True,A-E|B-B|B-C|C-D|C-F|D-A
hexagon,trapezoid-int,180,10,True,12,425,138,138,0,1.8528402357940377,12.970239818270592,25.429813316814773,12.825131150611366,1.8502269066300983,12.825131150611366,0.011578580436394148,4,1,0.010946168945223229,0.004213952579618409,0.02631031029257979,2.403609009164917,True,True,1.5167450724662914e-14,1.2560739669470201e-14,8.50172808556444e-15,True,0.08488756243350125,0.41427204311211313,True,A-C|B-D|C-B|D-C|E-A|F-B
rhombus-ext,wave,78,10,True,14,216,44,44,0,1.591499073201781,14.05526813861546,23.661429524873665,13.909431271626094,1.4028612824779587,13.909422370525785,0.010097587180815104,8,1,0.010472999274100928,0.0032835189374615125,0.02515801942499816,2.412977737831529,True,True,9.78123406016898e-15,8.535290800046814e-15,4.777169737244632e-15,True,0.2266124319050896,0.49264782304703897,True,A-C|A-E|B-A|C-C|D-B|D-D
central-trapezoid,trapezoid-int,78,10,True,6,257,54,54,0,1.7493676875682487,12.745652221330369,25.69091827288588,12.621009134765943,1.9928411924201674,12.621004955904509,0.008989319021381448,5,1,0.010286995880976561,0.004236140294926018,0.024833024947020693,2.414021083934103,True,True,1.7481342028335054e-14,7.755684626330685e-15,1.566673785727365e-14,True,0.2372622362650367,0.3844888679056581,True,A-D|B-B|C-C|D-A|D-B|E-C
3X2,trapezoid-int,180,10,True,12,723,124,124,0,1.9158274370464,12.639411204739922,25.566201845067656,12.535586946362123,1.760163534415803,12.535586946362123,0.009854982369798648,3,1,0.009646389598947262,0.0041400401409203945,0.02307005252539555,2.405503282937048,True,True,5.940547831914814e-15,5.736828381253939e-15,1.5423711185402538e-15,True,0.10139576773993408,0.47041518912220753,True,A-C|B-A|C-B|D-C|E-B|F-D
triangle,rhombus-ext,15,10,True,1,69,9,9,0,9.195685468183088,14.100220623586424,23.414750695234194,14.055459140283629,1.1194098235849441,14.055434358849256,0.011146444760536056,4,1,0.00901167004919784,0.0024958434751779,0.02114484694722883,2.4313543264109994,True,True,1.0400966825418826e-14,7.394360915060227e-15,7.314611237878105e-15,True,0.06259513437588778,0.47155867269229795,True,A-C|A-D|B-A|B-B|C-A|C-D
parallelepiped-int,triangle,15,10,True,2,25,12,12,0,9.241015254351556,14.004837796214735,23.098794534816566,13.958012436145093,0.8906003380038451,13.957997028188222,0.016992190195102452,1,1,0.009004019783092454,0.001225272356084851,0.021912015279635818,2.4335814233529014,True,True,5.678440763176882e-15,3.1086244689504383e-15,4.751962059186864e-15,True,0.14744934501810236,0.47087587555643834,True,A-B|B-A|B-B|C-A|C-C|D-C
two-triangles,triangle,90,10,True,8,314,62,62,0,1.5797002302263783,14.067347804245511,23.728005786016038,13.965748188778328,1.3031327316289962,13.96572093221314,0.013944989487838733,11,1,0.008970248737201286,0.0014278412260317523,0.021797949206257324,2.430027287410346,True,True,4.088155895349452e-15,3.218282379568832e-15,2.521046836145106e-15,True,0.08515748874409186,0.47087587555643834,True,A-B|B-A|C-A|D-B|E-C|F-C
central-trapezoid,parallelepiped-int,78,10,True,2,302,52,52,0,1.51711833758786,13.759995861431783,23.772169734251623,13.565952193449275,1.7880091131705629,13.565944784588993,0.009348497161330904,16,1,0.008750221540624395,0.0012319529059767345,0.02115110236657624,2.417207640786995,True,True,5.391158871405725e-15,3.234923947455718e-15,4.312755619196869e-15,True,0.054991727625357804,0.4652866157331114,True,A-A|B-D|C-C|D-B|D-C|E-B
wave,parallelepiped-int,78,10,True,18,107,50,50,0,1.5547495900128012,13.882791917038766,23.1500153772088,13.836747408012885,1.218497603388782,13.836735405481217,0.005329001039111603,5,1,0.008035467669073048,0.0012783292321865262,0.019205624212140907,2.4299686293845326,True,True,1.1281881853869223e-14,1.093668298681716e-14,2.769444603260323e-15,True,0.2640107660601085,0.5267429318011804,True,A-A|B-B|C-C|C-D|D-C|E-B
parallelepiped-int,arrow,78,10,True,8,258,59,59,0,1.9864094713519624,13.967418186924395,23.69942712144007,13.723758126012978,1.947699289687848,13.723722364558109,0.011779510321701991,9,1,0.007946192203713835,0.0018304479938721426,0.01917517011814943,2.4131268948147864,True,True,9.144356508438812e-15,7.793734002518813e-15,4.782987168225453e-15,True,0.177264057512267,0.41302574003819187,True,A-C|B-A|B-B|C-C|C-E|D-D
pyramid,parallelepiped-int,180,10,True,4,649,124,124,0,1.9116937503729723,16.701032986426696,22.77469485312426,15.178972807108982,7.029546824155098,15.17730417288742,0.09715454825642311,15,1,0.007739986666794273,0.007392405293628526,0.019626927564974236,2.543483703376359,True,True,7.70465983141898e-15,4.782987168225453e-15,6.0402662910232525e-15,True,0.07599456487097621,0.4499078879065762,True,A-C|B-B|C-D|D-B|E-C|F-A
trapezoid-int,parallelepiped-ext,34,10,True,6,68,22,22,0,2.332006420207277,15.655784446766592,21.948886386149052,15.133340830513067,5.506649241009664,15.133137188192272,0.07727170183850962,6,1,0.007602533024118637,0.0023761929165964277,0.01953507823370275,2.570518835854456,True,True,1.3395879011520608,0.6021341379701945,1.196632869682207,True,0.203461189192547,0.43871064769360363,True,A-B|B-A|B-D|C-A|C-D|D-C
trapezoid-int,horizzontal-parallelepiped,180,10,True,13,556,131,131,0,1.9923846211421194,15.828531571326248,22.830057727232553,14.552863508884936,5.8071020071344055,14.552760801145933,0.06094310010054027,2,1,0.00743201116327072,0.01011236040060648,0.017942084362413957,2.5822630632006316,True,True,6.903449714189874e-15,3.4802063706784772e-15,5.962028310385417e-15,True,0.07581194464050543,0.3914966099903299,True,A-F|B-C|B-E|C-B|C-D|D-A
3X2,rhombus-int,180,10,True,72,200,86,86,0,1.5211307376650616,14.20353076068203,23.781115423342893,14.172118733977886,1.352140724284335,14.17210077923865,0.014034252359087063,15,1,0.007245062586917403,0.0017234347020384632,0.0174248011736094,2.435307183749543,True,True,1.284792373955795e-14,9.41008164741723e-15,8.747542958250513e-15,True,0.13199573437863452,0.5089644839199717,True,A-B|B-D|C-A|D-B|E-C|F-C
parallelepiped-int,wave,78,10,True,18,122,52,52,0,1.6430165184997105,14.216683629130241,23.309280514375484,14.147543574705487,1.3234840502133398,14.147531513389662,0.013334235518954074,5,1,0.007003128255400527,0.0012795322793654064,0.016863265716884977,2.430166638861639,True,True,6.524534502013653e-15,5.088741167471436e-15,4.083413253449618e-15,True,0.3283952935169957,0.49573600680125657,True,A-A|B-B|B-E|C-C|C-D|D-C
parallelepiped-ext,central-parallelepiped,78,10,True,18,214,46,46,0,2.432406086704921,13.885864908360745,23.34188958659206,13.570281849522862,2.245375927454327,13.570273758134256,0.01831080213197911,10,1,0.006633731900529896,0.003574512045999452,0.01660365151112616,2.5029126531025283,True,True,8.291859178896284e-15,6.584158435533061e-15,5.040216893988333e-15,True,0.09327122418547384,0.4446994208396341,True,A-B|A-D|B-C|C-A|D-C|D-E
parallelepiped-ext,rectangle-opposite,34,10,True,14,70,18,18,0,2.2578307918515814,13.498229563184985,21.546663809318666,13.22593380902904,2.329533650285826,13.225917056840622,0.014699092621162535,1,1,0.006242438567182709,0.0042220791861747615,0.015440529649275342,2.4734772289867877,True,True,9.810879491085778e-15,7.549516567451064e-15,6.265632927836534e-15,True,0.2903549707895947,0.3926817942954417,True,A-A|A-B|B-C|C-D|D-A|D-D
trapezoid-ext,base-trapezoid,78,10,True,14,112,55,55,0,2.0090666403785025,15.059244739207251,22.554348128530357,14.452857552657699,4.563095793698001,14.451926293567826,0.074021569732591,4,1,0.005483545701625748,0.0012672088072642356,0.012775300765759428,2.452847442478833,True,True,9.901079482221412e-15,7.330835502736467e-15,6.65509021314395e-15,True,0.0939552756333043,0.42047603591856025,True,A-A|A-B|B-E|C-C|D-B|D-D
trapezoid-int,pyramid,180,10,True,16,429,139,139,0,2.253564536039615,14.512633717722291,24.398500786556546,14.246197471733465,5.607916990972694,14.246046960834803,0.06572206176814355,12,1,0.004973312156068565,0.0022290959960948147,0.012881121271231142,2.592951902572912,True,True,6.556898606395034e-15,5.043883840194739e-15,4.189529226675416e-15,True,0.19894313501162048,0.49625046035832693,True,A-A|B-B|B-C|C-E|C-F|D-D
central-trapezoid,rhombus-int,78,10,True,2,244,61,61,0,1.594321884329022,14.00019647285134,23.607413452269327,13.882345401705269,1.4764463655598643,13.882328578117594,0.011613512941480053,11,1,0.004178822769507899,0.0018184727518673219,0.010088005492394985,2.4226518969386213,True,True,1.6127724062861577e-14,1.5567898301823764e-14,4.212365833101049e-15,True,0.13995190091608387,0.4804999201258812,True,A-C|B-B|C-A|D-B|D-D|E-C
triangle,3X2,90,10,True,6,367,67,67,0,1.5512707572314028,14.003646360015678,24.15210058282107,13.941907852304134,1.2115672595536267,13.941905945120507,0.01300982106115356,12,1,0.004038688464340299,0.0006192035744229577,0.009390669609518038,2.4273979170941096,True,True,1.6797405438158056e-14,1.4755012537928884e-14,8.02760452809076e-15,True,0.06403473186442743,0.4155732474908918,True,A-B|A-C|B-A|B-D|C-E|C-F
trapezoid-int,rectangle-same,34,10,True,10,81,20,20,0,2.320454410450109,15.26991085643555,21.638670039262625,13.768436962465566,5.223911654012925,13.76826302332893,0.07472352419342343,4,1,0.00375915172472387,0.0038095008433607584,0.009628684317354603,2.573271541298703,True,True,9.068558285046774e-15,5.891509130072236e-15,6.89411847443645e-15,True,0.07581194464050543,0.3914966099903299,True,A-D|B-A|B-C|C-B|C-C|D-A
trapezoid-int,wave,78,10,True,6,158,57,57,0,1.9222101631209991,16.875319412466126,23.04102836884517,15.299244673449653,5.665897525637385,15.298290775290615,0.09385982407585391,7,1,0.003641320520792457,0.0014877728290422498,0.009467784585176463,2.6069937951979507,True,True,6.870629814664151e-15,5.719269387231329e-15,3.807297168127349e-15,True,0.2636796952384402,0.4825720176884886,True,A-C|B-A|B-C|C-D|C-E|D-B
base-trapezoid,parallelepiped-ext,78,10,True,0,207,64,64,0,2.7703436854817234,15.30396055060559,26.325388875234193,13.512419263081197,6.159914685034146,13.510390931745402,0.10891941707489217,10,1,0.0036112469466167817,0.00360976063034126,0.008622947965066111,2.605792847069582,True,True,5.929048329109094e-15,3.2023728339893768e-15,4.989831893063952e-15,True,0.07664380467915737,0.4652866157331114,True,A-A|B-A|B-C|C-D|D-B|E-D
triangle,base-trapezoid,36,10,True,6,62,25,25,0,2.002317414983023,14.56376498650241,20.93966087730894,14.488243484592767,1.0644942825705646,14.488204186406048,0.011327944903771758,5,1,0.0029098138537759686,0.000733354870838274,0.007049299616002343,2.4269028441305376,True,True,4.636427468134552e-15,4.070144838902081e-15,2.220446049250313e-15,True,0.08942109227275438,0.483970554010485,True,A-B|A-C|B-B|B-D|C-A|C-E
trapezoid-int,trapezoid-int,34,10,True,16,70,11,11,0,3.8402471544937877,14.858818897779205,23.48062302559505,14.572969031587412,5.2363767836322905,14.57280502177925,0.0559664097882262,5,1,0.002772898477828199,0.0006378632817734993,0.007171445922233424,2.596546343415189,True,True,6.378772354386089e-15,4.685351628010801e-15,4.328535187679174e-15,True,0.07320196921372803,0.3844888679056581,True,A-A|B-B|B-C|C-C|C-D|D-B
trapezoid-int,hexagon,180,10,True,12,472,135,135,0,1.9537663132787144,16.412526303557343,22.78070312529477,14.823129775054653,5.409735657448254,14.822951141306655,0.09342213204971017,6,1,0.0018318514542226474,0.0029797449859444484,0.004590818679771604,2.598838480687585,True,True,1.5592277078454716e-14,1.2989383742368988e-14,8.625254459132472e-15,True,0.06265859274247343,0.4579559407757837,True,A-E|B-B|B-C|C-D|C-F|D-A
central-trapezoid,triangle,36,10,True,0,119,28,28,0,1.5506939429023758,14.133904257608226,23.841715719156017,13.963049347621235,1.4144148737498048,13.963033209450256,0.013304635747172,5,1,0.001561452096984701,0.0008016958054473079,0.0036871930363210053,2.4372582464066523,True,True,1.3766765505351941e-14,1.0950198975068616e-14,8.343678738167853e-15,True,0.1937070374881085,0.534337309972846,True,A-B|B-A|C-B|D-A|D-C|E-C
central-parallelepiped,parallelepiped-ext,78,10,True,18,218,38,38,0,2.44745900864848,13.868768681497658,23.223549429140515,13.657513199134419,2.276481724197109,13.65738808702951,0.012212791514478738,19,1,0.0015033986034640506,0.0008996119899704165,0.0035381968358213357,2.4154969693967554,True,True,5.102196573270515e-15,3.972054645195637e-15,3.2023728339893768e-15,True,0.260955347057562,0.4531133653291396,True,A-A|B-B|C-C|C-D|D-A|E-D
two-triangles,parallelepiped-ext,180,10,True,28,491,131,131,0,1.594833583022829,13.704963592790447,24.04827026889091,13.562541063223774,1.536820762455828,13.562532797408961,0.012175984293469,15,1,0.0014097923087006635,0.0005333937064560294,0.0034114703392442926,2.425921015712717,True,True,1.2599930840116887e-14,8.140289677804162e-15,9.61737704039743e-15,True,0.25928003885266604,0.483783135624614,True,A-A|B-C|C-A|D-B|E-D|F-D
wave,rectangle-opposite,78,10,True,22,210,47,47,0,2.2036319456377558,13.67748163600252,23.106647304754627,13.597887756823201,1.5525806577675505,13.59788471440359,0.009920541792782345,8,1,0.0011747571171189413,0.0016397897682702744,0.002623569923757444,2.4145807782500035,True,True,7.468261590855958e-15,6.8159013891437096e-15,3.052608629176561e-15,True,0.20497734473063722,0.3676539667191418,True,A-D|B-A|C-A|C-D|D-B|E-C
base-trapezoid,trapezoid-ext,78,10,True,14,105,56,56,0,2.0312471848909825,16.28594075790728,24.37474197018222,13.615377522197353,5.575789428358246,13.61244089926668,0.12612799208712389,8,1,0.0003911370147179283,5.3044082338836225e-05,0.00101854316054725,2.6079125939731616,True,True,9.872873219148074e-15,8.881784197001252e-15,4.311326371230795e-15,True,0.1521561506070426,0.5405520175158985,True,A-A|B-A|B-B|C-D|D-C|E-D
wave,trapezoid-int,78,10,True,6,160,57,57,0,2.0370964151365483,13.05084493725005,25.203953238557517,12.953055868275142,1.7113420257233958,12.953055868275142,0.010665035518180765,15,1,0.00010713985606381506,8.324555814740348e-05,0.000253643379348487,2.4330686308942027,True,True,4.151426041945675e-14,2.1394778340859062e-14,3.557663949728784e-14,True,0.31280492360315565,0.4828768357435626,True,A-B|B-A|C-B|C-D|D-C|E-C
pentagon,triangle,36,10,True,0,170,25,25,0,1.665369242029234,13.974771220185264,24.037009919521473,13.707615805986855,2.1166011282911974,13.707502806384438,0.024927065547778682,11,1,6.96304685440971e-05,4.5536618723744425e-05,0.0001643448675276744,2.4286046535728776,True,True,1.1451992206292895e-14,9.565974336450906e-15,6.296051182078799e-15,True,0.1897186416157568,0.4485411428546979,True,A-C|B-C|C-B|D-A|E-A|E-B
line,line,6,10,False,6,0,0,0,0,,,,,,,,0,0,,,,,,,,,,,,,,
line,diagonal,6,10,False,6,0,0,0,0,,,,,,,,0,0,,,,,,,,,,,,,,
line,triangle,6,10,False,6,0,0,0,0,,,,,,,,0,0,,,,,,,,,,,,,,
line,rectangle-same,15,10,False,15,0,0,0,0,,,,,,,,0,0,,,,,,,,,,,,,,
line,rectangle-opposite,15,10,False,15,0,0,0,0,,,,,,,,0,0,,,,,,,,,,,,,,
line,rhombus-ext,15,10,False,15,0,0,0,0,,,,,,,,0,0,,,,,,,,,,,,,,
line,rhombus-int,15,10,False,15,0,0,0,0,,,,,,,,0,0,,,,,,,,,,,,,,
line,parallelepiped-ext,15,10,False,15,0,0,0,0,,,,,,,,0,0,,,,,,,,,,,,,,
line,parallelepiped-int,15,10,False,15,0,0,0,0,,,,,,,,0,0,,,,,,,,,,,,,,
line,trapezoid-ext,15,10,False,15,0,0,0,0,,,,,,,,0,0,,,,,,,,,,,,,,
line,trapezoid-int,15,10,False,15,0,0,0,0,,,,,,,,0,0,,,,,,,,,,,,,,
line,pentagon,36,10,False,36,0,0,0,0,,,,,,,,0,0,,,,,,,,,,,,,,
line,arrow,36,10,False,36,0,0,0,0,,,,,,,,0,0,,,,,,,,,,,,,,
line,cross,36,10,False,36,0,0,0,0,,,,,,,,0,0,,,,,,,,,,,,,,
line,central-trapezoid,36,10,False,36,0,0,0,0,,,,,,,,0,0,,,,,,,,,,,,,,
line,wave,36,10,False,36,0,0,0,0,,,,,,,,0,0,,,,,,,,,,,,,,
line,base-trapezoid,36,10,False,36,0,0,0,0,,,,,,,,0,0,,,,,,,,,,,,,,
line,central-parallelepiped,36,10,False,36,0,0,0,0,,,,,,,,0,0,,,,,,,,,,,,,,
line,2X3,90,10,False,90,0,0,0,0,,,,,,,,0,0,,,,,,,,,,,,,,
line,two-triangles,90,10,False,90,0,0,0,0,,,,,,,,0,0,,,,,,,,,,,,,,
line,vertical-parallelepiped,90,10,False,90,0,0,0,0,,,,,,,,0,0,,,,,,,,,,,,,,
line,pyramid,90,10,False,90,0,0,0,0,,,,,,,,0,0,,,,,,,,,,,,,,
line,horizzontal-parallelepiped,90,10,False,90,0,0,0,0,,,,,,,,0,0,,,,,,,,,,,,,,
line,3X2,90,10,False,90,0,0,0,0,,,,,,,,0,0,,,,,,,,,,,,,,
line,hexagon,90,10,False,90,0,0,0,0,,,,,,,,0,0,,,,,,,,,,,,,,
diagonal,line,6,10,False,6,0,0,0,0,,,,,,,,0,0,,,,,,,,,,,,,,
diagonal,diagonal,6,10,False,6,0,0,0,0,,,,,,,,0,0,,,,,,,,,,,,,,
diagonal,triangle,6,10,False,6,0,0,0,0,,,,,,,,0,0,,,,,,,,,,,,,,
diagonal,rectangle-same,15,10,False,15,0,0,0,0,,,,,,,,0,0,,,,,,,,,,,,,,
diagonal,rectangle-opposite,15,10,False,15,0,0,0,0,,,,,,,,0,0,,,,,,,,,,,,,,
diagonal,rhombus-ext,15,10,False,15,0,0,0,0,,,,,,,,0,0,,,,,,,,,,,,,,
diagonal,rhombus-int,15,10,False,15,0,0,0,0,,,,,,,,0,0,,,,,,,,,,,,,,
diagonal,parallelepiped-ext,15,10,False,15,0,0,0,0,,,,,,,,0,0,,,,,,,,,,,,,,
diagonal,parallelepiped-int,15,10,False,15,0,0,0,0,,,,,,,,0,0,,,,,,,,,,,,,,
diagonal,trapezoid-ext,15,10,False,15,0,0,0,0,,,,,,,,0,0,,,,,,,,,,,,,,
diagonal,trapezoid-int,15,10,False,15,0,0,0,0,,,,,,,,0,0,,,,,,,,,,,,,,
diagonal,pentagon,36,10,False,36,0,0,0,0,,,,,,,,0,0,,,,,,,,,,,,,,
diagonal,arrow,36,10,False,36,0,0,0,0,,,,,,,,0,0,,,,,,,,,,,,,,
diagonal,cross,36,10,False,36,0,0,0,0,,,,,,,,0,0,,,,,,,,,,,,,,
diagonal,central-trapezoid,36,10,False,36,0,0,0,0,,,,,,,,0,0,,,,,,,,,,,,,,
diagonal,wave,36,10,False,36,0,0,0,0,,,,,,,,0,0,,,,,,,,,,,,,,
diagonal,base-trapezoid,36,10,False,36,0,0,0,0,,,,,,,,0,0,,,,,,,,,,,,,,
diagonal,central-parallelepiped,36,10,False,36,0,0,0,0,,,,,,,,0,0,,,,,,,,,,,,,,
diagonal,2X3,90,10,False,90,0,0,0,0,,,,,,,,0,0,,,,,,,,,,,,,,
diagonal,two-triangles,90,10,False,90,0,0,0,0,,,,,,,,0,0,,,,,,,,,,,,,,
diagonal,vertical-parallelepiped,90,10,False,90,0,0,0,0,,,,,,,,0,0,,,,,,,,,,,,,,
diagonal,pyramid,90,10,False,90,0,0,0,0,,,,,,,,0,0,,,,,,,,,,,,,,
diagonal,horizzontal-parallelepiped,90,10,False,90,0,0,0,0,,,,,,,,0,0,,,,,,,,,,,,,,
diagonal,3X2,90,10,False,90,0,0,0,0,,,,,,,,0,0,,,,,,,,,,,,,,
diagonal,hexagon,90,10,False,90,0,0,0,0,,,,,,,,0,0,,,,,,,,,,,,,,
triangle,line,6,10,False,6,0,0,0,0,,,,,,,,0,0,,,,,,,,,,,,,,
triangle,diagonal,6,10,False,6,0,0,0,0,,,,,,,,0,0,,,,,,,,,,,,,,
triangle,triangle,6,10,False,3,18,1,1,0,9.34808273381333,14.38479719815258,23.646357202582454,14.342828122047473,1.3794031895555086,14.34282661765914,0.01393760160626556,2,0,,,,,,,,,,,,,,
triangle,rectangle-opposite,15,10,False,2,53,9,9,0,1.6298536851709695,13.66601798004807,22.567124993165532,13.553494689418368,1.2593077894950768,13.553447556231557,0.012291389896752491,4,0,,,,,,,,,,,,,,
triangle,parallelepiped-ext,15,10,False,2,26,11,11,0,9.153628524980837,13.927925895038515,22.81315869048039,13.9098411340725,1.2696223580899584,13.909839649220853,0.012004783202255176,2,0,,,,,,,,,,,,,,
triangle,trapezoid-int,15,10,False,3,14,11,11,0,9.607929805754194,13.17826289556696,24.95491751156537,13.095022704684052,1.3105303815607643,13.095022704684052,0.017147596250810082,1,0,,,,,,,,,,,,,,
triangle,cross,36,10,False,2,185,27,27,0,1.8402731457836852,14.617555903531809,22.924233073053628,14.549843919617588,1.0954904102851268,14.549780712360624,0.009822455783165651,7,0,,,,,,,,,,,,,,
triangle,wave,36,10,False,2,64,27,27,0,1.649863995156817,14.455458734623983,23.946096751645783,14.320826910648119,1.3242240705978068,14.32082466350635,0.01519963523670409,7,0,,,,,,,,,,,,,,
rectangle-same,line,15,10,False,15,0,0,0,0,,,,,,,,0,0,,,,,,,,,,,,,,
rectangle-same,diagonal,15,10,False,15,0,0,0,0,,,,,,,,0,0,,,,,,,,,,,,,,
rectangle-same,rectangle-same,34,10,False,19,38,11,11,0,3.2145175050813584,16.332721195307535,23.095641830212223,13.879201847172364,7.091937615013332,13.877555107399807,0.10548650905560031,4,0,,,,,,,,,,,,,,
rectangle-opposite,line,15,10,False,15,0,0,0,0,,,,,,,,0,0,,,,,,,,,,,,,,
rectangle-opposite,diagonal,15,10,False,15,0,0,0,0,,,,,,,,0,0,,,,,,,,,,,,,,
rhombus-ext,line,15,10,False,15,0,0,0,0,,,,,,,,0,0,,,,,,,,,,,,,,
rhombus-ext,diagonal,15,10,False,15,0,0,0,0,,,,,,,,0,0,,,,,,,,,,,,,,
rhombus-ext,rhombus-ext,34,10,False,18,38,12,12,0,1.5057096637310952,14.188978315731266,23.177643911954437,14.078806495822953,1.7742250668582438,14.078794801041798,0.01433939789461558,4,0,,,,,,,,,,,,,,
rhombus-ext,rhombus-int,34,10,False,18,0,16,16,0,,,,,,,,0,0,,,,,,,,,,,,,,
rhombus-int,line,15,10,False,15,0,0,0,0,,,,,,,,0,0,,,,,,,,,,,,,,
rhombus-int,diagonal,15,10,False,15,0,0,0,0,,,,,,,,0,0,,,,,,,,,,,,,,
rhombus-int,rhombus-ext,34,10,False,18,0,16,16,0,,,,,,,,0,0,,,,,,,,,,,,,,
rhombus-int,rhombus-int,34,10,False,18,38,12,12,0,1.5267546865107533,14.102610550234717,22.876273297424657,13.960246236908826,1.6747905820110176,13.960228551290994,0.011586486141909269,4,0,,,,,,,,,,,,,,
parallelepiped-ext,line,15,10,False,15,0,0,0,0,,,,,,,,0,0,,,,,,,,,,,,,,
parallelepiped-ext,diagonal,15,10,False,15,0,0,0,0,,,,,,,,0,0,,,,,,,,,,,,,,
parallelepiped-ext,triangle,15,10,False,2,27,11,11,0,1.8006518256229973,13.934446329544699,22.753135667028033,13.881396560516347,1.7620845126778442,13.881377496546666,0.025379869257939447,2,0,,,,,,,,,,,,,,
parallelepiped-ext,rectangle-same,34,10,False,6,82,22,22,0,2.1240196413995713,14.16054049996896,20.947032703849253,14.098251373826159,2.478440838089263,14.09822500595251,0.02446781846268209,6,0,,,,,,,,,,,,,,
parallelepiped-ext,rhombus-ext,34,10,False,10,30,22,22,0,9.080082363176562,14.034620629281713,22.701751428179854,13.968098547292275,1.8713557405996188,13.96808644678497,0.02464410741992573,2,0,,,,,,,,,,,,,,
parallelepiped-ext,parallelepiped-ext,34,10,False,18,34,14,14,0,9.12158023909594,13.962077070378754,21.858113973312012,13.88246780160862,1.4465161768871417,13.882455618330388,0.010927735758512469,2,0,,,,,,,,,,,,,,
parallelepiped-ext,parallelepiped-int,34,10,False,18,0,16,16,0,,,,,,,,0,0,,,,,,,,,,,,,,
parallelepiped-ext,trapezoid-ext,34,10,False,6,59,24,24,0,1.879098504958995,14.59205681293386,22.151964656311147,14.537690128199792,1.6110246612316168,14.537660408863442,0.025436396946938444,4,0,,,,,,,,,,,,,,
parallelepiped-ext,trapezoid-int,34,10,False,6,65,22,22,0,2.716071712145257,12.882442848036119,24.978894286714695,12.679582984197818,2.377064355711371,12.679582984197818,0.016952929930669214,6,0,,,,,,,,,,,,,,
parallelepiped-int,line,15,10,False,15,0,0,0,0,,,,,,,,0,0,,,,,,,,,,,,,,
parallelepiped-int,diagonal,15,10,False,15,0,0,0,0,,,,,,,,0,0,,,,,,,,,,,,,,
parallelepiped-int,parallelepiped-ext,34,10,False,18,0,16,16,0,,,,,,,,0,0,,,,,,,,,,,,,,
parallelepiped-int,parallelepiped-int,34,10,False,18,34,14,14,0,9.246902530517957,14.043375893114998,21.984584087759604,13.943378622792626,1.3724310726502638,13.943365441047273,0.010441474883394086,2,0,,,,,,,,,,,,,,
parallelepiped-int,trapezoid-ext,34,10,False,6,50,26,26,0,9.17548104400756,14.573552339289732,22.354761107033827,14.521798860408406,1.0475604689089315,14.521783073448944,0.015886839154639176,2,0,,,,,,,,,,,,,,
parallelepiped-int,trapezoid-int,34,10,False,6,67,22,22,0,1.9514721321376023,12.72059732046591,25.04651449840318,12.677953074504678,1.750060173301025,12.677953074504678,0.011807465654536387,6,0,,,,,,,,,,,,,,
trapezoid-ext,line,15,10,False,15,0,0,0,0,,,,,,,,0,0,,,,,,,,,,,,,,
trapezoid-ext,diagonal,15,10,False,15,0,0,0,0,,,,,,,,0,0,,,,,,,,,,,,,,
trapezoid-ext,triangle,15,10,False,3,37,8,8,0,10.459285236996777,14.29521593471557,25.00534537614728,13.427750788069543,4.934614976973408,13.427446226836741,0.0821425169262735,4,0,,,,,,,,,,,,,,
trapezoid-ext,rectangle-opposite,34,10,False,4,109,23,23,0,2.42957756614153,13.775976247543229,24.524119244832793,12.67565795394513,4.750978752226184,12.674506593630452,0.07523049454804642,7,0,,,,,,,,,,,,,,
trapezoid-ext,rhombus-ext,34,10,False,6,101,19,19,0,1.9949743496654488,14.100625220326027,24.816934598285,13.19404906060694,4.756067993716815,13.192980356358264,0.08141732145107916,9,0,,,,,,,,,,,,,,
trapezoid-ext,parallelepiped-ext,34,10,False,6,58,24,24,0,2.815720470436946,13.8515167540263,24.497013248796158,12.989430482465654,4.747083964911958,12.989155611224945,0.07583723013628063,4,0,,,,,,,,,,,,,,
trapezoid-ext,trapezoid-ext,34,10,False,16,72,10,10,0,10.335860324252176,15.01838629266937,24.29124165764748,14.279701494162586,4.749505454072114,14.279450102525544,0.080320780661717,8,0,,,,,,,,,,,,,,
trapezoid-ext,trapezoid-int,34,10,False,16,0,18,18,0,,,,,,,,0,0,,,,,,,,,,,,,,
trapezoid-ext,cross,78,10,False,0,325,62,62,0,2.4510203607169774,14.819494217541127,24.50041430989689,13.914933064805837,4.6461653459814265,13.913930956968754,0.07771941546755734,16,0,,,,,,,,,,,,,,
trapezoid-ext,central-parallelepiped,78,10,False,12,322,46,46,0,1.5816065781971833,13.943825382311957,25.13663538284424,13.00649956958275,4.772511599484668,13.005855917891905,0.0776144852665892,20,0,,,,,,,,,,,,,,
trapezoid-ext,pyramid,180,10,False,13,486,129,129,0,2.1102025280745798,14.482566619044075,26.60065272893901,13.684112872506969,4.967465267520268,13.684112872506969,0.0814730911674495,20,0,,,,,,,,,,,,,,
trapezoid-int,line,15,10,False,15,0,0,0,0,,,,,,,,0,0,,,,,,,,,,,,,,
trapezoid-int,diagonal,15,10,False,15,0,0,0,0,,,,,,,,0,0,,,,,,,,,,,,,,
trapezoid-int,triangle,15,10,False,3,14,11,11,0,11.328888763241766,17.202299272749556,22.600378660457864,15.677102811492583,6.2986553454313885,15.675910694839029,0.07681583935244429,1,0,,,,,,,,,,,,,,
trapezoid-int,parallelepiped-int,34,10,False,6,71,21,21,0,2.4151192841266242,16.001958320023196,21.948372709923078,15.372332535428013,5.229669635125728,15.372332457609357,0.07764686426046907,7,0,,,,,,,,,,,,,,
trapezoid-int,trapezoid-ext,34,10,False,16,0,18,18,0,,,,,,,,0,0,,,,,,,,,,,,,,
trapezoid-int,2X3,180,10,False,60,175,109,109,0,2.515071908290608,15.711543920876526,22.07630423964774,14.659031515627804,5.744497824988856,14.657779666492303,0.06930720486494302,11,0,,,,,,,,,,,,,,
pentagon,line,36,10,False,36,0,0,0,0,,,,,,,,0,0,,,,,,,,,,,,,,
pentagon,diagonal,36,10,False,36,0,0,0,0,,,,,,,,0,0,,,,,,,,,,,,,,
arrow,line,36,10,False,36,0,0,0,0,,,,,,,,0,0,,,,,,,,,,,,,,
arrow,diagonal,36,10,False,36,0,0,0,0,,,,,,,,0,0,,,,,,,,,,,,,,
cross,line,36,10,False,36,0,0,0,0,,,,,,,,0,0,,,,,,,,,,,,,,
cross,diagonal,36,10,False,36,0,0,0,0,,,,,,,,0,0,,,,,,,,,,,,,,
cross,triangle,36,10,False,2,157,23,23,0,1.6538823244654262,14.207348762328737,24.957443793028382,13.103168159643268,4.674470404179715,13.102793133741532,0.0826731994455816,11,0,,,,,,,,,,,,,,
central-trapezoid,line,36,10,False,36,0,0,0,0,,,,,,,,0,0,,,,,,,,,,,,,,
central-trapezoid,diagonal,36,10,False,36,0,0,0,0,,,,,,,,0,0,,,,,,,,,,,,,,
central-trapezoid,cross,168,10,False,4,702,123,123,0,1.580874972070077,14.501737410276032,22.965890132955767,14.385359949848553,1.4611456909407412,14.38531237498361,0.013265153214181424,20,0,,,,,,,,,,,,,,
wave,line,36,10,False,36,0,0,0,0,,,,,,,,0,0,,,,,,,,,,,,,,
wave,diagonal,36,10,False,36,0,0,0,0,,,,,,,,0,0,,,,,,,,,,,,,,
base-trapezoid,line,36,10,False,36,0,0,0,0,,,,,,,,0,0,,,,,,,,,,,,,,
base-trapezoid,diagonal,36,10,False,36,0,0,0,0,,,,,,,,0,0,,,,,,,,,,,,,,
base-trapezoid,triangle,36,10,False,6,85,25,25,0,1.9388576057549862,15.66616114358301,25.176904168769507,13.661363776567786,5.750634120820628,13.661363776567786,0.12547330791871758,5,0,,,,,,,,,,,,,,
base-trapezoid,rectangle-same,78,10,False,18,140,47,47,0,2.590935190884526,16.348077642489763,23.503003865416403,13.97793851769949,6.666990495402648,13.974999362251461,0.08646374341247043,13,0,,,,,,,,,,,,,,
base-trapezoid,trapezoid-int,78,10,False,14,92,58,58,0,3.220036287411007,14.78171927529165,27.098536579201102,13.948112890002992,6.554234200739586,13.947592648175021,0.09063688038370366,6,0,,,,,,,,,,,,,,
central-parallelepiped,line,36,10,False,36,0,0,0,0,,,,,,,,0,0,,,,,,,,,,,,,,
central-parallelepiped,diagonal,36,10,False,36,0,0,0,0,,,,,,,,0,0,,,,,,,,,,,,,,
2X3,line,90,10,False,90,0,0,0,0,,,,,,,,0,0,,,,,,,,,,,,,,
2X3,diagonal,90,10,False,90,0,0,0,0,,,,,,,,0,0,,,,,,,,,,,,,,
two-triangles,line,90,10,False,90,0,0,0,0,,,,,,,,0,0,,,,,,,,,,,,,,
two-triangles,diagonal,90,10,False,90,0,0,0,0,,,,,,,,0,0,,,,,,,,,,,,,,
vertical-parallelepiped,line,90,10,False,90,0,0,0,0,,,,,,,,0,0,,,,,,,,,,,,,,
vertical-parallelepiped,diagonal,90,10,False,90,0,0,0,0,,,,,,,,0,0,,,,,,,,,,,,,,
pyramid,line,90,10,False,90,0,0,0,0,,,,,,,,0,0,,,,,,,,,,,,,,
pyramid,diagonal,90,10,False,90,0,0,0,0,,,,,,,,0,0,,,,,,,,,,,,,,
pyramid,central-trapezoid,360,10,False,10,1191,267,267,0,1.8774692753364333,16.938017956084774,22.72789525875752,15.395180148204801,7.017789764679341,15.39378214453853,0.10034188608257644,20,0,,,,,,,,,,,,,,
horizzontal-parallelepiped,line,90,10,False,90,0,0,0,0,,,,,,,,0,0,,,,,,,,,,,,,,
horizzontal-parallelepiped,diagonal,90,10,False,90,0,0,0,0,,,,,,,,0,0,,,,,,,,,,,,,,
3X2,line,90,10,False,90,0,0,0,0,,,,,,,,0,0,,,,,,,,,,,,,,
3X2,diagonal,90,10,False,90,0,0,0,0,,,,,,,,0,0,,,,,,,,,,,,,,
3X2,trapezoid-ext,180,10,False,18,679,120,120,0,1.8012230572615533,14.668627341969081,23.21045857635911,14.575877493855666,1.26060088194272,14.575866709803789,0.015839161020418047,20,0,,,,,,,,,,,,,,
hexagon,line,90,10,False,90,0,0,0,0,,,,,,,,0,0,,,,,,,,,,,,,,
hexagon,diagonal,90,10,False,90,0,0,0,0,,,,,,,,0,0,,,,,,,,,,,,,,
