pay_layout,gnd_layout,n_routings_checked,n_poses_checked,feasible,n_wcc_fail,n_wfc_fail,n_ifc_fail,n_ifc_fail_cable_cable,n_ifc_fail_exit_angle,wfc_fail_residual_min,wfc_fail_residual_median,wfc_fail_residual_max,wfc_fail_residual_force_median,wfc_fail_residual_moment_median,wfc_fail_residual_force_lateral_median,wfc_fail_residual_force_vertical_median,n_wfc_verify_attempted,n_wfc_verify_rescued,conditioning_index,manipulability,sigma_min,sigma_max,rank_ok,wfc_ok,max_wfc_residual,max_wfc_residual_force,max_wfc_residual_moment,ifc_ok,min_cable_cable_dist,min_exit_angle_margin,wfc_rescued_by_reposition,best_routing
pentagon,rectangle-same,78,10,True,0,394,42,42,0,2.152258825653004,13.912347150299581,22.339530514560316,13.385089192031682,1.9038762849908477,13.3798452185218,1.7763568394002505e-14,2,1,0.0831813363592999,0.07207353363086383,0.20053977595791778,2.4108746593309194,True,True,1.3747809685080813e-14,8.63742519090678e-15,1.0695660671912268e-14,True,0.17899285817858254,0.3503071239504709,True,A-D|B-A|C-B|D-C|E-A|E-C
two-triangles,2X3,720,10,True,72,2300,485,485,0,1.7658950956655552,13.509582332813189,24.1028999823045,13.36921736987153,1.564425538044342,13.36921736987153,1.4210854715202004e-14,1,1,0.08196115971492667,0.0628001870753773,0.19649920582880626,2.3974673676197393,True,True,4.052694235411098e-15,2.5924361388342236e-15,3.115061063895963e-15,True,0.06381402746950593,0.4431883781158899,True,A-D|B-F|C-A|D-B|E-C|F-E
two-triangles,rectangle-same,180,10,True,6,787,110,110,0,1.808339429998054,14.0585992845992,21.811912552760084,13.666195067020608,1.8672503420842212,13.666195067020608,1.5987211554602254e-14,2,1,0.07929366181677094,0.07403124162695397,0.18929262055138615,2.3872351990603864,True,True,1.2663830809654952e-14,1.096879096993053e-14,6.329157561124267e-15,True,0.09819260648924258,0.32651322683833955,True,A-D|B-C|C-A|D-A|E-C|F-B
rectangle-opposite,2X3,180,10,True,72,146,94,94,0,2.7590278714747116,13.473804153557097,22.257286234704218,13.300938957643043,2.1312837058672818,13.300938957643043,1.5987211554602254e-14,1,1,0.07857028811427824,0.09572875744328328,0.18747598130815898,2.3860925778391002,True,True,7.053193662129238e-15,6.2803698347351005e-15,3.210061615366513e-15,True,0.20267351959983898,0.4182034220705242,True,A-D|A-F|B-B|C-A|D-C|D-E
parallelepiped-int,2X3,180,10,True,52,340,102,102,0,2.594596830284037,13.685605140183588,22.414462529984924,13.544448146275446,1.4262994358738204,13.544448146275446,1.5987211554602254e-14,1,1,0.07839517805178851,0.03436818559504472,0.18915447943936697,2.4128330866779835,True,True,9.890803643341552e-15,8.847369999933273e-15,4.42176896676197e-15,True,0.32134017747260035,0.3914966099903299,True,A-E|B-A|B-C|C-B|C-D|D-F
vertical-parallelepiped,pentagon,360,10,True,0,1697,242,242,0,1.6276816392036348,13.852171906891169,23.65374608600917,13.69058780613949,1.7113417917308342,13.69058780613949,1.5987211554602254e-14,1,1,0.07269484304189201,0.04464038851492533,0.17348764992230276,2.3865193549193946,True,True,7.57823793488116e-15,6.586205684870659e-15,3.748544367384395e-15,True,0.05737978451658931,0.47076339333202394,True,A-B|B-C|C-D|D-E|E-E|F-A
rectangle-opposite,pyramid,180,10,True,10,537,122,122,0,2.050003797327434,12.727203789632181,25.43834617516408,12.489995398898959,1.7552019900359266,12.489995398898959,1.4210854715202004e-14,2,1,0.07232202358695859,0.05985498519177075,0.1729882237959339,2.3919162547759223,True,True,9.559995445354008e-15,9.516057387562985e-15,9.155133597044475e-16,True,0.07227321763638558,0.4182034220705242,True,A-A|A-E|B-C|C-B|D-D|D-F
base-trapezoid,rectangle-same,78,10,True,18,137,47,47,0,1.6926928780736274,13.549971238899985,22.758399544237967,13.377261161073953,2.6327173819323635,13.376698385336487,1.7763568394002505e-14,1,1,0.0716834539880307,0.074787634283528,0.18476360155933402,2.5774930096167634,True,True,9.010297908710425e-15,4.327721699385603e-15,7.902929412336823e-15,True,0.06417136132970501,0.4652866157331114,True,A-B|B-A|B-C|C-D|D-A|E-C
vertical-parallelepiped,rectangle-opposite,180,10,True,28,560,107,107,0,1.6985324526187504,13.508751857626295,23.559509514330916,13.225033839472994,2.580028630233203,13.225033839472994,1.4210854715202004e-14,1,1,0.07120813442612012,0.06760527928929218,0.16991250173750383,2.3861389307115113,True,True,8.37314993312497e-15,4.8984868290302385e-15,6.790763328846616e-15,True,0.09723058338835644,0.32651322683833955,True,A-D|B-A|C-A|D-B|E-C|F-D
vertical-parallelepiped,central-parallelepiped,360,10,True,76,962,223,223,0,1.6014538426165061,13.791054414527043,23.81883352731708,13.512360051332596,2.030348179504675,13.512360051332596,1.4210854715202004e-14,1,1,0.07037160584580698,0.04888918261954693,0.16951181889431358,2.4088098723473106,True,True,1.3025164374969315e-14,1.158919627427189e-14,5.945202831810897e-15,True,0.12466421747600853,0.42339245367800304,True,A-D|B-C|C-E|D-C|E-A|F-B
central-parallelepiped,rectangle-same,78,10,True,26,164,35,35,0,1.8879570930454348,14.563044033979272,20.610494928624178,14.208150056473237,2.715158958745631,14.208150056473237,1.5987211554602254e-14,1,1,0.06909441773567303,0.052825214477683506,0.1669633731731511,2.4164524232896016,True,True,8.20382700113664e-15,5.670023225319915e-15,5.929048329109094e-15,True,0.08546886265131835,0.41981971932396717,True,A-A|B-A|C-B|C-D|D-C|E-C
parallelepiped-ext,rectangle-same,34,10,True,6,81,22,22,0,2.525603954266007,13.997315886106357,20.94548507037815,13.98625982130133,1.9388216431040544,13.98625982130133,1.2434497875801753e-14,1,1,0.06716894436368417,0.03713296672214445,0.1530159033631809,2.4700316283145196,True,True,1.57371865965033e-14,1.1996312224386126e-14,1.0185653390343063e-14,True,0.10890466670150069,0.3926817942954417,True,A-A|A-C|B-B|C-D|D-A|D-C
central-parallelepiped,vertical-parallelepiped,360,10,True,76,1165,172,172,0,1.8214210508641453,13.839050062229905,23.859553582085997,13.550191519234243,2.000925783225377,13.550191519234243,1.2434497875801753e-14,2,1,0.06697927896490996,0.04846847538470737,0.16112011695940953,2.4055218188272733,True,True,8.212098119582954e-15,7.54808783645507e-15,3.2349537150965427e-15,True,0.05964205579867091,0.32651322683833955,True,A-E|B-F|C-B|C-D|D-A|E-C
hexagon,pyramid,720,10,True,0,1965,566,566,0,1.6125973976295955,12.92298180184016,25.847939961471333,12.731972604022474,1.4229839496469001,12.731972604022474,1.4210854715202004e-14,1,1,0.06674076892725107,0.02783715713700321,0.16044046048658983,2.403934852196167,True,True,6.854671959125871e-15,6.358389842764979e-15,2.560743305106871e-15,True,0.06047493661516633,0.36945378526400835,True,A-E|B-F|C-C|D-D|E-A|F-B
vertical-parallelepiped,horizzontal-parallelepiped,720,10,True,172,1993,416,416,0,1.6145163466521397,13.708647334462734,23.890685167146863,13.460752492365106,1.8610779212304502,13.460752492365106,1.4210854715202004e-14,1,1,0.06620669122387042,0.049521212065440356,0.15940135546823123,2.407632106688939,True,True,0.5024586504978047,0.2143251413245086,0.45445509047242993,True,0.12466421747600853,0.42339245367800304,True,A-C|B-F|C-D|D-E|E-A|F-B
parallelepiped-int,pentagon,78,10,True,0,343,45,45,0,1.948228485881631,13.958374377506136,23.458502400852712,13.78602918388425,1.7173353867646748,13.78602918388425,1.4210854715202004e-14,2,1,0.06608864179607814,0.022289216650803648,0.1581353903172613,2.3927771250799927,True,True,6.04084019108862e-15,3.525832186169774e-15,4.905125646631375e-15,True,0.059968622859296404,0.42433497590705954,True,A-B|B-C|B-E|C-A|C-D|D-E
two-triangles,horizzontal-parallelepiped,720,10,True,72,2637,480,480,0,1.5694500715854904,13.71438759289926,23.841870242341447,13.555822922853794,1.483266542038916,13.555822922853794,1.4210854715202004e-14,3,1,0.06580523735303088,0.03674218033198886,0.1584994720598368,2.408614852485394,True,True,1.2499519400781114e-14,1.120219467503579e-14,5.545161829297978e-15,True,0.06983174069331585,0.49625046035832693,True,A-B|B-F|C-A|D-E|E-C|F-D
hexagon,base-trapezoid,360,10,True,16,1169,248,248,0,1.8989673993267417,14.857184878034303,22.149073489821454,14.751385394856205,1.5625791649426968,14.751385394856205,1.4210854715202004e-14,1,1,0.06539717849564715,0.03052329659479454,0.15815349350018304,2.4211453237504585,True,True,8.62265274246159e-15,6.4047456679787536e-15,5.773159728050814e-15,True,0.06819863265917167,0.4381811915516511,True,A-C|B-A|C-E|D-B|E-D|F-B
central-parallelepiped,horizzontal-parallelepiped,360,10,True,76,910,214,214,0,1.6372696895178038,13.815444406842108,23.749762199164046,13.540362273691619,2.1402590731763818,13.540362273691619,1.4210854715202004e-14,1,1,0.06476597839471598,0.048127612044988326,0.15583899733278242,2.4061861056590903,True,True,7.86693099022212e-15,4.295573257574037e-15,6.5906489508797204e-15,True,0.07227372566323872,0.41981971932396717,True,A-E|B-A|C-B|C-D|D-F|E-C
horizzontal-parallelepiped,base-trapezoid,360,10,True,40,1122,233,233,0,2.2608854520814927,14.645842811771475,22.054629309757015,14.540634011017548,1.7108613609162093,14.540634011017548,1.5987211554602254e-14,1,1,0.0642412490978701,0.04810859649917893,0.1539200367193829,2.395968927766164,True,True,8.084261073518977e-15,6.167736072623137e-15,5.226309294643547e-15,True,0.05851285294104078,0.503420624847555,True,A-D|B-A|C-B|D-B|E-C|F-E
hexagon,2X3,720,10,True,104,1629,487,487,0,1.6750757374776215,13.596605144201746,23.882693891775766,13.389243856597043,1.8662560029577488,13.386577980734273,1.4210854715202004e-14,3,1,0.06407262049804,0.04790433015742773,0.1544690857770937,2.410843892077412,True,True,9.579212774874495e-15,6.123926701805469e-15,7.366059946622259e-15,True,0.14494004371787803,0.46758964805462283,True,A-E|B-C|C-D|D-A|E-F|F-B
vertical-parallelepiped,2X3,720,10,True,112,2170,437,437,0,1.5684431158621313,13.586226516225253,24.114797427457784,13.310051802784596,2.1307449685068756,13.310051802784596,1.4210854715202004e-14,1,1,0.06389868031151848,0.05797058629143092,0.153061754744697,2.3953820955063736,True,True,6.453693591837031e-15,5.486133684017003e-15,3.398896611903986e-15,True,0.1129376939867447,0.42339245367800304,True,A-E|B-B|C-A|D-C|E-F|F-D
arrow,rectangle-opposite,78,10,True,8,435,56,56,0,1.5849118411304148,13.334727074928596,23.37263197962876,13.181323270396703,1.513550250966776,13.181323270396703,1.4210854715202004e-14,1,1,0.06383640288927554,0.056667207504681835,0.15315132055505448,2.399122031056417,True,True,7.755684626330685e-15,6.646518689688359e-15,3.9968028886505635e-15,True,0.25844270592928886,0.36898991146262244,True,A-D|B-A|C-A|C-D|D-B|E-C
pentagon,pyramid,360,10,True,1,1353,280,280,0,1.802834663331683,12.957763316157918,25.894637181595566,12.733135621716118,1.6877236290665016,12.733135621716118,1.4210854715202004e-14,1,1,0.0636271910107221,0.03735121583029562,0.15413052012285774,2.422400198319057,True,True,1.1962687301771006e-14,8.695419738456652e-15,8.215568334084486e-15,True,0.08916388554894873,0.4312665152281575,True,A-A|B-B|C-D|D-F|E-C|E-E
2X3,rectangle-same,180,10,True,60,145,106,106,0,3.5749909406993905,14.536033069951456,21.701265114748974,13.789351234361689,1.5495693970080964,13.789351234361689,1.7763568394002505e-14,2,1,0.06284317993952261,0.0983598747129234,0.1500675526238961,2.3879687942003285,True,True,1.8164280156634014e-14,1.0593180059249863e-14,1.475552811121985e-14,True,0.07680506062315107,0.31140856846121034,True,A-A|B-C|C-B|D-D|E-A|F-C
rectangle-opposite,horizzontal-parallelepiped,180,10,True,28,556,108,108,0,2.1998141404894493,13.571682850902008,23.2049075635162,13.307492954315777,2.527776230519022,13.307492954315777,1.4210854715202004e-14,3,1,0.0626835375928899,0.06668595654383803,0.15109508747811345,2.410442889478081,True,True,1.0816558279119626e-14,9.103828801926284e-15,5.8410815908364745e-15,True,0.18204014879660296,0.4531133653291396,True,A-B|A-F|B-E|C-A|D-C|D-D
pentagon,2X3,360,10,True,0,1526,229,229,0,1.8128258914926723,13.32447418530002,24.440202728814818,13.101735777652774,1.9474135388056277,13.101735777652774,1.5987211554602254e-14,2,1,0.06267937844365126,0.06366119798417628,0.15066406480182384,2.4037262101644927,True,True,5.747498847248628e-15,3.2841133174059266e-15,4.7168148911698185e-15,True,0.051060516802225384,0.3886873512957292,True,A-A|B-F|C-B|D-E|E-C|E-D
rhombus-ext,rectangle-same,34,10,True,14,54,14,14,0,7.815914176765589,15.000676900617044,20.74623527653454,14.97218214112809,0.7035406187404178,14.97218214112809,1.9539925233402755e-14,2,1,0.06264194904870678,0.0521713216061931,0.15097490888507675,2.4101247036181355,True,True,2.7184825855104518e-14,2.1602326940512793e-14,1.6503158107694245e-14,True,0.21208042512686553,0.4305510598091942,True,A-A|A-B|B-C|C-C|D-A|D-D
two-triangles,vertical-parallelepiped,720,10,True,64,2538,507,507,0,1.531207923127465,13.661487785549763,24.060950356938875,13.516317596621292,1.514228412054542,13.516317596621292,1.4210854715202004e-14,6,1,0.06248661727958609,0.03562044647823921,0.15016974407774544,2.4032304934324675,True,True,1.647129945443226e-14,1.3194558548503649e-14,9.859377791102725e-15,True,0.07288895336558138,0.4431883781158899,True,A-C|B-D|C-E|D-A|E-F|F-B
hexagon,rectangle-same,180,10,True,20,611,112,112,0,1.9172160439441357,14.106143984216978,22.03885375613637,13.457281897707215,1.960188145625876,13.457281897707215,1.5987211554602254e-14,1,1,0.061604159193822124,0.0417988690366025,0.14687758731781395,2.39907368920932,True,True,1.0555880013644903e-14,6.217248937900877e-15,8.530675149520015e-15,True,0.14865685688088548,0.36945378526400835,True,A-C|B-A|C-D|D-C|E-B|F-A
2X3,horizzontal-parallelepiped,720,10,True,168,1526,436,436,0,1.8115500197319239,13.591482889169242,23.78005710864828,13.325719140594376,2.3332463755069925,13.325719140594376,1.5987211554602254e-14,1,1,0.05986588538110781,0.05758589200749681,0.1442054180419441,2.4088079066053827,True,True,4.318467880798754e-15,3.703887711561888e-15,2.220446049250313e-15,True,0.20128288065876768,0.3892155522973273,True,A-A|B-B|C-F|D-D|E-E|F-C
rectangle-opposite,pentagon,78,10,True,0,372,50,50,0,2.4772917229038356,13.701494010016422,23.34120735447782,13.495074377570791,1.9897575261420501,13.495074377570791,1.5987211554602254e-14,3,1,0.05980927544268816,0.06887697243264818,0.14295336166989164,2.3901537113064637,True,True,1.720236748447818e-14,1.2123310084460835e-14,1.2204376250634126e-14,True,0.16462540742111773,0.36546912557127215,True,A-B|A-E|B-C|C-D|D-A|D-E
horizzontal-parallelepiped,rectangle-opposite,180,10,True,28,572,107,107,0,1.7801150526417233,13.500513769401724,23.151800308829703,13.1902606772461,2.5369812319316374,13.1902606772461,1.4210854715202004e-14,1,1,0.05955245507445989,0.06380366150497412,0.142251693883168,2.3886789168525,True,True,6.8075783227999186e-15,5.917249337588998e-15,3.3659000130511772e-15,True,0.052395158975629325,0.36898991146262244,True,A-D|B-D|C-A|D-C|E-A|F-B
2X3,hexagon,720,10,True,104,1493,491,491,0,1.8575274958992234,13.757004273812333,23.827348322943827,13.554426352283935,1.8350053089444796,13.554426352283935,1.4210854715202004e-14,2,1,0.05900626887326407,0.047994532991617614,0.14229743191560484,2.4115646461435603,True,True,9.116264482673286e-15,7.271292943641141e-15,5.498597734496041e-15,True,0.06356316069059975,0.39300248433366436,True,A-C|B-E|C-A|D-B|E-F|F-D
2X3,pentagon,360,10,True,0,1555,257,257,0,1.835212570579991,13.756109868692233,23.86046758644495,13.52150649817433,1.9389657202293082,13.52150649817433,1.5987211554602254e-14,1,1,0.058860682426734624,0.06413601761229497,0.14129340632976717,2.400471766626876,True,True,8.832982557778097e-15,5.556804645770433e-15,6.866112655262527e-15,True,0.0888732057210834,0.3581303928054846,True,A-A|B-C|C-E|D-E|E-D|F-B
two-triangles,pyramid,720,10,True,2,2846,527,527,0,1.8267582735681258,12.861434895508939,25.73686305081037,12.729697576824293,1.329729933958549,12.729697576824293,1.4210854715202004e-14,1,1,0.05884137279722401,0.02913444863284546,0.14229843133066544,2.4183397593568503,True,True,6.153460805772559e-15,3.636522905943436e-15,4.963948130543648e-15,True,0.05293041758341068,0.41302574003819187,True,A-C|B-A|C-F|D-E|E-B|F-D
pyramid,rectangle-opposite,180,10,True,10,543,134,134,0,1.9419442180314261,14.876460673992232,21.870182586615876,14.273028644838991,2.7863636595458603,14.273028644838991,1.5987211554602254e-14,2,1,0.058667057742712,0.05303539047129794,0.148610665298517,2.5331194543666777,True,True,5.511002163945225e-15,2.8435583831733384e-15,4.7207330545682824e-15,True,0.18961979228198078,0.3926817942954417,True,A-B|B-C|C-A|D-D|E-A|F-D
horizzontal-parallelepiped,horizzontal-parallelepiped,720,10,True,212,1975,356,356,0,1.551119859007498,13.794422263358358,23.47769777204216,13.523047998357915,2.143349244743111,13.523047998357915,1.4210854715202004e-14,2,1,0.05865607162923758,0.0478933082435272,0.14080029763340565,2.4004385858534487,True,True,1.7540756789336244e-14,1.6880594969218635e-14,4.766934258812063e-15,True,0.11544057568647487,0.36898991146262244,True,A-C|B-D|C-E|D-F|E-A|F-B
rhombus-int,pentagon,78,10,True,0,331,58,58,0,1.7316857777762407,13.780746122362478,23.121511559777495,13.58665916404907,1.5940790063535575,13.58665916404907,1.5987211554602254e-14,2,1,0.05851608749403788,0.027114058191813277,0.1410863753248026,2.411069867567234,True,True,1.3545175902220895e-14,1.2717264309667843e-14,4.6629367034256575e-15,True,0.0888732057210834,0.44672992321618066,True,A-B|B-C|B-E|C-A|C-D|D-E
pentagon,two-triangles,360,10,True,0,1304,252,252,0,1.6227791106265372,13.59311409336735,24.608667009373658,13.404448741774871,1.539077085350537,13.404448741774871,1.4210854715202004e-14,1,1,0.05829835838583659,0.04881569641747407,0.14106549039817384,2.419716340287984,True,True,6.285030275855648e-15,5.375417392317603e-15,3.256761186637967e-15,True,0.08417006367026594,0.42159434034221743,True,A-B|B-F|C-C|D-D|E-A|E-E
2X3,vertical-parallelepiped,720,10,True,112,2005,474,474,0,1.578163585984133,13.51687944476524,24.045473600288126,13.282094020826568,2.1196205513309323,13.282094020826568,1.4210854715202004e-14,1,1,0.05820881828779371,0.05797058629143102,0.13944826864223867,2.3956553791005364,True,True,1.1891312680308527e-14,1.1408858372399359e-14,3.352800008858181e-15,True,0.20327483498624505,0.4179157688864527,True,A-F|B-D|C-E|D-A|E-C|F-B
2X3,2X3,720,10,True,268,501,411,411,0,1.5502184759251918,13.637155476251728,22.382843179035543,13.253390308472666,1.9841098293113788,13.253390308472666,1.5987211554602254e-14,4,1,0.05817548479721026,0.073232155897915,0.13908605339391125,2.3908017935517223,True,True,1.656875357463295e-14,5.617333549722722e-15,1.5587468005037626e-14,True,0.25844270592928886,0.4499078879065762,True,A-D|B-F|C-A|D-B|E-E|F-C
rhombus-int,two-triangles,180,10,True,24,845,102,102,0,1.8757412156431568,13.848550042987991,23.733445091730555,13.728014206354388,1.2872401948442556,13.728014206354388,1.2434497875801753e-14,1,1,0.057562169172420685,0.0237412086819477,0.1395667484250099,2.4246262854854232,True,True,1.0248495841941863e-14,4.092732204437525e-15,9.395808114529564e-15,True,0.22887403963028954,0.48728827906722066,True,A-B|B-A|B-E|C-C|C-F|D-D
vertical-parallelepiped,rectangle-same,180,10,True,32,469,108,108,0,1.7418598097635067,14.228529184721404,21.278328751145633,13.694255417835022,2.468569969068599,13.694255417835022,1.5987211554602254e-14,2,1,0.057370550375192626,0.06112974648221532,0.13590061509819076,2.382984391506482,True,True,9.020583425496912e-15,7.641823734863717e-15,4.793063252412088e-15,True,0.1645067030490522,0.32651322683833955,True,A-D|B-A|C-A|D-B|E-C|F-C
base-trapezoid,rectangle-opposite,78,10,True,0,236,56,56,0,2.129994476301811,12.78491885556921,25.363797129309447,12.545461792060989,2.869541136095889,12.545461792060989,1.7763568394002505e-14,2,1,0.057216000232865244,0.06195709708703599,0.14769934387189435,2.5814342713710854,True,True,6.007158793888272e-15,2.227763199644762e-15,5.578801654593729e-15,True,0.07158729808419431,0.3892155522973273,True,A-A|B-B|B-D|C-C|D-D|E-A
3X2,hexagon,720,10,True,96,2106,466,466,0,1.558715203606593,13.980695855177071,23.930703702450028,13.902065089593865,1.252480623918979,13.902065089593865,1.4210854715202004e-14,1,1,0.05691420670574089,0.018593766836887297,0.13783241377370856,2.4217576199617925,True,True,7.555534679663192e-15,5.804367123395521e-15,4.836881908051755e-15,True,0.07794866200597654,0.4447467282831025,True,A-C|B-E|C-B|D-F|E-A|F-D
3X2,rectangle-opposite,180,10,True,76,110,92,92,0,3.4752159838727588,13.772172050889202,23.09367386958086,13.517173759631905,1.5959995307949892,13.517173759631905,1.4210854715202004e-14,1,1,0.05685694674232465,0.03754049021234279,0.1362492115832714,2.3963511829214474,True,True,1.3538308370609913e-14,7.49182384453384e-15,1.1276451969489367e-14,True,0.2109049486478791,0.36898991146262244,True,A-D|B-A|C-D|D-A|E-B|F-C
2X3,rectangle-opposite,180,10,True,72,146,94,94,0,1.7440797692646874,13.561982478045607,22.411703223485606,13.40252324447594,2.233406099365876,13.40252324447594,1.4210854715202004e-14,2,1,0.05670403978572283,0.07189741529087794,0.13481131864949994,2.3774552775945827,True,True,7.542587248831656e-15,6.438052198618851e-15,3.9296445506046544e-15,True,0.25844270592928886,0.4179157688864527,True,A-D|B-D|C-A|D-A|E-B|F-C
2X3,two-triangles,720,10,True,72,2845,426,426,0,1.6886248550591318,13.646181620030529,24.012408255195282,13.480840563380243,1.5911108607932216,13.480840563380243,1.4210854715202004e-14,1,1,0.056598901449469406,0.04684333168576995,0.13535303036537144,2.391442711767338,True,True,6.4047456679787536e-15,3.972054645195637e-15,5.0242958677880805e-15,True,0.05943624352311705,0.3918321979520063,True,A-B|B-F|C-C|D-E|E-A|F-D
arrow,two-triangles,360,10,True,16,1438,239,239,0,1.5887118170651504,13.707762875691756,24.253779121742912,13.60856087251975,1.4211383455607949,13.60856087251975,1.4210854715202004e-14,4,1,0.05657566115812038,0.027564196593424583,0.1365061273926549,2.4128065779229875,True,True,6.017853515590484e-15,4.6920213811455016e-15,3.76822190084106e-15,True,0.11492117670505225,0.492171460355549,True,A-A|B-F|C-C|C-D|D-B|E-E
two-triangles,pentagon,360,10,True,0,1278,249,249,0,1.5732729737767062,14.017511025088645,24.01193705992372,13.817482917795566,1.5557765431536565,13.817482917795566,1.4210854715202004e-14,2,1,0.0565107600161539,0.038433156015156275,0.13608694641451088,2.4081599039830595,True,True,1.0295681891751251e-14,9.158214942176398e-15,4.704058321176682e-15,True,0.08394112376850497,0.3581303928054846,True,A-A|B-C|C-E|D-E|E-D|F-B
parallelepiped-ext,rhombus-ext,34,10,True,10,30,22,22,0,9.040127032679964,13.978157638479015,22.682837205250877,13.932776796305184,1.2171848217641423,13.932776796305184,1.687538997430238e-14,1,1,0.05640549391696458,0.01814041036079214,0.1376062033178708,2.5029448348516263,True,True,9.566981569029147e-15,8.963461738696472e-15,3.3441725435551023e-15,True,0.24845726571145174,0.432603075572651,True,A-A|A-D|B-B|C-A|D-C|D-D
hexagon,two-triangles,720,10,True,76,2465,445,445,0,1.5689443894256585,13.90635638475666,23.958269002290383,13.749463916742458,1.3251636892067853,13.749463916742458,1.2434497875801753e-14,3,1,0.055890867149137484,0.02732253368397967,0.13503906387857817,2.4161203925901535,True,True,8.065179992641965e-15,7.381104677948019e-15,3.2506033358264633e-15,True,0.13658945791577065,0.4472121987926965,True,A-A|B-F|C-B|D-E|E-C|F-D
rhombus-int,base-trapezoid,78,10,True,12,424,30,30,0,1.9015652215501064,14.77955821874599,21.86269518008448,14.698633576529936,1.5858352355884815,14.698633576529936,1.5987211554602254e-14,1,1,0.055541157618386995,0.023346221863097122,0.1343429645143547,2.418800224464177,True,True,9.413767483707313e-15,5.84701768229371e-15,7.377764055609925e-15,True,0.21524043613620883,0.4993505740910072,True,A-E|B-A|B-C|C-B|C-D|D-B
3X2,base-trapezoid,360,10,True,48,1124,240,240,0,1.8936611056199504,14.694248093687836,22.021446001907698,14.625642005296262,1.2865440910816786,14.625642005296262,1.4210854715202004e-14,1,1,0.05538985830762248,0.02227064556118411,0.1329823508943596,2.400842951354133,True,True,8.101585801848735e-15,5.5688503603976495e-15,5.88418203051333e-15,True,0.06173225164065423,0.47538038908183505,True,A-B|B-D|C-B|D-E|E-A|F-C
rectangle-opposite,hexagon,180,10,True,24,608,99,99,0,1.7900300877644042,13.690938295840684,23.379319674351468,13.483926416379411,1.8247655145955726,13.48342653262497,1.5987211554602254e-14,1,1,0.05518838587162415,0.05432310776832799,0.1323888574904122,2.39885358847724,True,True,6.977177723159058e-15,6.234050729344335e-15,3.1333082332430004e-15,True,0.08188232597417444,0.39300248433366436,True,A-C|A-E|B-B|C-F|D-A|D-D
two-triangles,arrow,360,10,True,16,1561,251,251,0,1.6576486739064016,13.918438848970835,24.097927335433965,13.766193120071145,1.2736598902811758,13.766193120071145,1.4210854715202004e-14,1,1,0.05512053993787103,0.029375808088323952,0.13301989113616156,2.413254501608558,True,True,7.340077290891853e-15,6.4220428370640774e-15,3.554447978966673e-15,True,0.05449769045323954,0.3914966099903299,True,A-C|B-B|C-D|D-E|E-A|F-C
rhombus-int,hexagon,180,10,True,28,680,105,105,0,1.7028228641484786,13.95259923068793,23.709854444144344,13.867752196102188,1.1309050805901366,13.867752196102188,1.4210854715202004e-14,1,1,0.05508685135607782,0.021232283923666925,0.1333544022715413,2.420802768514525,True,True,8.4355034728974e-15,6.811378861017111e-15,4.976227170553342e-15,True,0.06708926685656628,0.45673777918439046,True,A-D|B-B|B-F|C-A|C-C|D-E
horizzontal-parallelepiped,hexagon,720,10,True,96,1772,495,495,0,1.5118899063425135,13.833312177879911,23.853106803037615,13.745730453754271,1.272992988118421,13.745730453754271,1.4210854715202004e-14,8,1,0.055022891065800834,0.025028996981078952,0.13276426580837108,2.4128914936439965,True,True,2.4377502589974065e-14,1.8593522046268863e-14,1.5765264680274356e-14,True,0.13717021668898333,0.39300248433366436,True,A-F|B-C|C-B|D-D|E-E|F-A
rectangle-opposite,rectangle-same,34,10,True,14,38,16,16,0,3.623374905647682,14.1128851258742,21.433168530122394,12.985053951047426,3.4664531236563594,12.985053951047426,1.4210854715202004e-14,1,1,0.054989566747492676,0.10077694657600722,0.13178864040513724,2.396611724734971,True,True,1.3709035291157905e-14,1.160245361778668e-14,7.302103714774373e-15,True,0.35251747362679714,0.32651322683833955,True,A-A|A-D|B-A|C-C|D-B|D-C
rectangle-same,2X3,180,10,True,60,140,106,106,0,3.748232710818969,12.882714525250252,25.52294923896111,12.466118990168514,2.7245290944754634,12.466118990168514,1.509903313490213e-14,3,1,0.054972428891217805,0.0867064891146634,0.1420190027865716,2.5834587565269476,True,True,9.640551190337966e-15,8.054143066465822e-15,5.298207877993018e-15,True,0.2761535478900629,0.3926817942954417,True,A-B|A-D|B-E|C-C|C-F|D-A
central-parallelepiped,2X3,360,10,True,68,994,192,192,0,1.5734533390267014,13.620917762519584,23.699189307054723,13.327394786900488,2.2875927559752345,13.327394786900488,1.4210854715202004e-14,1,1,0.054608735881311335,0.043968347234835295,0.13090868951009815,2.397211497343941,True,True,1.9418432292428853e-14,1.4567209187227738e-14,1.2840246461466052e-14,True,0.08546886265131835,0.41981971932396717,True,A-E|B-A|C-D|C-F|D-B|E-C
3X2,2X3,720,10,True,228,646,434,434,0,2.4293796540844377,13.617705879159208,23.84725405470153,13.531573378262504,1.092213746180943,13.531573378262504,1.4210854715202004e-14,3,1,0.054517262991686855,0.028379698907434806,0.13076546680428977,2.398606599605518,True,True,6.829294358379549e-15,4.184029678508255e-15,5.397513972446652e-15,True,0.05746484428283839,0.34708706065927497,True,A-C|B-F|C-A|D-D|E-B|F-E
horizzontal-parallelepiped,pentagon,360,10,True,0,1282,260,260,0,1.6281065689323524,13.905055789886195,23.712818224428794,13.76745842723914,1.815925142639586,13.76745842723914,1.5987211554602254e-14,9,1,0.05421568066151069,0.029750200554810317,0.130376727166045,2.417044584210077,True,True,1.0860342134674457e-14,8.842841015761439e-15,6.304854800243424e-15,True,0.19190573494349553,0.43427575057513584,True,A-E|B-D|C-E|D-C|E-B|F-A
2X3,arrow,360,10,True,68,936,207,207,0,1.5922548106294105,13.81889339735832,23.791911448393677,13.584955623383028,1.8761753939723602,13.584955623383028,1.4210854715202004e-14,2,1,0.053841685027365166,0.04794672030635622,0.12951186275865267,2.4054199398259537,True,True,7.11306687603935e-15,5.1649240890545995e-15,4.8907340489247334e-15,True,0.05199775411844587,0.4179157688864527,True,A-C|B-B|C-E|D-D|E-A|F-C
pyramid,base-trapezoid,360,10,True,21,1042,258,258,0,2.346931531185819,15.472982110737046,22.474248890693445,14.90937652892169,2.593405138302519,14.90937652892169,1.5987211554602254e-14,2,1,0.05376813538375762,0.031015200780083314,0.13595700632476665,2.528898327037308,True,True,1.8628271971273574e-14,1.6198987145830543e-14,9.198115681211752e-15,True,0.08489774029962718,0.3832241553251438,True,A-B|B-C|C-A|D-D|E-B|F-E
rhombus-int,2X3,180,10,True,64,416,77,77,0,3.1215799643691544,13.729490338738232,22.92113972496085,13.529583884080079,1.7188786448391964,13.529583884080079,1.5987211554602254e-14,1,1,0.053673879479450765,0.03331007204642319,0.12992202978340217,2.420582060462823,True,True,9.792488054780472e-15,8.46868051357882e-15,4.916733942562744e-15,True,0.2492126465619583,0.4179157688864527,True,A-B|B-A|B-E|C-D|C-F|D-C
rectangle-same,pentagon,78,10,True,0,367,50,50,0,1.9835087009856411,12.661766717083687,25.360226765514636,12.209747769774165,2.6463438010360703,12.209747769774165,1.7763568394002505e-14,2,1,0.05347606875442409,0.0704502403412719,0.1380376758220271,2.588345712724674,True,True,9.709216146214426e-15,7.283604593613869e-15,6.420123230733026e-15,True,0.16462540742111773,0.36546912557127215,True,A-B|A-E|B-C|C-D|C-E|D-A
central-parallelepiped,pyramid,360,10,True,10,1402,210,210,0,1.5794853579973445,12.83648967249197,25.45277399806536,12.661957353958044,1.6047356513161883,12.661957353958044,1.4210854715202004e-14,3,1,0.05313756847323244,0.02213176242361913,0.12814506644168602,2.4115718901635086,True,True,7.439788722115125e-15,6.934729317814018e-15,2.6944360297401985e-15,True,0.11551688788557338,0.41981971932396717,True,A-C|B-D|C-A|C-E|D-B|E-F
hexagon,rectangle-opposite,180,10,True,24,624,114,114,0,1.8669091267965963,13.522551867224935,23.26646835386736,13.332962369703697,1.7525085709395425,13.332962369703697,1.4210854715202004e-14,2,1,0.053060759266721186,0.0508455867935488,0.1269452325141904,2.392450358203003,True,True,1.3085569159938587e-14,1.0546534389844024e-14,7.746143079195815e-15,True,0.07061908641417818,0.32747907437451723,True,A-A|B-D|C-A|D-D|E-C|F-B
hexagon,horizzontal-parallelepiped,720,10,True,96,1825,474,474,0,1.5199196279094245,13.785465975611196,23.876692940131786,13.670926604705631,1.354946240272124,13.670926604705631,1.4210854715202004e-14,5,1,0.05278097536062221,0.026392405450052458,0.12726322965393042,2.4111572168648565,True,True,4.490574227168739e-15,3.3232593448441795e-15,3.0201331455116262e-15,True,0.051927234131438064,0.4473791475261371,True,A-A|B-B|C-F|D-E|E-C|F-D
central-trapezoid,horizzontal-parallelepiped,360,10,True,16,1186,255,255,0,1.741770612518455,13.743844238688535,23.561018059312214,13.581877406543704,1.7255393063476572,13.581877406543704,1.4210854715202004e-14,2,1,0.052544244350500084,0.029887198642841957,0.12661268253731336,2.409639421070261,True,True,6.812566315262084e-15,4.632853728775506e-15,4.994769877343149e-15,True,0.08096940055903461,0.3676539667191418,True,A-E|B-A|C-F|D-C|D-D|E-B
horizzontal-parallelepiped,two-triangles,720,10,True,72,2798,444,444,0,1.5652755351248373,13.677293490074181,23.853745445195635,13.541306369963907,1.5436917893638975,13.541306369963907,1.4210854715202004e-14,2,1,0.05236328315943331,0.039075894403784416,0.126270844798951,2.411438648995468,True,True,8.611209269944328e-15,6.466036496704424e-15,5.687116766346677e-15,True,0.05203632867502829,0.45860994651839865,True,A-B|B-A|C-F|D-D|E-E|F-C
two-triangles,hexagon,720,10,True,76,2327,500,500,0,1.5458779521652661,13.86855462397431,23.93432187619289,13.748667055856382,1.3548364573102085,13.748667055856382,1.4210854715202004e-14,2,1,0.05213486844313262,0.025963664337891983,0.12603905424319992,2.4175577306899716,True,True,1.0252695281481698e-14,5.38193381564583e-15,8.726542782736185e-15,True,0.050933605817140015,0.39300248433366436,True,A-C|B-E|C-B|D-A|E-F|F-D
rhombus-int,horizzontal-parallelepiped,180,10,True,44,437,102,102,0,2.9185864175418263,13.862124995841363,23.423014691799505,13.76648212707286,1.2215646163642737,13.76648212707286,1.5987211554602254e-14,2,1,0.05211998884753916,0.021468455973157753,0.1255515945982154,2.4152610190684527,True,True,9.62842478305896e-15,7.816041058999314e-15,5.622816551076592e-15,True,0.05603420845546338,0.4179157688864527,True,A-F|B-C|B-E|C-B|C-D|D-A
horizzontal-parallelepiped,pyramid,720,10,True,20,1987,562,562,0,1.6595514797312245,12.815943308082014,25.48522595198002,12.606069450170448,1.5762175991262748,12.606069450170448,1.4210854715202004e-14,8,1,0.051997492695703085,0.02713630829801315,0.12562260732568262,2.4159358617701905,True,True,8.180317321210782e-15,6.265632927836534e-15,5.259223848564703e-15,True,0.23011038103961118,0.45010767143417935,True,A-C|B-D|C-B|D-F|E-A|F-E
central-parallelepiped,central-parallelepiped,168,10,True,80,192,68,68,0,1.5762534032336932,14.008787406391642,23.136707985924566,13.832128577853119,1.941049622667871,13.832128577853119,1.2434497875801753e-14,1,1,0.05179145744946393,0.03863041124495967,0.1244949052264544,2.4037729648355937,True,True,4.873159055404083e-15,4.4608183978282905e-15,1.961830370053296e-15,True,0.16766592184114334,0.41981971932396717,True,A-D|B-E|C-A|C-B|D-C|E-C
rectangle-opposite,vertical-parallelepiped,180,10,True,28,567,96,96,0,1.730419640128139,13.62006840922043,23.548163401629694,13.316281938334699,2.5169258824729193,13.316281938334699,1.4210854715202004e-14,1,1,0.0517472766708961,0.06760527928929215,0.12362772536520057,2.3890672769400396,True,True,9.862411769508154e-15,8.675560052622147e-15,4.690610161234867e-15,True,0.05964205579867091,0.32651322683833955,True,A-D|A-E|B-F|C-A|D-B|D-C
wave,horizzontal-parallelepiped,360,10,True,68,738,226,226,0,1.894810313167568,13.937590442211587,23.84694896172947,13.851382020476883,1.147157098767361,13.851382020476883,1.4210854715202004e-14,1,1,0.05157248777060511,0.014537328008355138,0.12405634899789793,2.405475367984994,True,True,1.291108709731737e-14,9.769962616701378e-15,8.440616121040728e-15,True,0.10635896183184038,0.3676539667191418,True,A-D|B-F|C-A|C-C|D-B|E-E
horizzontal-parallelepiped,central-parallelepiped,360,10,True,76,1086,215,215,0,1.5257100255789493,13.765830205248287,23.741264311611456,13.54676962564498,1.9839405375517798,13.54676962564498,1.4210854715202004e-14,2,1,0.05114482447056323,0.04007521350242341,0.12288051319103895,2.4025991772004947,True,True,6.982940978124746e-15,3.8266474299528865e-15,5.8410815908364745e-15,True,0.16766592184114334,0.36898991146262244,True,A-D|B-E|C-C|D-C|E-A|F-B
3X2,arrow,360,10,True,44,1560,187,187,0,1.5920295031314355,13.93434883200257,23.787164724073758,13.82273562703061,1.2011213690718558,13.82273562703061,1.4210854715202004e-14,1,1,0.05111359103871842,0.019684857401182042,0.12345403114738476,2.415287766689463,True,True,5.3618975346487544e-15,2.128250500166395e-15,4.921432208271681e-15,True,0.05225963340424052,0.3676539667191418,True,A-B|B-C|C-D|D-E|E-C|F-A
pentagon,rhombus-ext,78,10,True,0,339,51,51,0,1.7891088465266334,13.6884730699638,24.13514654769796,13.639912989618658,1.4585793486137733,13.639912989618658,1.4210854715202004e-14,1,1,0.05102324040433914,0.034037721101013475,0.12284274842560808,2.420277819425944,True,True,1.3599292331645084e-14,9.412161702806676e-15,9.815903626348425e-15,True,0.17263926036094918,0.4312665152281575,True,A-D|B-A|C-D|D-C|E-A|E-B
pentagon,base-trapezoid,168,10,True,0,644,113,113,0,1.9366448734031712,14.623293373495976,22.407246269444453,14.455967089745634,1.7862357276983531,14.455967089745634,1.5987211554602254e-14,1,1,0.05090385458746846,0.03221094633174162,0.12190632360654755,2.3948348233054735,True,True,6.034751679948779e-15,4.7501429652906856e-15,3.722145839155691e-15,True,0.0750628440621359,0.42839650385605366,True,A-D|B-B|C-C|D-A|E-B|E-E
base-trapezoid,horizzontal-parallelepiped,360,10,True,40,1187,226,226,0,2.1844292574143114,12.751747521781507,25.682498001493773,12.528694226448227,2.6802892184550724,12.528694226448227,1.5987211554602254e-14,5,1,0.05088277111336906,0.0329409049696194,0.1317650780045501,2.5895814068571794,True,True,8.673428639916335e-15,3.0972038788242442e-15,8.101585801848735e-15,True,0.0619784917531548,0.3892155522973273,True,A-A|B-B|B-D|C-F|D-E|E-C
base-trapezoid,vertical-parallelepiped,360,10,True,52,1186,226,226,0,2.0600281804336085,12.726224586164982,25.47070531202415,12.468761478556642,2.660910962086989,12.468761478556642,1.5987211554602254e-14,1,1,0.05083503174970814,0.03638612460453918,0.1310350668665649,2.5776528971542785,True,True,7.2773955164115e-15,4.220366529727176e-15,5.928658520866657e-15,True,0.07176213543832696,0.4499078879065762,True,A-C|B-D|B-E|C-F|D-A|E-B
parallelepiped-int,rhombus-ext,34,10,True,10,86,18,18,0,9.126963495123352,13.880204330917236,22.66880362550823,13.840447645027188,1.212326159704677,13.840447645027188,1.3322676295501878e-14,2,1,0.05080385541737028,0.011987272275173103,0.11588906639467306,2.4241829910163504,True,True,1.9148470837544345e-14,1.4844978219200688e-14,1.2095063335416785e-14,True,0.11829472262832214,0.432603075572651,True,A-B|B-A|B-D|C-A|C-C|D-D
pentagon,rectangle-opposite,78,10,True,0,420,43,43,0,1.9882291483256864,13.181481123208705,23.697944614779402,12.92053968103043,2.0743608997972016,12.92053968103043,1.5987211554602254e-14,8,1,0.050703336299691856,0.05629517112099659,0.12217866277136011,2.4096769894824974,True,True,1.8061187935027262e-14,8.659961989666075e-15,1.5849655137002608e-14,True,0.21434453317633073,0.3886873512957292,True,A-A|B-D|C-D|D-A|E-B|E-C
arrow,horizzontal-parallelepiped,360,10,True,46,897,247,247,0,1.5040361096854837,13.837272837028731,23.7039129271842,13.674491187277146,1.735830027232498,13.674491187277146,1.4210854715202004e-14,12,1,0.050557834533284,0.01769733525767798,0.12183493450954244,2.409813150310744,True,True,8.200633644425975e-15,7.377764055609925e-15,3.580361673049448e-15,True,0.11797386523186608,0.32651322683833955,True,A-F|B-A|C-C|C-D|D-E|E-B
two-triangles,base-trapezoid,360,10,True,12,926,270,270,0,2.185225850939263,14.627242768244507,22.075017367226266,14.549518548204357,1.3956963401584164,14.549518548204357,1.4210854715202004e-14,7,1,0.050480398347938944,0.019975331112076927,0.12239048569066027,2.424515053290132,True,True,6.936895214610187e-15,3.2023728339893768e-15,6.153480596427404e-15,True,0.09384548488577421,0.4661386319733713,True,A-A|B-C|C-E|D-B|E-D|F-B
two-triangles,3X2,720,10,True,56,2878,478,478,0,1.6793981198579921,13.820178349745774,23.989495095164138,13.729684064232401,1.1032850310981803,13.729684064232401,1.4210854715202004e-14,4,1,0.05008734651306924,0.020824684687742213,0.12091573796018089,2.4140974992282827,True,True,7.582506277201706e-15,4.890025172686938e-15,5.795002610378304e-15,True,0.09384548488577421,0.445145612171237,True,A-D|B-B|C-F|D-E|E-C|F-A
parallelepiped-ext,vertical-parallelepiped,180,10,True,24,654,114,114,0,2.884129007357466,13.689555681549738,23.70000963057155,13.517178641804644,1.580886483339646,13.517178641804644,1.4210854715202004e-14,2,1,0.049921268461599465,0.01959524427345956,0.12211329517850417,2.4843021672176198,True,True,6.612179735421862e-15,6.164550209923769e-15,2.3914935841127266e-15,True,0.10804230001358672,0.47950130047782674,True,A-A|A-C|B-E|C-D|D-B|D-F
parallelepiped-int,vertical-parallelepiped,180,10,True,28,692,114,114,0,2.1834509688017834,13.67189533717275,23.740894524306984,13.55361866646298,1.3986083043116797,13.55361866646298,1.509903313490213e-14,3,1,0.049618497509754465,0.01941961148455684,0.11848163025365312,2.3878520350270764,True,True,6.697093141422624e-15,6.4129195894278354e-15,1.9301603260928013e-15,True,0.06381402746950593,0.4431883781158899,True,A-C|B-D|B-E|C-A|C-B|D-F
3X2,pyramid,720,10,True,30,1968,524,524,0,1.6774881040758218,12.894564673361842,25.699722535426076,12.73485016841693,1.338739836671837,12.73485016841693,1.4210854715202004e-14,5,1,0.04958538756326616,0.01652159518908107,0.12000981793056667,2.4202658046676704,True,True,1.2324045987226877e-14,1.0987983338249929e-14,5.5808898621657836e-15,True,0.14663896377308422,0.4355693119706838,True,A-E|B-A|C-B|D-C|E-F|F-D
base-trapezoid,hexagon,360,10,True,16,1167,262,262,0,1.7844200657538696,13.024677843850473,25.7075871299321,12.799731555414262,2.489823970614662,12.799731555414262,1.4210854715202004e-14,3,1,0.04939256891891016,0.023428901256966565,0.12803854445126225,2.592263315185498,True,True,1.2143884704421215e-14,1.0160454289654203e-14,6.6512483296087404e-15,True,0.06188741691517028,0.39028483721018153,True,A-B|B-A|B-E|C-C|D-F|E-D
2X3,central-parallelepiped,360,10,True,68,1063,196,196,0,1.586584158780506,13.639565335922349,23.640985048306696,13.318196735067989,2.251321409649099,13.318196735067989,1.4210854715202004e-14,1,1,0.04933093804840742,0.043968347234835364,0.1182833525055951,2.3977519419867126,True,True,5.8096073093968605e-15,3.887762621811037e-15,4.3170405239986345e-15,True,0.23281973224301278,0.4179157688864527,True,A-C|B-E|C-C|D-A|E-B|F-D
rhombus-ext,hexagon,180,10,True,40,545,101,101,0,1.6897410076472976,13.98394780004241,23.7835338859404,13.833554464867557,1.2772987436933387,13.833554464867557,1.4210854715202004e-14,2,1,0.049328058447727835,0.02029087456163028,0.11946972963785037,2.4219426711158833,True,True,7.783261747861774e-15,4.092441739278134e-15,6.620504818089212e-15,True,0.06540921570603536,0.3902008642505306,True,A-B|A-D|B-F|C-E|D-A|D-C
vertical-parallelepiped,pyramid,720,10,True,22,2450,524,524,0,1.8215904164026664,12.827560645961775,25.546110771525832,12.646456122921586,1.6393778871820217,12.646456122921586,1.4210854715202004e-14,5,1,0.04931430590718272,0.028783533894950874,0.11874070683139135,2.407834899975679,True,True,7.27427782085849e-15,4.739076583099589e-15,5.51872004676364e-15,True,0.0789484508236577,0.32651322683833955,True,A-F|B-E|C-B|D-A|E-C|F-D
horizzontal-parallelepiped,cross,360,10,True,28,1162,249,249,0,1.7515537681972655,14.395779030680519,22.883944508929773,14.308390965425694,1.2613051662503576,14.308390965425694,1.4210854715202004e-14,2,1,0.04928728408958556,0.01698246446071121,0.11902623159298355,2.4149480701074757,True,True,1.2097618750769022e-14,1.1359196093523396e-14,4.161855781720583e-15,True,0.05717736575661363,0.4375415187649024,True,A-B|B-E|C-D|D-C|E-D|F-A
arrow,2X3,360,10,True,68,910,236,236,0,1.6035097323701475,13.621318772636513,23.823755735003378,13.455554599855978,1.840182109234968,13.455554599855978,1.4210854715202004e-14,2,1,0.049229324980634405,0.035191203968019155,0.11857507406944115,2.40862685230979,True,True,6.7905364368727865e-15,3.4844027277880974e-15,5.828406534472336e-15,True,0.12649083266651237,0.32651322683833955,True,A-A|B-E|C-B|C-F|D-C|E-D
pentagon,arrow,168,10,True,0,616,135,135,0,1.8456308033207214,13.643748873704213,23.93705292837799,13.387028687076047,1.745803548618121,13.387028687076047,1.5987211554602254e-14,1,1,0.049078651387890346,0.03821990902226027,0.11811586626183723,2.406664872029901,True,True,7.247129083672905e-15,2.817430187029739e-15,6.677047783012433e-15,True,0.05668030598150012,0.3886873512957292,True,A-C|B-E|C-B|D-C|E-A|E-D
vertical-parallelepiped,central-trapezoid,360,10,True,37,1388,238,238,0,1.5170971931411361,13.863901744300565,23.79903541942832,13.632348306896667,1.6581966590379895,13.632348306896667,1.4210854715202004e-14,1,1,0.04907427752220182,0.029973156280823563,0.11852412384305154,2.4151985485559053,True,True,3.866701351832979e-15,2.5341311739065124e-15,2.9205407954182373e-15,True,0.12466421747600853,0.49573600680125657,True,A-B|B-D|C-E|D-D|E-A|F-C
parallelepiped-ext,rhombus-int,34,10,True,10,86,18,18,0,9.11243929542301,13.784689261565472,22.63915952573716,13.735307563800134,1.2289223796963356,13.735307563800134,1.3322676295501878e-14,2,1,0.0488959179561489,0.01758822712192506,0.12023358744673694,2.500188456881021,True,True,5.672196689022288e-15,3.008376637767369e-15,4.808688520198715e-15,True,0.12280317420997572,0.45336865794965664,True,A-A|A-B|B-C|C-D|D-B|D-C
3X2,rhombus-ext,180,10,True,72,331,73,73,0,2.6828111789433664,14.118841046801085,23.577522192933852,14.01376477646301,1.4905208634367875,14.01376477646301,1.4210854715202004e-14,4,1,0.04888927407039435,0.016931134068360807,0.1186842175511615,2.4276125961754165,True,True,1.3557455178480058e-14,9.565974336450906e-15,9.607118501968132e-15,True,0.13910093858562778,0.4375415187649024,True,A-A|B-B|C-C|D-D|E-A|F-D
cross,rectangle-same,78,10,True,10,108,56,56,0,7.91022406981532,14.276033840341876,22.25763057894875,14.240615587753652,1.4121129560004546,14.240615587753652,1.5987211554602254e-14,3,1,0.0487780583094094,0.020552141686456606,0.12008555340404183,2.4618764576956735,True,True,9.069237857776945e-15,6.694561985512475e-15,6.118326171680113e-15,True,0.5157305920236779,0.4179157688864527,True,A-A|B-C|C-D|D-A|D-C|E-B
base-trapezoid,pyramid,360,10,True,21,989,260,260,0,1.781318342974517,14.201295097664206,26.761670251965324,14.05925439742822,2.4674384555643636,14.05925439742822,1.4210854715202004e-14,1,1,0.0487052418065042,0.027526566843864737,0.12634889030833116,2.5941538450889747,True,True,7.042344921822255e-15,4.76679285021649e-15,5.183850684678395e-15,True,0.08905371687565627,0.41115190529900336,True,A-A|B-C|B-D|C-F|D-B|E-E
parallelepiped-ext,pentagon,78,10,True,0,375,43,43,0,2.407713064876759,13.876154157405152,23.36423969870077,13.744248925420237,1.6412800082516712,13.744248925420237,1.4210854715202004e-14,4,1,0.048584512558831255,0.024575403093245206,0.11826793634914899,2.4963913712126327,True,True,8.25605914415304e-15,6.3126699315982915e-15,5.3209689837893134e-15,True,0.09377121442643964,0.3581303928054846,True,A-A|A-C|B-E|C-E|D-B|D-D
horizzontal-parallelepiped,vertical-parallelepiped,720,10,True,172,1809,441,441,0,1.515428710296002,13.621193078104994,23.96018034940499,13.40776309332196,1.895801058967168,13.40776309332196,1.4210854715202004e-14,5,1,0.048451775849434865,0.03375442325986152,0.11704034306662159,2.4156048156073258,True,True,5.6436033744672694e-15,4.950150691486844e-15,2.710399819191012e-15,True,0.12314486906091945,0.47538038908183505,True,A-C|B-D|C-B|D-F|E-E|F-A
horizzontal-parallelepiped,central-trapezoid,360,10,True,16,1285,254,254,0,1.5497788436221254,13.831813618684281,23.643381358421426,13.647359393876085,1.6223606629728284,13.647359393876085,1.4210854715202004e-14,1,1,0.048352340482000745,0.03001179517654712,0.11657315046517584,2.410910191794551,True,True,9.100702589631523e-15,8.11536496570022e-15,4.118693858301608e-15,True,0.16766592184114334,0.4341882410243255,True,A-B|B-E|C-D|D-D|E-A|F-C
base-trapezoid,rhombus-ext,78,10,True,18,187,40,40,0,2.1971145187133354,13.115964820310598,25.293760121591706,12.90534323369015,2.388733439351309,12.90534323369015,1.5987211554602254e-14,4,1,0.048178926468523856,0.026201574694470004,0.12535790169815686,2.6019239299583687,True,True,6.0024610839788715e-15,5.35680924090636e-15,2.7081605973835883e-15,True,0.08905371687565627,0.41115190529900336,True,A-A|B-B|B-D|C-C|D-A|E-D
horizzontal-parallelepiped,rectangle-same,180,10,True,26,559,107,107,0,1.57672886803421,14.231277104001197,21.106521391612027,13.605208004918017,2.3492162355018285,13.605208004918017,1.4210854715202004e-14,2,1,0.048090314576003164,0.053910486470574906,0.1153027830755603,2.3976300444725274,True,True,1.6257850628407658e-14,1.4888583356622763e-14,6.530527749616485e-15,True,0.10963844707754428,0.36898991146262244,True,A-A|B-D|C-C|D-A|E-C|F-B
rhombus-ext,horizzontal-parallelepiped,180,10,True,40,419,103,103,0,2.994541696392901,13.915302319894199,23.38921399479828,13.806451083893325,1.4455503033982082,13.806451083893325,1.5987211554602254e-14,1,1,0.04805549128795196,0.022906919536484313,0.11670181228187954,2.428480266336138,True,True,1.7852165294699933e-14,1.5987211554602254e-14,7.944109290391274e-15,True,0.2360589479133897,0.5320633063655716,True,A-B|A-F|B-A|C-E|D-C|D-D
pentagon,pentagon,168,10,True,22,459,104,104,0,1.792783884120101,13.672882705624202,23.511953862910794,13.52597496399337,2.212269635845584,13.52597496399337,1.4210854715202004e-14,3,1,0.04755355690653316,0.02776201550954963,0.11412710057133856,2.399969802377899,True,True,7.0671603959302715e-15,5.828406534472336e-15,3.9968028886505635e-15,True,0.061770518582597606,0.4160614448474135,True,A-E|B-A|C-D|D-E|E-B|E-C
vertical-parallelepiped,hexagon,720,10,True,124,1813,449,449,0,1.7572860448422114,13.814174445179013,23.751844292033574,13.7060634773065,1.385842130306666,13.7060634773065,1.4210854715202004e-14,2,1,0.04753817678998603,0.026515456854225745,0.11468412209836094,2.412463620660338,True,True,1.474675805694367e-14,5.2649254737499885e-15,1.377488413547974e-14,True,0.07585786412466367,0.39300248433366436,True,A-C|B-B|C-A|D-D|E-F|F-E
pyramid,triangle,90,10,True,8,286,55,55,0,1.9007018518578085,15.684135485839501,21.906915413795314,15.58186137217039,2.6297852110058564,15.58186137217039,1.5987211554602254e-14,2,1,0.04743007658749017,0.012803184595113792,0.12097759460817295,2.5509792507030236,True,True,9.729507111180988e-15,6.4047456679787536e-15,7.32410687763558e-15,True,0.18201144411447737,0.45763061220724666,True,A-B|B-C|C-A|D-B|E-C|F-A
hexagon,hexagon,720,10,True,240,1432,354,354,0,1.8487272579277758,14.020903009997173,23.667025358724036,13.941631351956177,1.2946649015027496,13.941631351956177,1.4210854715202004e-14,7,1,0.04738876501448433,0.015420968004522013,0.11474748277511529,2.4214069039368895,True,True,1.1816966877154355e-14,6.646518689688359e-15,9.770593404874983e-15,True,0.07257944880422311,0.4475671044710627,True,A-B|B-C|C-A|D-F|E-D|F-E
two-triangles,rhombus-int,180,10,True,24,796,100,100,0,1.662244683673936,13.902084909581395,23.6822828866059,13.840588135647575,1.2448924694085688,13.840588135647575,1.2434497875801753e-14,1,1,0.04721337546113578,0.023741208681947696,0.11446656845427038,2.424452124769067,True,True,6.557838461428371e-15,3.76822190084106e-15,5.367098749996222e-15,True,0.12280317420997572,0.45336865794965664,True,A-B|B-C|C-A|D-B|E-D|F-C
rectangle-same,hexagon,180,10,True,20,558,108,108,0,2.0010865938588815,12.878309984942149,25.624288569296603,12.501591341683547,2.480768251215689,12.486111834591267,1.5987211554602254e-14,1,1,0.0468276794893208,0.041008730530518,0.1200995438414867,2.576425848193886,True,True,7.349307457465033e-15,4.124295487574583e-15,6.082968587418736e-15,True,0.10111599400144398,0.39028483721018153,True,A-B|A-E|B-F|C-A|C-C|D-D
3X2,two-triangles,720,10,True,56,3217,459,459,0,1.5653596835881207,13.856380007115215,24.03945192633113,13.745631246276192,1.101555103464918,13.745631246276192,1.4210854715202004e-14,8,1,0.046428866078425286,0.017087073571260495,0.1114129970490465,2.3996493229202134,True,True,1.4196081558010896e-14,1.0101132587919e-14,9.974760751164805e-15,True,0.0873849788001768,0.4395329025881252,True,A-D|B-E|C-A|D-C|E-F|F-B
cross,two-triangles,360,10,True,4,1695,246,246,0,1.7107605565968445,13.075453981580376,25.03658112363142,12.963867594516861,1.4254880340368459,12.963867594516861,1.2434497875801753e-14,4,1,0.04623442109798228,0.012983548876754947,0.11410916849941687,2.4680566078158748,True,True,8.609275320784259e-15,6.382605923831835e-15,5.777712624398315e-15,True,0.23717137618749276,0.4828768357435626,True,A-C|B-E|C-B|D-A|D-D|E-F
pentagon,3X2,360,10,True,0,1712,231,231,0,1.5192548185137986,13.708334576103375,24.51738016402603,13.60172442463038,1.4070569997570952,13.60172442463038,1.4210854715202004e-14,2,1,0.04607919611730816,0.023126162450308047,0.1114006876859631,2.4175918217487964,True,True,9.441466109136565e-15,9.230220894641107e-15,1.9860273225978185e-15,True,0.07000358557813392,0.44828351572191477,True,A-D|B-F|C-B|D-E|E-A|E-C
pyramid,arrow,360,10,True,37,581,278,278,0,1.5762284460417528,15.28383398278433,22.056897737722526,14.967956617763425,2.5954163285861327,14.967956617763425,1.5987211554602254e-14,1,1,0.04607481574472136,0.021386967559537094,0.11719442448929099,2.5435679469367725,True,True,0.2888499702685555,0.25764039395894084,0.13059759846500688,True,0.07627084357870759,0.42827695480702754,True,A-E|B-A|C-D|D-C|E-B|F-C
parallelepiped-ext,2X3,180,10,True,60,248,102,102,0,3.550918858107715,13.71407196671486,22.11355874073551,13.603650313816502,1.484810007535943,13.603650313816502,1.509903313490213e-14,1,1,0.04602230087756355,0.023895605550314374,0.11275101741744831,2.5022475705240517,True,True,8.835934885942789e-15,6.718642025484363e-15,5.7387798914068985e-15,True,0.05172163655963992,0.4446994208396341,True,A-C|A-D|B-E|C-A|D-B|D-F
horizzontal-parallelepiped,rhombus-ext,180,10,True,40,515,100,100,0,2.466404207016817,13.92462577424437,23.278791628896737,13.773496480171065,1.5978082911191516,13.773496480171065,1.5987211554602254e-14,2,1,0.04597538074700487,0.022899772243859046,0.11164383718362787,2.4283395889201214,True,True,7.822149574203035e-15,5.296590029624932e-15,5.756054031998179e-15,True,0.13199573437863452,0.5089644839199717,True,A-A|B-A|C-B|D-D|E-D|F-C
central-parallelepiped,rhombus-int,78,10,True,22,72,48,48,0,9.29638269480267,14.238698827815375,23.360028922324624,14.150663140596219,1.5054555600974588,14.150663140596219,1.5987211554602254e-14,2,1,0.04590484953060607,0.0137281977690479,0.11169016642451997,2.4330798938803393,True,True,1.9239846147312284e-14,1.150668848822207e-14,1.5419721132603696e-14,True,0.49590027782699986,0.45336865794965664,True,A-A|B-C|C-B|C-D|D-B|E-C
central-parallelepiped,cross,168,10,True,30,328,102,102,0,1.9138528761769253,14.619239215334437,22.79370123019359,14.564319103873629,1.0187935251915206,14.564319103873629,1.687538997430238e-14,2,1,0.04588904724720176,0.013369475038993522,0.11102317745503641,2.419382927193077,True,True,1.3201620857737328e-14,1.0041842978268712e-14,8.569958160413656e-15,True,0.1102537129643923,0.45336865794965664,True,A-D|B-B|C-A|C-D|D-C|E-E
two-triangles,rectangle-opposite,180,10,True,28,706,100,100,0,1.7214003641607056,13.499050583779415,23.64696420730504,13.338105852901652,1.5143413144923645,13.338105852901652,1.4210854715202004e-14,5,1,0.04588796767691582,0.04891588628511428,0.1097917650673444,2.392604654892479,True,True,3.155846784686366e-15,1.831026719408895e-15,2.5703521317566537e-15,True,0.08736623669950835,0.3926817942954417,True,A-B|B-C|C-A|D-D|E-D|F-A
pyramid,rectangle-same,180,10,True,24,442,121,121,0,2.5470048264997955,15.699504224544487,22.28586905398994,15.101840963504811,2.5777703031068357,15.04772371270472,1.687538997430238e-14,3,1,0.04586149146406697,0.04600891814840994,0.11609953652118035,2.53470615797079,True,True,9.148173091602022e-15,7.162636050562996e-15,5.69084490397398e-15,True,0.23355474599030238,0.32747907437451723,True,A-A|B-A|C-C|D-B|E-C|F-D
pentagon,horizzontal-parallelepiped,360,10,True,0,1215,270,270,0,1.5257322029025493,13.452115696091646,24.170078769485745,13.23308592794968,1.7773003219218957,13.23308592794968,1.5987211554602254e-14,1,1,0.045859736814393696,0.04576962665421064,0.11027234861339273,2.416623795334142,True,True,1.2177308185006033e-14,1.066732809023347e-14,5.873239825507801e-15,True,0.08731941453218817,0.3503071239504709,True,A-A|B-F|C-B|D-C|E-D|E-E
arrow,vertical-parallelepiped,360,10,True,48,1267,249,249,0,1.635657368955718,13.515312129221247,23.917126244325708,13.374433816275179,1.6133267006284797,13.374433816275179,1.5987211554602254e-14,4,1,0.045740688780037536,0.020191280389682303,0.11088002077263745,2.424100373867314,True,True,7.397993429817217e-15,5.457341904261104e-15,4.994769877343149e-15,True,0.12659023197946478,0.5030963954165705,True,A-C|B-D|C-A|C-B|D-F|E-E
cross,pyramid,360,10,True,20,857,273,273,0,1.8248397843585997,13.501968111007919,26.393012096668066,13.400145571944192,1.525719060216341,13.400145571944192,1.4210854715202004e-14,3,1,0.045682215518340646,0.01348274453283678,0.11260913167989076,2.465054078532598,True,True,4.351167857633658e-15,1.7763568394002505e-15,3.972054645195637e-15,True,0.14740553228158382,0.4179157688864527,True,A-F|B-E|C-C|D-B|D-D|E-A
2X3,rhombus-ext,180,10,True,52,305,97,97,0,1.8044910403349803,13.937233956993035,23.019954235996277,13.77645479362821,1.1940136741163117,13.77645479362821,1.4210854715202004e-14,2,1,0.045535433987299125,0.04050936415116711,0.11044461457193776,2.42546528935561,True,True,9.391582063907137e-15,5.635697693442509e-15,7.512704251548108e-15,True,0.14232149778427988,0.45673777918439046,True,A-B|B-A|C-D|D-C|E-A|F-D
2X3,pyramid,720,10,True,64,1397,525,525,0,1.8632658663140274,12.849894474035514,25.15965394663675,12.625803089405743,1.8355132018945564,12.625803089405743,1.4210854715202004e-14,3,1,0.045492070879836026,0.03996084691197196,0.1092350454979486,2.4011886771759627,True,True,9.473397168942838e-15,3.219646771412954e-15,8.909496539528163e-15,True,0.16641940591260795,0.3892155522973273,True,A-C|B-A|C-F|D-E|E-B|F-D
horizzontal-parallelepiped,2X3,720,10,True,168,1535,442,442,0,1.8681543857112821,13.565879655852495,23.825556129863248,13.264732958076651,2.396167581253378,13.264732958076651,1.4210854715202004e-14,5,1,0.04545964023233946,0.03837905472022239,0.10861070384904678,2.403824214211251,True,True,9.81025129326275e-15,7.160723346098895e-15,6.705600017716362e-15,True,0.17475931072517487,0.45336865794965664,True,A-D|B-C|C-B|D-E|E-A|F-F
central-parallelepiped,rectangle-opposite,78,10,True,22,154,40,40,0,1.7789727488342837,13.58906061886157,23.108475521988275,13.179804531139586,2.594771175546168,13.179804531139586,1.4210854715202004e-14,7,1,0.0453261024249626,0.02477960186310592,0.10855052138287968,2.394878791146562,True,True,7.749523720710876e-15,3.6489874298927905e-15,6.836666485528232e-15,True,0.07360601501924349,0.31140856846121034,True,A-C|B-A|C-A|C-D|D-B|E-D
vertical-parallelepiped,vertical-parallelepiped,720,10,True,212,1983,348,348,0,1.5901628253393796,13.792061097398427,23.515753606687564,13.501198742421673,2.1344707308181876,13.501198742421673,1.4210854715202004e-14,8,1,0.04524042845195843,0.034701816344131456,0.10859236934478442,2.4003391006807213,True,True,1.7984990575799243e-14,1.4110390467072077e-14,1.115153652544568e-14,True,0.16766331629055414,0.42339245367800304,True,A-E|B-F|C-A|D-B|E-D|F-C
central-trapezoid,central-parallelepiped,168,10,True,18,581,109,109,0,1.6346791852769977,13.814165101732499,23.74895762063733,13.606533635251003,1.8797006994407486,13.606533635251003,1.4210854715202004e-14,1,1,0.045089940550885624,0.0249077483778146,0.10868128481836736,2.4103222024814297,True,True,8.159708391726243e-15,4.950996675091632e-15,6.486021350661688e-15,True,0.16766592184114334,0.41981971932396717,True,A-D|B-C|C-E|D-A|D-B|E-C
pyramid,vertical-parallelepiped,720,10,True,22,2498,547,547,0,1.6344072797518885,14.927830141135495,22.138540650179724,14.101491901318624,2.6880151355143953,14.101491901318624,1.5987211554602254e-14,1,1,0.044985591462501105,0.03427115837811408,0.11434443975018503,2.5418014086910423,True,True,1.6863699366751494e-14,1.020439314654103e-14,1.342589724536134e-14,True,0.15695969043670036,0.4633533918727237,True,A-D|B-C|C-B|D-E|E-F|F-A
cross,base-trapezoid,168,10,True,30,529,98,98,0,1.8685112100817365,14.292962235818338,23.067146233881072,14.182555425891199,1.4547999576914203,14.182555425891199,1.4210854715202004e-14,2,1,0.04483901491110774,0.011888811768595266,0.11000567228368313,2.4533472133981244,True,True,6.92266567098083e-15,2.220446049250313e-15,6.556898606395034e-15,True,0.21524043613620883,0.4993505740910072,True,A-E|B-B|C-B|D-A|D-C|E-D
rectangle-opposite,rhombus-ext,34,10,True,10,36,20,20,0,9.145146910096203,13.779001533794712,22.56016558246269,13.461164670016576,1.9303704603007903,13.461164670016576,2.1316282072803006e-14,2,1,0.044802972474871486,0.03990282164283372,0.10840960323459292,2.419696668460922,True,True,6.481123777657938e-15,5.321950685265336e-15,3.698892580885112e-15,True,0.40853405799163706,0.36990647383846204,True,A-A|A-B|B-C|C-D|D-A|D-D
two-triangles,central-parallelepiped,360,10,True,36,1704,198,198,0,1.5593781445565003,13.70714541254555,23.790525638261258,13.540997793696992,1.6298042178705492,13.540997793696992,1.4210854715202004e-14,1,1,0.04450983640146523,0.023312138265982343,0.10682779723515859,2.4000941336113715,True,True,9.135137496682432e-15,5.0545829564127004e-15,7.609331653965125e-15,True,0.05660086350271414,0.4431883781158899,True,A-B|B-E|C-A|D-C|E-C|F-D
3X2,vertical-parallelepiped,720,10,True,136,1498,462,462,0,1.7748439952590267,13.791951982761377,23.96252355704577,13.633793368221276,1.5297879331563826,13.633793368221276,1.4210854715202004e-14,5,1,0.04442364491195302,0.017870889190187814,0.10674907660448928,2.402978792399055,True,True,5.9580819677934555e-15,1.7763568394002505e-15,5.687116766346677e-15,True,0.05398926064880753,0.4355693119706838,True,A-D|B-C|C-E|D-A|E-F|F-B
hexagon,cross,360,10,True,8,1375,262,262,0,1.7067544456363655,14.543890006747622,23.307443888265023,14.46594600197423,0.9911704375067081,14.46594600197423,1.4210854715202004e-14,1,1,0.044189892136761375,0.01590468901344159,0.1070876602502212,2.423351926698537,True,True,7.246574307760865e-15,3.430544514566347e-15,6.383118636801184e-15,True,0.052972451291152654,0.5194900697183719,True,A-C|B-A|C-D|D-B|E-E|F-D
base-trapezoid,rhombus-int,78,10,True,12,413,25,25,0,2.2375576313811623,13.029150063738232,25.481023874046393,12.710569515471848,2.380967883258756,12.710569515471848,1.4210854715202004e-14,3,1,0.04417759712367889,0.02180322985669168,0.11408109148559882,2.582329029037483,True,True,2.1754989434097064e-14,1.7000918801699874e-14,1.357381026741138e-14,True,0.06974364723247728,0.41115190529900336,True,A-C|B-A|B-B|C-C|D-B|E-D
parallelepiped-int,3X2,180,10,True,52,616,74,74,0,1.6204663833889472,13.732081023303177,23.688071556673574,13.704662436940431,0.9271257930919345,13.704662436940431,1.5987211554602254e-14,2,1,0.04416581072811454,0.010331310678155275,0.10598814938160797,2.4096120165496933,True,True,1.0307446050681752e-14,6.783435154467055e-15,7.760699169073325e-15,True,0.05118028238256919,0.42827695480702754,True,A-A|B-C|B-E|C-D|C-F|D-B
central-trapezoid,pyramid,360,10,True,10,1152,251,251,0,1.953209236688639,12.863251533563217,25.33888454035201,12.707627712235794,1.4321964737174453,12.707627712235794,1.4210854715202004e-14,8,1,0.04409386584203129,0.012854284314573753,0.10656960862451104,2.4168805930127006,True,True,8.086381804916613e-15,7.207918618425617e-15,3.665444022903609e-15,True,0.13834593641938572,0.41981971932396717,True,A-D|B-C|C-F|D-A|D-E|E-B
rhombus-ext,arrow,78,10,True,6,319,45,45,0,1.8849037473120545,13.903188495866148,23.742686308011283,13.838316057182363,1.1778377315190987,13.838316057182363,1.4210854715202004e-14,1,1,0.04407448852589724,0.020063330302163448,0.10673297838178467,2.4216498466923926,True,True,1.5384632178696496,0.7277762586928899,1.3554374902668205,True,0.1032572795041736,0.45323801017551585,True,A-A|A-C|B-D|C-E|D-B|D-C
wave,pentagon,168,10,True,0,559,119,119,0,1.5339304650944465,14.1647683055812,23.54597602301538,14.091858574426084,1.190000451335631,14.091858574426084,1.5987211554602254e-14,6,1,0.0439546001579136,0.008920814635446498,0.1064536129899909,2.4218992462117743,True,True,0.13097540292809182,0.07550449512233602,0.10702162112628054,True,0.12032393230900072,0.35591057617214006,True,A-E|B-A|C-D|C-E|D-C|E-B
horizzontal-parallelepiped,arrow,360,10,True,46,896,247,247,0,1.7226213018632912,13.84346699872547,23.689399639599287,13.654287390668213,1.7054797545652844,13.654287390668213,1.4210854715202004e-14,2,1,0.043948895313495225,0.028981985348795494,0.10580896661914657,2.407545533611085,True,True,4.491946442396235e-15,2.5121479338940403e-15,3.723801229870909e-15,True,0.16622082587559467,0.42827695480702754,True,A-A|B-E|C-D|D-B|E-C|F-C
wave,cross,168,10,True,28,659,100,100,0,1.6628681822593763,14.557968079882906,22.977453835238006,14.495489119125553,1.0354619926065207,14.495489119125553,1.4210854715202004e-14,1,1,0.04392524177624604,0.006758090592101579,0.10651378057780002,2.4248877472406014,True,True,1.758503553725828e-14,1.2932072993408848e-14,1.1916163935586911e-14,True,0.05071673947113901,0.4475031594694418,True,A-D|B-C|C-A|C-D|D-B|E-E
pentagon,cross,168,10,True,1,806,116,116,0,1.7029312779683108,14.197988400549985,23.096522039368992,14.097698119026687,1.460131523678276,14.097698119026687,1.4210854715202004e-14,1,1,0.04390171967172726,0.01885921114118778,0.10622958405289473,2.41971350660568,True,True,1.5056932907784783e-14,5.8167634697480146e-15,1.3887998103633849e-14,True,0.0654221785506943,0.4312665152281575,True,A-C|B-D|C-B|D-E|E-A|E-D
3X2,3X2,720,10,True,268,486,414,414,0,1.6834612809774985,14.119316676372188,23.7280937332126,14.03685805678482,1.0656046823790297,14.03685805678482,1.4210854715202004e-14,4,1,0.0437631795796421,0.010121675514606066,0.10614145829095119,2.4253598415487714,True,True,2.0081197320795014e-14,9.869683261999333e-15,1.7488391525366623e-14,True,0.10170658773905028,0.4341882410243255,True,A-D|B-A|C-F|D-B|E-C|F-E
pyramid,2X3,720,10,True,64,1429,548,548,0,1.9166916500330087,15.012379798526187,21.990115802316453,14.597534297226757,2.67520395273737,14.578808536984758,1.5987211554602254e-14,6,1,0.04359704956471758,0.031060484583020014,0.11052102157911778,2.535057364720404,True,True,1.0322089227061201e-14,6.646518689688359e-15,7.897424600402098e-15,True,0.14957096626090166,0.32747907437451723,True,A-E|B-C|C-A|D-D|E-B|F-F
hexagon,3X2,720,10,True,96,2220,492,492,0,1.5606847265509358,13.9307409778541,24.000731233436454,13.86339460033149,1.230295673079787,13.86339460033149,1.4210854715202004e-14,1,1,0.04359210891764173,0.018589170321302535,0.10555690123992026,2.421468101929828,True,True,9.354522129784344e-15,4.672730884287665e-15,8.103867617357112e-15,True,0.056456766395305155,0.4836808458573047,True,A-E|B-C|C-A|D-F|E-B|F-D
horizzontal-parallelepiped,rhombus-int,180,10,True,44,521,105,105,0,2.1413147498579153,13.814640743239629,23.41951437491456,13.741137867286238,1.3441163210517406,13.741137867286238,1.4210854715202004e-14,1,1,0.04352896549906269,0.021606162650842753,0.10522517872624325,2.4173599698460344,True,True,6.439308497321267e-15,2.9200461713448316e-15,5.739165817511136e-15,True,0.05717736575661363,0.4375415187649024,True,A-D|B-C|C-B|D-C|E-B|F-A
pyramid,hexagon,720,10,True,0,2015,559,559,0,1.784267771365647,15.348090862336093,22.550961882387476,15.109762562723844,2.633527192999014,15.109762562723844,1.5987211554602254e-14,2,1,0.043496843454084735,0.026565415006495237,0.11059753156979003,2.5426564961325706,True,True,1.626391472806964e-14,1.0360231026219151e-14,1.2537166161668537e-14,True,0.08632266281757914,0.39527610412442066,True,A-E|B-F|C-B|D-D|E-A|F-C
central-parallelepiped,hexagon,360,10,True,68,1283,215,215,0,1.5287386732380084,13.737487104534864,23.703308189156225,13.67017323155303,1.3323101977503846,13.67017323155303,1.4210854715202004e-14,4,1,0.043429724716306135,0.016938992070740247,0.10487529752905343,2.4148275913357775,True,True,7.177547882247976e-15,6.767418417617613e-15,2.3914935841127266e-15,True,0.05030718583433825,0.39300248433366436,True,A-F|B-C|C-A|C-E|D-B|E-D
vertical-parallelepiped,rhombus-int,180,10,True,40,451,106,106,0,2.160067995709845,13.928079105940663,23.60529574849954,13.869839259542657,1.5222532031326281,13.869839259542657,1.4210854715202004e-14,1,1,0.043328317442418156,0.022904478851778556,0.10519852439608655,2.4279392924936856,True,True,7.434208813731994e-15,3.3620086685903117e-15,6.6305624496338216e-15,True,0.13881707081770853,0.47930655890500934,True,A-B|B-B|C-C|D-D|E-C|F-A
2X3,base-trapezoid,360,10,True,100,577,210,210,0,1.7570355818566512,14.751537001236807,21.297735281696706,14.7127224119351,1.6280474519636807,14.7127224119351,1.5987211554602254e-14,1,1,0.04314731978780528,0.038683421099747484,0.10379756543304043,2.4056549964982232,True,True,9.930136612989092e-15,8.881784197001252e-15,4.440892098500626e-15,True,0.14791625621687243,0.44904494826803076,True,A-B|B-D|C-B|D-A|E-C|F-E
rhombus-ext,2X3,180,10,True,52,294,97,97,0,1.827784133003651,13.846778822570407,23.122165776547025,13.693212938455781,1.1999335011485721,13.693212938455781,1.5987211554602254e-14,3,1,0.04308477296448142,0.022598807145612215,0.10378818481283256,2.4089295978974827,True,True,1.1708034669782271e-14,8.087572565011725e-15,8.465769063380676e-15,True,0.11002267832771204,0.4475031594694418,True,A-A|A-D|B-F|C-B|D-C|D-E
horizzontal-parallelepiped,3X2,720,10,True,148,1830,458,458,0,1.6928494010689834,13.852613816646693,23.788473678483445,13.713255819753714,1.6043734229738567,13.713255819753714,1.4210854715202004e-14,3,1,0.043078560716111304,0.022437763907946925,0.1035784899300054,2.404409251566922,True,True,8.692958106129785e-15,7.779301618879932e-15,3.879431267263233e-15,True,0.13830570016082208,0.4341882410243255,True,A-B|B-F|C-E|D-A|E-D|F-C
rhombus-ext,vertical-parallelepiped,180,10,True,44,547,87,87,0,2.0927642272691,13.835931729833215,23.309770965329562,13.759926995353943,1.3239473532829238,13.759926995353943,1.5987211554602254e-14,6,1,0.0430056866357671,0.020506845647899206,0.10452463342636702,2.4304840034674777,True,True,1.0704300373371068e-14,9.729507111180988e-15,4.463041323674983e-15,True,0.3716872128249586,0.4914337512598634,True,A-A|A-C|B-B|C-D|D-E|D-F
vertical-parallelepiped,3X2,720,10,True,136,1516,474,474,0,1.948043809918284,13.852509035301788,23.952486130027296,13.69815382703461,1.5878199877668768,13.69815382703461,1.4210854715202004e-14,1,1,0.04295984523251066,0.019672369729863762,0.10364171113937537,2.412525244875477,True,True,9.75654440874794e-15,5.658999810552735e-15,7.947696518113586e-15,True,0.12008825600660163,0.3846245126357791,True,A-F|B-A|C-B|D-C|E-D|F-E
3X2,central-parallelepiped,360,10,True,88,666,206,206,0,1.7999592798368698,13.90193757037607,23.73113969661266,13.74893790101213,1.8141728257008656,13.74893790101213,1.4210854715202004e-14,3,1,0.042756638591930525,0.016510720442323188,0.10329079079806835,2.4157837051662536,True,True,1.1572013564002101e-14,6.334659102846395e-15,9.684192892346472e-15,True,0.11883491840235728,0.3676539667191418,True,A-C|B-D|C-C|D-A|E-E|F-B
central-parallelepiped,two-triangles,360,10,True,36,1673,221,221,0,1.532840595641292,13.70344344503343,23.768965807270288,13.571081409661582,1.563349842236616,13.571081409661582,1.4210854715202004e-14,5,1,0.04261474225097112,0.02218140018779316,0.10259479944421246,2.4074954821972314,True,True,1.4696937660983267e-14,1.176836406102666e-14,8.803725571481906e-15,True,0.0667122630549902,0.43871064769360363,True,A-C|B-B|C-A|C-D|D-E|E-F
pyramid,pyramid,720,10,True,106,1355,514,514,0,1.5309862370691323,14.075542249675328,23.793663822908524,13.890067028642498,2.535842402307764,13.890067028642498,1.5987211554602254e-14,3,1,0.04259873306775684,0.01856065208070998,0.10890756468846108,2.5565916365454933,True,True,4.7207330545682824e-15,2.6645352591003757e-15,3.8968670012594065e-15,True,0.1365337183084537,0.4179157688864527,True,A-B|B-F|C-E|D-C|E-D|F-A
rhombus-int,pyramid,180,10,True,12,553,121,121,0,2.1114950083311133,12.941717879142438,25.35498277653378,12.762778438519875,1.2851767805832357,12.762778438519875,1.4210854715202004e-14,2,1,0.04233981387594724,0.01922210747396537,0.10241826732739186,2.4189588463348084,True,True,4.070144838902081e-15,3.076740298213702e-15,2.6645352591003757e-15,True,0.11002267832771204,0.4475031594694418,True,A-A|B-B|B-D|C-C|C-E|D-F
hexagon,rhombus-ext,180,10,True,40,600,99,99,0,1.6399068674893151,14.013500424227407,23.75776413951376,13.912501709691556,1.2524627034348597,13.912501709691556,1.2434497875801753e-14,2,1,0.04231136305856178,0.02026987389538175,0.10247403332237669,2.4219033827992194,True,True,7.398969417494248e-15,5.7325338392052244e-15,4.677905965641271e-15,True,0.052972451291152654,0.3902008642505306,True,A-D|B-A|C-B|D-C|E-D|F-A
rhombus-ext,pyramid,180,10,True,16,461,123,123,0,2.240305270279531,12.962915313056687,25.6814819252579,12.78642501508109,1.397118534148865,12.78642501508109,1.4210854715202004e-14,1,1,0.042309969137474694,0.020188868853876905,0.10236816415541307,2.4194809460341524,True,True,5.98700798429656e-15,4.013778272633079e-15,4.442279660508709e-15,True,0.2057413590396566,0.4179157688864527,True,A-D|A-F|B-B|C-A|D-C|D-E
rectangle-same,two-triangles,180,10,True,6,934,104,104,0,1.6293736993430215,12.686647730261903,25.495794972852995,12.36464900893286,2.528329355885007,12.361065933473592,1.4210854715202004e-14,10,1,0.0422635832759332,0.04627330344360799,0.10984663194553598,2.599084683103234,True,True,9.40238303193614e-15,8.036089979040633e-15,4.881194989754391e-15,True,0.3596782599221262,0.4652866157331114,True,A-A|A-C|B-D|C-B|C-F|D-E
vertical-parallelepiped,rhombus-ext,180,10,True,44,488,100,100,0,1.943410597508807,13.91949480773227,23.242977499525406,13.848105484728672,1.281242640645444,13.848105484728672,1.4210854715202004e-14,1,1,0.04223290358374588,0.021402664248659137,0.10203979103580309,2.4161206636778583,True,True,8.188600426433445e-15,7.32410687763558e-15,3.66205343881779e-15,True,0.06858181942565879,0.4804999201258812,True,A-C|B-D|C-A|D-D|E-A|F-B
triangle,2X3,90,10,True,30,125,48,48,0,1.7988222695249496,13.95188625497517,23.52962442251029,13.906623347585118,0.8690763289927593,13.906623347585118,1.2434497875801753e-14,2,1,0.042197781766710754,0.014501214385939525,0.10202209178197312,2.417712199802335,True,True,7.47303020789728e-15,3.7788300732058186e-15,6.447218296752528e-15,True,0.18632900272679512,0.48333701435588255,True,A-C|A-E|B-B|B-D|C-A|C-F
central-trapezoid,vertical-parallelepiped,360,10,True,36,1418,227,227,0,1.511085110561669,13.750365611515694,23.95701683567735,13.559437095964181,1.6983981327650706,13.559437095964181,1.4210854715202004e-14,3,1,0.04210568774399545,0.019998010667341984,0.10128011341419356,2.405378437943619,True,True,8.997602480567051e-15,6.060638241914243e-15,6.650226650194185e-15,True,0.2541559505323323,0.4652866157331114,True,A-C|B-D|C-F|D-A|D-B|E-E
hexagon,vertical-parallelepiped,720,10,True,124,1860,455,455,0,1.7150017956298587,13.722037889099333,23.767309023749238,13.562238407972012,1.4993207292058601,13.562238407972012,1.4210854715202004e-14,3,1,0.042069640022563935,0.026459147517756104,0.10145864224234429,2.4116831564978267,True,True,6.528640041021009e-15,3.853929388444262e-15,5.269759866835341e-15,True,0.12728525165533186,0.3515440624678419,True,A-C|B-B|C-A|D-D|E-F|F-E
rectangle-same,horizzontal-parallelepiped,180,10,True,26,535,109,109,0,1.7966509818168213,12.711541820475704,24.908301942999174,12.253885734019958,2.916329402086357,12.253694256579271,1.5987211554602254e-14,2,1,0.041957868129328654,0.05294128115402912,0.10821816908133397,2.579210381894718,True,True,1.0864313735514723e-14,8.021313332746002e-15,7.327471962526033e-15,True,0.07935193280394807,0.31140856846121034,True,A-A|A-F|B-D|C-B|C-C|D-E
3X2,pentagon,360,10,True,0,1705,276,276,0,1.5852096516898928,13.9346432515327,24.034918359886984,13.871908450310995,1.3122270881384452,13.871908450310995,1.4210854715202004e-14,3,1,0.04183782176731626,0.018017498496061924,0.1010040172694273,2.414179634665677,True,True,8.659739592076221e-15,7.53644380168212e-15,4.265337574760008e-15,True,0.07825636611121839,0.44047632408840137,True,A-E|B-B|C-E|D-A|E-C|F-D
pentagon,vertical-parallelepiped,360,10,True,0,1602,261,261,0,1.8206879769731465,13.282470987678316,24.213140029050205,13.035386646771553,1.6701676914418435,13.035386646771553,1.4210854715202004e-14,2,1,0.04175668779572987,0.03979308468610016,0.10098568705341163,2.4184314509672062,True,True,4.722119957827778e-15,4.071753348775326e-15,2.3914935841127266e-15,True,0.14749262368084873,0.3886873512957292,True,A-A|B-D|C-F|D-E|E-B|E-C
2X3,rhombus-int,180,10,True,64,431,77,77,0,3.1274330265167065,13.80308634966362,22.86319450403526,13.57679643186847,1.6948933785790323,13.57679643186847,1.5987211554602254e-14,3,1,0.04175387621778308,0.03329649226494163,0.10105101364811934,2.4201588643183616,True,True,1.182821529653071e-14,1.1438269376049144e-14,3.0120874459449864e-15,True,0.19201313609529408,0.45673777918439046,True,A-B|B-C|C-B|D-C|E-A|F-D
pyramid,horizzontal-parallelepiped,720,10,True,20,1959,572,572,0,1.7304918922463948,15.076367650640819,22.171338264292068,14.465047270505421,2.704530211846582,14.465047270505421,1.5987211554602254e-14,3,1,0.04167959280925977,0.028805495202010707,0.10575439150252205,2.5444944562290615,True,True,1.2434497875801753e-14,9.729507111180988e-15,7.742959950613002e-15,True,0.07688289203643753,0.32651322683833955,True,A-A|B-E|C-D|D-C|E-B|F-F
pyramid,pentagon,360,10,True,1,1402,282,282,0,1.9662703157513088,14.818146940064494,22.16466958045854,13.973405388889216,2.6688273264226354,13.973405388889216,1.5987211554602254e-14,11,1,0.04145440863533618,0.017192950461375804,0.1061687181336116,2.561095951640527,True,True,8.248590975149166e-15,4.351167857633658e-15,7.007609531788139e-15,True,0.2561330757810804,0.44672992321618066,True,A-B|B-D|C-E|D-E|E-C|F-A
parallelepiped-ext,cross,78,10,True,8,282,49,49,0,2.090227183376015,14.393589264428499,22.514266816617575,14.32606404988152,1.3099893672476923,14.32606404988152,1.4210854715202004e-14,2,1,0.04130655681980317,0.010083187093473502,0.10089078428879723,2.507735992008271,True,True,5.335251403664412e-15,2.625699824841293e-15,4.644416860073122e-15,True,0.21660646583585969,0.45336865794965664,True,A-A|A-C|B-D|C-D|D-B|D-E
two-triangles,cross,360,10,True,4,1645,247,247,0,1.7335807450408323,14.44312686771024,23.01994747703749,14.370290728217743,1.1028548325998755,14.370290728217743,1.4210854715202004e-14,10,1,0.041301644634544776,0.01143284730431112,0.09933823279499948,2.405188308455707,True,True,8.623289286447682e-15,7.879651002368916e-15,3.5031725904713724e-15,True,0.0562467356134167,0.36990647383846204,True,A-C|B-B|C-E|D-D|E-D|F-A
cross,arrow,168,10,True,12,754,95,95,0,1.5295291224988852,13.03120114359978,24.58470139716824,12.90575094830791,1.4909642325967667,12.90575094830791,1.3322676295501878e-14,1,1,0.04123603183793805,0.010720462808753016,0.100889210949861,2.4466275355098723,True,True,1.2300950466638963e-14,1.067893742893049e-14,6.105217258353122e-15,True,0.055703953154907095,0.4179157688864527,True,A-E|B-C|C-C|D-B|D-D|E-A
vertical-parallelepiped,two-triangles,720,10,True,64,2891,432,432,0,1.53412308929043,13.70124602600677,24.050962742495827,13.557479119934488,1.593383228316494,13.557479119934488,1.4210854715202004e-14,5,1,0.04111628028035861,0.029581082951888066,0.0992887950225863,2.4148292196076135,True,True,8.880047281399105e-15,2.8585058849738646e-15,8.407388644844094e-15,True,0.06389320095320437,0.4652866157331114,True,A-C|B-F|C-A|D-E|E-B|F-D
central-parallelepiped,3X2,360,10,True,88,653,204,204,0,1.6572123797401492,13.95797698579551,23.731943743748648,13.760906060259826,1.8307764634494603,13.760906060259826,1.4210854715202004e-14,2,1,0.04104719770120406,0.016516520644452103,0.09915252014730609,2.4155734301052565,True,True,1.535664440772828,0.5490354972964404,1.4341636229393677,True,0.22396553977378938,0.42827695480702754,True,A-D|B-F|C-A|C-C|D-E|E-B
pyramid,trapezoid-ext,180,10,True,13,503,125,125,0,1.8756397769991813,16.330861304014125,21.722793080986317,16.265179620489047,2.608694734263424,16.265179620489047,1.5987211554602254e-14,2,1,0.0409484148211054,0.009847540387979326,0.10478140598523944,2.5588635468065446,True,True,8.379058453350832e-15,8.140289677804162e-15,1.9860273225978185e-15,True,0.10857512284706348,0.5104643952920104,True,A-B|B-D|C-A|D-C|E-D|F-A
base-trapezoid,two-triangles,360,10,True,12,1171,260,260,0,1.8547299703379858,12.870770292161856,25.77490446419627,12.67777111632602,2.3520717695332816,12.67777111632602,1.4210854715202004e-14,3,1,0.04089015564960254,0.02743852193932317,0.10618750304768097,2.5968965233986125,True,True,7.229674816111308e-15,3.972442522218699e-15,6.040521364450491e-15,True,0.23904449376922268,0.43871064769360363,True,A-C|B-A|B-D|C-E|D-B|E-F
central-trapezoid,rectangle-same,78,10,True,4,334,48,48,0,2.4509075144688106,14.659892078311403,21.709868629591252,14.445647729245952,1.9654796070778495,14.445647729245952,1.4210854715202004e-14,3,1,0.040474201943257584,0.032211131141009666,0.09726781780843301,2.403205329281024,True,True,3.6660169582598094e-14,2.4506585837157785e-14,2.7265276166414817e-14,True,0.13155853205186624,0.41981971932396717,True,A-C|B-C|C-D|D-A|D-B|E-A
cross,central-parallelepiped,168,10,True,30,328,102,102,0,1.8062631267245894,13.202210497422232,24.59798914180649,13.11990396322265,1.4622396057906073,13.11990396322265,1.2434497875801753e-14,1,1,0.040467973421983675,0.0132746472760964,0.09921166159030378,2.4516093394587535,True,True,8.854376646841823e-15,4.206503768814687e-15,7.791361360319882e-15,True,0.17055892128979422,0.4179157688864527,True,A-E|B-C|C-D|D-A|D-C|E-B
wave,two-triangles,360,10,True,32,1016,248,248,0,1.5068959255584844,13.930543553552333,23.639269256099883,13.884805099844836,0.9469360982276736,13.884805099844836,1.4210854715202004e-14,6,1,0.03987220768552007,0.006340828479004942,0.09641613400107782,2.418128806950716,True,True,9.00278365595127e-15,7.544058506457047e-15,4.912972095078126e-15,True,0.054991727625357804,0.5141693843650431,True,A-A|B-C|C-D|C-E|D-B|E-F
3X2,horizzontal-parallelepiped,720,10,True,148,1671,451,451,0,1.6485496729702764,13.859484694286339,23.77183298985997,13.725696067519962,1.6458770494966708,13.725696067519962,1.4210854715202004e-14,1,1,0.03982840323610936,0.022599750811664272,0.0953421242102431,2.406913541977798,True,True,9.237990016487684e-15,8.593757770175113e-15,3.3893637946200144e-15,True,0.08096940055903461,0.3676539667191418,True,A-D|B-A|C-F|D-E|E-C|F-B
rectangle-opposite,two-triangles,180,10,True,28,835,97,97,0,1.750146921161677,13.550165937286268,23.54380586385016,13.406484839617114,1.5049905750246648,13.406484839617114,1.4210854715202004e-14,4,1,0.03965367701452715,0.040295218452513354,0.09426926770401578,2.388358701841276,True,True,6.9338301331197446e-15,5.186102565666857e-15,4.602427673885057e-15,True,0.05203632867502829,0.3926817942954417,True,A-B|A-E|B-C|C-F|D-A|D-D
central-trapezoid,rhombus-int,78,10,True,2,242,61,61,0,1.9442184407596828,13.98266254457908,23.600432128175864,13.882328578117594,1.1441484289828612,13.882328578117594,1.2434497875801753e-14,1,1,0.03945764112084143,0.011911804217747837,0.0954817282810745,2.428253992173879,True,True,5.760335218184685e-15,4.782987168225453e-15,3.210061615366513e-15,True,0.08911753969340183,0.4944694914980932,True,A-B|B-B|C-D|D-A|D-C|E-C
rectangle-same,vertical-parallelepiped,180,10,True,32,455,103,103,0,2.120413766705951,12.77699300148285,25.26482896657115,12.326201168884555,2.855041439177188,12.326201168884555,1.5987211554602254e-14,4,1,0.039418831301901984,0.059659882181412216,0.10123919614590557,2.5682952234309573,True,True,1.0426643443638546e-14,7.300507852813707e-15,7.444291678311382e-15,True,0.05194102651214602,0.3926817942954417,True,A-B|A-C|B-D|C-E|C-F|D-A
cross,2X3,360,10,True,48,690,247,247,0,1.7300612667933004,13.071637181007075,24.613661571604762,12.963541689701206,1.5276800085261968,12.963541689701206,1.4210854715202004e-14,8,1,0.039330413994970635,0.016931741308658984,0.09686659643049751,2.4628928758005015,True,True,4.753258815128369e-15,3.820199830714189e-15,2.828346268936465e-15,True,0.2846353301552453,0.4475031594694418,True,A-D|B-E|C-B|D-A|D-C|E-F
vertical-parallelepiped,arrow,360,10,True,48,1463,222,222,0,1.5907133014228392,13.75366614304631,23.96089386919849,13.576622730038624,1.5651500317929785,13.576622730038624,1.5987211554602254e-14,1,1,0.03928526231198599,0.02683351845360212,0.09424892371179278,2.399091113693221,True,True,1.1650562434686784e-14,1.0532459771997152e-14,4.980250615761879e-15,True,0.09724707432395896,0.42827695480702754,True,A-A|B-E|C-C|D-B|E-C|F-D
central-trapezoid,two-triangles,360,10,True,16,1506,243,243,0,1.6757020974088634,13.825004434638737,24.069398755132326,13.672589665832179,1.4148046054041334,13.672589665832179,1.4210854715202004e-14,3,1,0.039243621300693796,0.015850054376018358,0.09462744864889551,2.4112822800892375,True,True,7.301048638501636e-15,5.752188195597146e-15,4.496403249731884e-15,True,0.20055554091853284,0.4652866157331114,True,A-C|B-F|C-B|D-A|D-D|E-E
arrow,base-trapezoid,168,10,True,14,657,97,97,0,1.704340108393799,14.767028538586066,21.918686720699394,14.713963928652856,1.4813108451514256,14.713963928652856,1.5987211554602254e-14,4,1,0.039183098921168544,0.021604344543568965,0.0947177879436703,2.4173123247405868,True,True,6.323399966267359e-15,4.782987168225453e-15,4.136232691952992e-15,True,0.2183357175753509,0.4341882410243255,True,A-E|B-A|C-B|C-C|D-D|E-B
two-triangles,central-trapezoid,360,10,True,16,1505,245,245,0,1.5521661718125421,13.805442264513086,23.91355154766752,13.681572945471874,1.4524586628783582,13.681572945471874,1.4210854715202004e-14,2,1,0.03917023710148321,0.016218959484841918,0.09388097877630794,2.3967426730933186,True,True,1.4193720346857286,0.37103626497507225,1.3700179060586226,True,0.05273629635825684,0.4446994208396341,True,A-C|B-D|C-D|D-E|E-A|F-B
central-trapezoid,2X3,360,10,True,44,1169,227,227,0,1.6464803543679323,13.588160553612427,23.52932622797497,13.42069973344598,1.767083493262216,13.42069973344598,1.2434497875801753e-14,2,1,0.038983886123758346,0.022980363778766808,0.09309832701929964,2.3881233062232288,True,True,4.134204205731117e-15,3.7119082021648784e-15,1.820269736436321e-15,True,0.09263234916179225,0.41115190529900336,True,A-D|B-E|C-A|D-B|D-F|E-C
rhombus-int,3X2,180,10,True,72,197,87,87,0,9.207123076882267,14.177301842648264,23.736752815430687,14.173956993996272,0.9039521951509193,14.173956993996272,1.4210854715202004e-14,2,1,0.038913790046546305,0.010305950480068856,0.09469094976048131,2.4333520237226383,True,True,7.0356962557104815e-15,5.634860374059478e-15,4.213000162292041e-15,True,0.11843945761752434,0.5202372758899162,True,A-C|B-A|B-D|C-B|C-E|D-F
cross,rectangle-opposite,78,10,True,14,126,50,50,0,9.103205396090187,13.012325130459883,23.854647403092194,12.904513644479618,1.5431926542975716,12.904513644479618,1.4210854715202004e-14,3,1,0.038686480517673844,0.019810203999791914,0.09475740928420626,2.4493675314019976,True,True,6.529410675488425e-15,2.4973945783860897e-15,6.032928317909138e-15,True,0.4094317109933933,0.4179157688864527,True,A-A|B-C|C-D|D-A|D-D|E-B
rectangle-opposite,3X2,180,10,True,76,109,93,93,0,3.3197010805786835,13.703644452246403,23.098427659714517,13.58676755147663,1.7548538387213672,13.58676755147663,1.5987211554602254e-14,2,1,0.03857607630655951,0.0313230176877648,0.09248469302470484,2.397462414003434,True,True,8.594791406205394e-15,8.317557506057375e-15,2.1653351818161375e-15,True,0.22887341196288286,0.3846245126357791,True,A-E|A-F|B-B|C-A|D-C|D-D
triangle,rectangle-opposite,15,10,True,2,52,9,9,0,9.042695032307812,13.712868292758642,22.509394477128215,13.665396642310107,0.882950129863491,13.665396642310107,1.3322676295501878e-14,3,1,0.03848488050856392,0.00843850386769242,0.09275429268780429,2.4195680244781186,True,True,1.1305210860370893e-14,1.0855801383086959e-14,3.155846784686366e-15,True,0.3534430683511782,0.42238175706989983,True,A-A|A-C|B-A|B-D|C-B|C-D
parallelepiped-int,horizzontal-parallelepiped,180,10,True,28,607,116,116,0,2.336591650288502,13.68042089405128,23.266801323712738,13.498751831488208,1.5705643709419759,13.498751831488208,1.5987211554602254e-14,6,1,0.038470134884386414,0.015096959807076028,0.0933141809948749,2.4256265613653367,True,True,7.13965989358482e-15,5.477701905140091e-15,4.579249418244023e-15,True,0.3993734976213054,0.3914966099903299,True,A-A|B-E|B-F|C-B|C-D|D-C
hexagon,central-parallelepiped,360,10,True,68,1411,212,212,0,1.5862515665512897,13.76844742737027,23.741222608984863,13.64554572098936,1.4341684620150617,13.642822542701987,1.4210854715202004e-14,1,1,0.0382970461206952,0.019670370186166013,0.09252025482704308,2.415858772383137,True,True,4.06597868201741e-15,3.972442522218699e-15,8.671119018262734e-16,True,0.051927234131438064,0.5143179217989187,True,A-C|B-C|C-B|D-A|E-D|F-E
rhombus-ext,cross,78,10,True,24,148,38,38,0,1.5821113063347576,14.593225441497577,22.581757500531985,14.516421770350972,1.333641377149703,14.516421770350972,1.3322676295501878e-14,1,1,0.038084910594331375,0.00996418177154053,0.09208543891972815,2.417898256361781,True,True,3.1317736575662666e-14,2.5403494332027708e-14,1.8315651775059366e-14,True,0.22761054642904863,0.49735129699233444,True,A-A|A-D|B-E|C-B|D-C|D-D
wave,base-trapezoid,168,10,True,26,358,112,112,0,1.6774858309437468,15.08774025047201,21.47517024715859,15.000149389086666,1.2876924093462288,15.000149389086666,1.4210854715202004e-14,1,1,0.037900401169836555,0.00999542574458965,0.09177500931567667,2.4214785723354506,True,True,6.825840403541238e-15,4.265337574760008e-15,5.329070518200751e-15,True,0.3107230407161186,0.5263781171411518,True,A-D|B-B|C-A|C-E|D-C|E-B
vertical-parallelepiped,cross,360,10,True,20,1075,250,250,0,1.9353528470936427,14.499066161727505,22.731075606600083,14.426137347035915,1.2060263286042006,14.426137347035915,1.5987211554602254e-14,3,1,0.037765014520536704,0.015191801116083961,0.09114414876439451,2.4134546198792037,True,True,9.958345070614217e-15,5.162537064506978e-15,8.515682450809104e-15,True,0.09519937724613806,0.49573600680125657,True,A-A|B-D|C-D|D-C|E-E|F-B
pyramid,central-parallelepiped,360,10,True,10,1298,266,266,0,1.523685346287697,15.063428972801416,21.961104089765605,14.259293150489704,2.748675945286812,14.259293150489704,1.5987211554602254e-14,1,1,0.037457997350834125,0.021879521997811416,0.09553879817302925,2.5505580898574594,True,True,4.2826412465193164e-15,3.076740298213702e-15,2.9790409838967277e-15,True,0.09046142671918218,0.4305510598091942,True,A-C|B-B|C-D|D-A|E-C|F-E
vertical-parallelepiped,triangle,90,10,True,18,283,46,46,0,1.5857384394411382,14.02540564868717,23.426179939657292,13.980798224192725,1.0382834314773364,13.980798224192725,1.4210854715202004e-14,2,1,0.0373856141454505,0.01142033824814803,0.09030857219055533,2.4155968613811063,True,True,1.2849362718533124e-14,7.079358684571817e-15,1.072328321399778e-14,True,0.12184551932853434,0.46477305989471923,True,A-C|B-B|C-B|D-C|E-A|F-A
pentagon,rhombus-int,78,10,True,0,420,47,47,0,1.7086543039633038,13.631139162655012,23.73218129215192,13.509135322254387,1.5830830702139282,13.509135322254387,1.4210854715202004e-14,4,1,0.03715424027003633,0.019466366475260503,0.08984521465490762,2.4238515266004157,True,True,7.585858289892786e-15,4.415928653512151e-15,6.168048323531963e-15,True,0.18213067409330716,0.4906153958439739,True,A-A|B-D|C-C|D-B|E-B|E-C
parallelepiped-ext,base-trapezoid,78,10,True,0,211,56,56,0,2.4458502293840914,14.827870782510395,21.009598422368477,14.655425275234549,1.5223672297398827,14.655425275234549,1.4210854715202004e-14,6,1,0.036701315940758476,0.01285675866406142,0.090999390463964,2.501140504115528,True,True,8.025358024488044e-15,7.609091204154493e-15,2.5510982866352577e-15,True,0.29713024603260446,0.3926817942954417,True,A-B|A-D|B-C|C-E|D-A|D-B
rectangle-opposite,arrow,78,10,True,8,453,35,35,0,1.5709242871671443,13.570953452462133,23.53827649560829,13.380619387633272,1.5272971352756066,13.380619387633272,1.4210854715202004e-14,3,1,0.03667936659137483,0.038228690567908424,0.08812041558959342,2.4024519444759163,True,True,1.1061081294295253e-14,9.6152104416522e-15,5.467654667382613e-15,True,0.1317146447525911,0.42827695480702754,True,A-A|A-D|B-C|C-C|D-B|D-E
pentagon,central-parallelepiped,168,10,True,0,730,117,117,0,1.9520720335133324,13.535041114850522,24.012342015098476,13.285004458806405,1.7278901009513188,13.281231610232595,1.5987211554602254e-14,4,1,0.03636993363738263,0.02189439305605486,0.08690647815470406,2.3895143450406993,True,True,1.0873854466579126e-14,9.005166537376362e-15,6.094890203642705e-15,True,0.08060286963024578,0.3886873512957292,True,A-E|B-A|C-D|D-C|E-B|E-C
cross,pentagon,168,10,True,1,701,124,124,0,1.6310079079934097,13.059193299874057,24.428896868826303,12.966212236665466,1.6542102378472596,12.966212236665466,1.4210854715202004e-14,2,1,0.03626038703338812,0.012360094107010527,0.08837685133633581,2.4372837293479384,True,True,5.407139474782739e-15,5.4025784115714076e-15,2.220446049250313e-16,True,0.05025397784024472,0.3886290146990729,True,A-E|B-A|C-C|D-B|D-E|E-D
central-parallelepiped,wave,168,10,True,52,505,68,68,0,1.5327667023225509,13.955202545940516,23.354823161962102,13.897693291587856,1.0476925131386636,13.897693291587856,1.2434497875801753e-14,5,1,0.036248019591810295,0.012200696752888344,0.087313424909522,2.4087778006291187,True,True,7.966443684053228e-15,3.345125415983005e-15,7.230101031281382e-15,True,0.10134366008909021,0.36990647383846204,True,A-C|B-D|C-B|C-E|D-C|E-A
wave,2X3,360,10,True,88,409,236,236,0,1.8498788947241223,13.94045194543959,23.316920454551017,13.841403601221447,1.5053410202889537,13.841403601221447,1.4210854715202004e-14,3,1,0.036018567359184135,0.012781436410837578,0.08662279783936898,2.404948452711893,True,True,4.445376700000575e-15,3.5371172856155196e-15,2.692614958123033e-15,True,0.16660526615856278,0.41981971932396717,True,A-A|B-E|C-D|C-F|D-C|E-B
horizzontal-parallelepiped,trapezoid-ext,180,10,True,16,422,128,128,0,1.5899467317857396,14.578594315966674,22.24162062109485,14.527543741399427,1.0196147731598602,14.527543741399427,1.4210854715202004e-14,1,1,0.03587225734124377,0.008949281532584697,0.08658651062122232,2.4137458035480344,True,True,9.812763843257401e-15,7.377764055609925e-15,6.469847894911436e-15,True,0.1456010823447598,0.4819685586958586,True,A-D|B-A|C-C|D-D|E-B|F-A
wave,rectangle-same,78,10,True,6,239,57,57,0,1.6603401237430677,14.800647897808872,21.45801022567389,14.743624670601971,1.4762729404907449,14.743624670601971,1.4210854715202004e-14,2,1,0.035837590692995906,0.012996191994461788,0.08633901960058321,2.4091747779645605,True,True,1.8489797045942824e-14,1.7985612998927536e-14,4.288393621505008e-15,True,0.37369665313503314,0.42664682117134556,True,A-B|B-C|C-A|C-C|D-A|E-D
trapezoid-ext,horizzontal-parallelepiped,180,10,True,16,430,125,125,0,1.5966604492221743,13.088910498893163,24.34355883191948,13.008694794758869,1.4011011193417449,13.008694794758869,1.4210854715202004e-14,1,1,0.03577587874549233,0.008863629644981788,0.08735297505816021,2.441672381539097,True,True,1.3526246878631993e-14,1.2067075835419227e-14,6.111058452014928e-15,True,0.10498351927114243,0.46513388365735514,True,A-B|A-C|B-A|C-F|D-D|D-E
trapezoid-ext,2X3,180,10,True,48,207,116,116,0,1.7708049952405318,12.857067921782408,24.468075292124414,12.827897457262141,1.1931796887254673,12.827897457262141,1.4210854715202004e-14,3,1,0.035722766087358526,0.009073958225448927,0.08742639911455964,2.447358048947331,True,True,6.297197287459952e-15,2.8659460207457338e-15,5.607231677339958e-15,True,0.1118390222762555,0.46513388365735514,True,A-B|A-D|B-A|C-F|D-C|D-E
rectangle-same,3X2,180,10,True,66,221,92,92,0,2.256104193682336,12.903253320209197,24.712070332066364,12.555366704952908,2.670582035681699,12.555366704952908,1.4210854715202004e-14,1,1,0.03564312361494548,0.0261486168514543,0.09239166138987139,2.596019869744564,True,True,6.7018522855354506e-15,4.196989271751724e-15,5.224950249517949e-15,True,0.2965197909335261,0.42827695480702754,True,A-A|A-C|B-F|C-D|C-E|D-B
rectangle-same,cross,78,10,True,10,108,56,56,0,9.350119887552422,13.139912966637961,23.95486561118401,12.995298856972255,2.3195576395153386,12.994977429544004,1.5987211554602254e-14,2,1,0.03556412719073738,0.026273806214786633,0.09219136277897119,2.5922571439622533,True,True,1.1842682742038855e-14,8.635618814639712e-15,8.104025062697274e-15,True,0.31778385501389944,0.41115190529900336,True,A-C|A-D|B-A|C-D|C-E|D-B
parallelepiped-int,base-trapezoid,78,10,True,8,152,54,54,0,1.8679172701032565,14.96013302618368,21.416659711324627,14.902433388052994,1.8338823826545756,14.902433388052994,1.4210854715202004e-14,5,1,0.03521466540864122,0.009575906592941212,0.08455568148190641,2.4011496488947914,True,True,1.1714957408931494e-14,1.058444965470703e-14,5.020921489134356e-15,True,0.13759420805983816,0.3846245126357791,True,A-E|B-A|B-B|C-B|C-C|D-D
arrow,3X2,360,10,True,44,1589,253,253,0,1.6265782237255193,13.82768697048116,23.79905766425588,13.757150044871217,1.1698506717708241,13.757150044871217,1.4210854715202004e-14,1,1,0.03502664945915844,0.013522887182402264,0.08497915643409504,2.426128611963925,True,True,1.939993623732759e-14,1.496012651983401e-14,1.2351199962875478e-14,True,0.13150671008127005,0.3846245126357791,True,A-B|B-F|C-A|C-E|D-D|E-C
horizzontal-parallelepiped,triangle,90,10,True,6,223,62,62,0,1.6806459542958827,14.071868156022795,23.721814120735253,14.00651817147925,1.0084449723660558,14.00651817147925,1.4210854715202004e-14,2,1,0.035025403149154914,0.010728901649503705,0.08446195984019109,2.4114486128970927,True,True,8.674971746233409e-15,4.1013030793016554e-15,7.644242791124487e-15,True,0.1420476966587821,0.44570029637104946,True,A-A|B-B|C-C|D-A|E-C|F-B
parallelepiped-ext,horizzontal-parallelepiped,180,10,True,24,630,116,116,0,1.8688344544896616,13.62131093438068,23.306088255869213,13.461871200753448,1.6846055758341065,13.461871200753448,1.4210854715202004e-14,7,1,0.034565122619946494,0.014640673191278252,0.08363715961761246,2.4884378200700823,True,True,5.34720372417391e-15,3.5821619746561184e-15,3.969975220973944e-15,True,0.09819260648924258,0.32651322683833955,True,A-E|A-F|B-A|C-C|D-B|D-D
hexagon,rhombus-int,180,10,True,28,740,102,102,0,1.7268310765401786,13.94284501691382,23.752543620297857,13.870866616134954,1.0597486441973496,13.870866616134954,1.2434497875801753e-14,6,1,0.03452910481095957,0.0142977646351534,0.08363060763757589,2.422032314345765,True,True,3.2766441552384e-14,3.142696061245355e-14,9.272854936269104e-15,True,0.07889659848128534,0.4395566479806858,True,A-A|B-B|C-C|D-B|E-C|F-D
pentagon,central-trapezoid,168,10,True,0,657,125,125,0,1.600537205711289,13.565332877288265,24.04702686868922,13.414633116437926,1.5397539887099971,13.414633116437926,1.5987211554602254e-14,2,1,0.034493370881568196,0.01785389290035899,0.08324372178011362,2.4133252173563458,True,True,1.0959200373197812e-14,5.329070518200751e-15,9.576276950461626e-15,True,0.12282536065388976,0.4144789216915609,True,A-B|B-D|C-C|D-D|E-A|E-E
central-trapezoid,rectangle-opposite,78,10,True,12,323,45,45,0,1.533953055708918,13.556042181050428,23.301845201582946,13.318271390046176,2.075279289094582,13.318271390046176,1.4210854715202004e-14,3,1,0.034491848734474764,0.027857799999235808,0.08249380923300167,2.3916899864676933,True,True,4.577566798522238e-15,4.124295487574583e-15,1.9860273225978185e-15,True,0.13155853205186624,0.41981971932396717,True,A-C|B-D|C-D|D-A|D-B|E-A
parallelepiped-ext,hexagon,180,10,True,24,479,116,116,0,2.055765359312625,13.83893677565096,23.50146184619199,13.701283428417009,1.5915463937998173,13.701283428417009,1.4210854715202004e-14,7,1,0.03444416338281489,0.01204488654935198,0.07876070777443328,2.5152140698413317,True,True,1.0950198975068616e-14,9.057678187205881e-15,6.153480596427404e-15,True,0.06361495963082832,0.36990647383846204,True,A-B|A-F|B-E|C-D|D-A|D-C
wave,hexagon,360,10,True,56,569,244,244,0,1.7015419029295782,14.15808657306641,23.912135766464232,14.099973183066876,0.8703034305240425,14.099973183066876,1.4210854715202004e-14,1,1,0.034372602065821344,0.007742267948728752,0.0832161468583085,2.421002247631846,True,True,1.5033144175848877e-14,1.2775625528262694e-14,7.923308410850962e-15,True,0.14830984033893477,0.4447467282831025,True,A-E|B-F|C-B|C-C|D-D|E-A
cross,wave,168,10,True,28,593,106,106,0,1.5023059043629425,13.129471379527407,24.966647638993432,13.055790306895334,1.4565587662924195,13.055790306895334,1.4210854715202004e-14,1,1,0.03434539021613258,0.007156779372557166,0.08439470961772931,2.457235427713608,True,True,1.51795611618622e-14,5.997071279360939e-15,1.3944684045792483e-14,True,0.09428800856835484,0.4944694914980932,True,A-D|B-C|C-A|D-B|D-E|E-C
pyramid,central-trapezoid,360,10,True,10,1172,267,267,0,1.8280691341976174,15.281632858379865,21.872730821793645,15.088590112803342,2.721833019327216,15.088590112803342,1.5987211554602254e-14,5,1,0.034282570679773215,0.013483312990188774,0.08750726854183431,2.5525293700761993,True,True,2.1482170038296686e-14,2.0175535360778957e-14,7.377764055609925e-15,True,0.20751491603350616,0.4305510598091942,True,A-D|B-E|C-B|D-A|E-D|F-C
rectangle-same,central-parallelepiped,78,10,True,26,163,35,35,0,1.895713072383018,12.678298558395104,24.30478592146439,12.295353553318822,3.083173159541368,12.295353553318822,1.4210854715202004e-14,2,1,0.03387737349589578,0.03726446554928634,0.0865543524269809,2.556026693653834,True,True,1.1707137615803775e-14,9.106631429804811e-15,7.357060225189058e-15,True,0.1808648404091292,0.32651322683833955,True,A-C|A-E|B-C|C-A|C-D|D-B
two-triangles,rhombus-ext,180,10,True,24,671,108,108,0,1.7435294515153648,13.986846016682676,23.453129079929244,13.87904655859838,1.429419319268054,13.87904655859838,1.4210854715202004e-14,6,1,0.03372614599854171,0.015575933539504778,0.08145401808812851,2.4151593867751897,True,True,1.1336175688716788e-14,1.1274541069936947e-14,1.1805095966397748e-15,True,0.09178332589493426,0.4284189473923571,True,A-A|B-D|C-C|D-A|E-B|F-D
cross,vertical-parallelepiped,360,10,True,20,1110,234,234,0,1.6727197821009605,13.088479939001058,24.496179289393375,12.98259162615284,1.5819888421138235,12.98259162615284,1.2434497875801753e-14,12,1,0.03355131799923832,0.010907175061629089,0.08242445370582588,2.4566681317168246,True,True,6.023919126296978e-15,4.782987168225453e-15,3.66205343881779e-15,True,0.18859994255024934,0.4179157688864527,True,A-D|B-F|C-E|D-A|D-B|E-C
two-triangles,two-triangles,720,10,True,168,1504,456,456,0,1.561713451344272,13.881754437676076,23.301441226373417,13.74238535176638,1.6212873218181785,13.74238535176638,1.4210854715202004e-14,8,1,0.0332466492282951,0.016184978431484687,0.074352072423191,2.412694317030875,True,True,1.442091484867289e-14,1.3284568217165431e-14,5.6109742786928115e-15,True,0.05724179085290879,0.3943564628531809,True,A-F|B-A|C-B|D-D|E-E|F-C
base-trapezoid,base-trapezoid,168,10,True,64,165,91,91,0,1.5865972173382599,13.628128234390994,23.00765509396536,13.482293678652827,2.691409822077918,13.481563539276326,1.5987211554602254e-14,3,1,0.033112060590830744,0.013138068513989682,0.08570641263035339,2.5934345610695115,True,True,0.29188703383469844,0.10022062627109671,0.27414205549431403,True,0.3579819129095564,0.507168727450094,True,A-D|B-A|B-B|C-B|D-C|E-E
pentagon,hexagon,360,10,True,0,1591,253,253,0,1.6811167122416182,13.570916324537299,24.59108087147757,13.47310913347411,1.5562253698392636,13.47310913347411,1.4210854715202004e-14,3,1,0.032791644604110874,0.02184905363090734,0.07380991957474281,2.422470501841629,True,True,1.2307407184420172e-14,8.299984562561166e-15,9.087492936138306e-15,True,0.21201042290999095,0.39177453957125963,True,A-A|B-D|C-C|D-F|E-B|E-E
parallelepiped-int,rhombus-int,34,10,True,10,150,14,14,0,9.13444536024646,13.780362901454437,22.70368586605937,13.70730881542439,1.3655217760892282,13.70730881542439,1.4210854715202004e-14,3,1,0.03271168587605105,0.009976413735446837,0.07917559461044367,2.4204070346741093,True,True,8.46090084543386e-15,8.184638060907153e-15,2.1444213504377827e-15,True,0.11829472262832214,0.45336865794965664,True,A-B|B-A|B-D|C-B|C-C|D-C
cross,horizzontal-parallelepiped,360,10,True,28,1082,241,241,0,1.782460145900536,13.075351092344007,24.69063348691098,12.971242995002157,1.5255341002201162,12.971242995002157,1.4210854715202004e-14,11,1,0.03235575358978116,0.011785389155807069,0.07961701951191064,2.460675789577526,True,True,7.8444249290262e-15,2.983692104580424e-15,7.25483176181172e-15,True,0.28928446860788837,0.41981971932396717,True,A-A|B-C|C-B|D-E|D-F|E-D
2X3,3X2,720,10,True,228,629,451,451,0,2.39554074967532,13.627257350965245,23.8152535353684,13.544426144785355,1.1398399163030661,13.544426144785355,1.4210854715202004e-14,4,1,0.032355164930514824,0.02569109231056122,0.07781605488122327,2.4050582047206115,True,True,2.1492034029729515e-14,1.1572652221412852e-14,1.8110252546479845e-14,True,0.07288968176583842,0.507168727450094,True,A-C|B-E|C-A|D-D|E-B|F-F
rhombus-ext,central-trapezoid,78,10,True,6,254,47,47,0,2.205992916083409,14.013159148128153,23.701102013601016,13.932527089103427,1.355174249733029,13.932527089103427,1.509903313490213e-14,6,1,0.032331740113451676,0.008034097969491618,0.07786748874296746,2.408391520831586,True,True,1.0583867371683362e-14,7.32410687763558e-15,7.640399661428378e-15,True,0.05375680564029892,0.3832241553251438,True,A-A|A-B|B-E|C-D|D-C|D-D
base-trapezoid,central-trapezoid,168,10,True,0,611,119,119,0,1.9211494414515136,12.838553478830283,25.57987646207793,12.608582011195601,2.451768331704616,12.608582011195601,1.4210854715202004e-14,1,1,0.03217860155237386,0.015310778472488556,0.08328348193575962,2.6057124234687175,True,True,1.7616042333463253e-14,7.0164844881652815e-15,1.6158400073079804e-14,True,0.12664266548531303,0.4361681820504353,True,A-A|B-B|B-E|C-D|D-D|E-C
base-trapezoid,arrow,168,10,True,14,826,87,87,0,1.6674665288021124,12.836946030640814,25.546692801458114,12.55751175897018,2.384146976108612,12.55751175897018,1.4210854715202004e-14,3,1,0.03216129642690612,0.0212842567247577,0.08332669371779583,2.590899714107444,True,True,7.928894049593206e-15,7.744912261862207e-15,1.6981445479496168e-15,True,0.08096940055903461,0.3676539667191418,True,A-B|B-C|B-E|C-C|D-D|E-A
cross,hexagon,360,10,True,8,1259,257,257,0,1.6032885723266297,13.14950584252114,25.097133093757275,13.068291970832894,1.4264326669371101,13.068291970832894,1.2434497875801753e-14,9,1,0.03215834193886127,0.009680539046176117,0.07929081572677667,2.465637559222506,True,True,6.775999547977531e-15,6.0402662910232525e-15,3.070725159912542e-15,True,0.09682454583137255,0.39527610412442066,True,A-C|B-D|C-A|D-B|D-F|E-E
rectangle-same,central-trapezoid,78,10,True,4,321,47,47,0,2.328798845839956,12.713098869833281,25.47048100602093,12.4193069911811,2.764604955663734,12.4193069911811,1.4210854715202004e-14,2,1,0.032133311252832704,0.03170883340579633,0.08231656732934588,2.5676317663861763,True,True,1.603542800576346e-14,7.630713961787974e-15,1.4103444818958138e-14,True,0.11135698840353857,0.3846245126357791,True,A-D|A-E|B-D|C-A|C-B|D-C
vertical-parallelepiped,trapezoid-ext,180,10,True,24,618,114,114,0,1.5534665966079642,14.49841492422356,22.599875928732477,14.4419126395383,0.8805119453688948,14.4419126395383,1.5987211554602254e-14,3,1,0.03212612135581999,0.008275758069616569,0.0776075095311328,2.4157136391154594,True,True,6.779636692387581e-15,4.070144838902081e-15,5.421936431859633e-15,True,0.07778597195691996,0.4505064537163253,True,A-D|B-B|C-C|D-D|E-A|F-A
2X3,parallelepiped-int,180,10,True,52,316,100,100,0,2.200694920104807,13.708266485661753,22.082851071325912,13.588063642205498,1.487617676643446,13.588063642205498,1.2434497875801753e-14,1,1,0.03210821186866472,0.03436818559504466,0.07747115808499612,2.412814466339134,True,True,7.24936104622217e-15,5.468130171512078e-15,4.7594945115928714e-15,True,0.18937141944918748,0.4499078879065762,True,A-A|B-D|C-B|D-C|E-B|F-C
parallelepiped-int,central-trapezoid,78,10,True,2,304,57,57,0,1.9964809710080618,13.79777567343126,23.667425313328668,13.706784005254512,1.5096219379531657,13.706784005254512,1.5987211554602254e-14,5,1,0.03186196306181057,0.006891420449879692,0.07651403925335316,2.4144307293572767,True,True,4.055476181318664e-14,3.9467921036250244e-14,9.325873406851315e-15,True,0.14114654594146847,0.4758721058984647,True,A-D|B-A|B-C|C-B|C-D|D-E
pyramid,rhombus-int,180,10,True,12,710,113,113,0,1.6321345128958764,15.215155260963392,21.861000375903764,15.010512713094313,2.599246290799601,15.010512713094313,1.5987211554602254e-14,3,1,0.03173872207399387,0.018325793824842857,0.0811490379767348,2.5567834075848577,True,True,2.2401483640271692e-14,1.3503251559193083e-14,1.7874245903380366e-14,True,0.15256735969452398,0.45336865794965664,True,A-A|B-C|C-B|D-B|E-C|F-D
central-trapezoid,parallelepiped-int,78,10,True,2,299,52,52,0,1.6397029452005911,13.75014581513468,23.742564637090258,13.54750155326688,1.5888705735522843,13.54750155326688,1.2434497875801753e-14,3,1,0.03165875065786674,0.007072205567011523,0.07701435552740347,2.4326403893726147,True,True,1.6592542177801844e-14,1.5987211554602254e-14,4.440892098500626e-15,True,0.2078433390479905,0.5263781171411518,True,A-B|B-B|C-C|D-A|D-C|E-D
pyramid,rhombus-ext,180,10,True,16,586,108,108,0,1.6081842231651704,15.425505228915245,22.174077800942413,15.198329774800188,2.622583620141941,15.198329774800188,1.5987211554602254e-14,7,1,0.03164567725667662,0.014922635496306699,0.07405867751688884,2.538663171158628,True,True,1.2188206152442278e-14,1.05861963116107e-14,6.0402662910232525e-15,True,0.05862674768561603,0.36990647383846204,True,A-C|B-D|C-A|D-D|E-A|F-B
parallelepiped-ext,two-triangles,180,10,True,28,600,114,114,0,2.090037383421255,13.796640141596624,24.03436957951812,13.654999125057381,1.1474934725524615,13.654999125057381,1.4210854715202004e-14,1,1,0.03163566154234689,0.01260372288236058,0.07657957739505551,2.499828933306075,True,True,9.44641148226548e-15,7.491704948296299e-15,5.754046129459673e-15,True,0.06382538448192263,0.492171460355549,True,A-C|A-D|B-A|C-B|D-E|D-F
trapezoid-int,rectangle-same,34,10,True,10,81,20,20,0,2.394207685150817,13.46921336095918,20.834952977127617,12.932923289734243,2.378546447369832,12.932923289734243,1.9539925233402755e-14,1,1,0.03157910530262464,0.017237945189393113,0.08103862302735777,2.5838246770798476,True,True,2.4360226106350207e-14,2.1390168887322673e-14,1.1656813068944672e-14,True,0.189187017579052,0.4446994208396341,True,A-B|B-A|B-D|C-A|C-C|D-C
central-trapezoid,hexagon,360,10,True,24,1088,276,276,0,1.5825227286932226,13.86684306594179,23.789951767255307,13.820735430082085,1.179592572423008,13.820735430082085,1.4210854715202004e-14,6,1,0.031499682356118906,0.010282292232068325,0.07644822099626944,2.426952123897184,True,True,1.0635499734540556e-14,9.648308278556338e-15,4.474818651672207e-15,True,0.08762067286778817,0.4863183374889321,True,A-C|B-E|C-D|D-A|D-B|E-F
central-parallelepiped,trapezoid-ext,78,10,True,12,327,44,44,0,1.5594878980445774,14.513976660646415,22.762638699454158,14.478392342169936,0.8440976845440009,14.478392342169936,1.4210854715202004e-14,1,1,0.03147985904556962,0.0053812513493683095,0.07608712607388989,2.417009744667143,True,True,9.926033765607434e-15,9.112720206563215e-15,3.9350319887992496e-15,True,0.1456010823447598,0.4819685586958586,True,A-D|B-A|C-A|C-B|D-C|E-D
2X3,trapezoid-ext,180,10,True,48,212,115,115,0,1.7689965419800593,14.55559785094368,22.304222286661386,14.525843875830576,0.6548071355886345,14.525843875830576,1.4210854715202004e-14,2,1,0.03146769151561787,0.010753126442102473,0.07604057712605794,2.4164650618974677,True,True,1.112884370092863e-14,9.565974336450906e-15,5.687116766346677e-15,True,0.10678387699433217,0.4505064537163253,True,A-A|B-D|C-B|D-C|E-A|F-D
vertical-parallelepiped,parallelepiped-int,180,10,True,28,680,98,98,0,1.6056366647736589,13.799913519810772,23.759374535129513,13.609024767683742,1.6469979198391556,13.609024767683742,1.2434497875801753e-14,2,1,0.03128727268197918,0.024017358786491073,0.07577862018614763,2.4220270317711186,True,True,9.821479784439854e-15,5.820612267731301e-15,7.91087466623613e-15,True,0.08217142070459152,0.49610139968959105,True,A-B|B-B|C-C|D-D|E-C|F-A
2X3,central-trapezoid,360,10,True,44,1176,213,213,0,1.5374894756979292,13.694121420815478,23.55186160373064,13.516582287867145,1.7072664920872918,13.516582287867145,1.4210854715202004e-14,2,1,0.031169045843802253,0.022988401567366566,0.07443177598270301,2.3880030321012615,True,True,8.24896454417973e-15,5.918904971393068e-15,5.745605276274444e-15,True,0.08523547899522729,0.4633533918727237,True,A-C|B-D|C-E|D-D|E-A|F-B
central-trapezoid,3X2,360,10,True,20,1382,269,269,0,1.55060487604363,13.909350645245944,23.802518230058602,13.800334819546261,1.3186967066257091,13.800334819546261,1.4210854715202004e-14,4,1,0.031087634364300766,0.00793451706655876,0.07523994643201481,2.4202531961845253,True,True,8.256910553006316e-15,6.651167795477084e-15,4.89270261070051e-15,True,0.2529966623398928,0.4361681820504353,True,A-E|B-A|C-B|D-D|D-F|E-C
central-trapezoid,triangle,36,10,True,0,119,28,28,0,1.5261324629155808,14.088192883928533,23.841037375134636,13.963033209450256,1.0961880940376252,13.963033209450256,1.4210854715202004e-14,1,1,0.031048030654908867,0.005315998214119868,0.0750249292788341,2.416415073558691,True,True,0.7443818138871684,0.29596463147962515,0.6830148034699399,True,0.09950098373096654,0.44570029637104946,True,A-A|B-C|C-B|D-B|D-C|E-A
arrow,pentagon,168,10,True,0,690,119,119,0,1.6345299123488655,13.897404198568196,23.442156767885503,13.812459519919308,1.5976953007889763,13.812459519919308,1.7763568394002505e-14,5,1,0.030906300865214315,0.01659409283754032,0.07487915369582518,2.4227795497876365,True,True,9.53499970250244e-15,7.32410687763558e-15,6.105217258353122e-15,True,0.1582145789984474,0.40241141832069854,True,A-C|B-E|C-A|C-E|D-B|E-D
cross,cross,168,10,True,60,244,82,82,0,1.540221557525201,14.03716493125145,23.78495282510473,13.93738396537793,1.5449638035534647,13.93738396537793,1.4210854715202004e-14,1,1,0.030861676465543275,0.008335035606517487,0.07571066127340427,2.4532258109158263,True,True,1.0826604753860402e-14,9.281252415573624e-15,5.574381050369755e-15,True,0.07420484955753447,0.4944694914980932,True,A-E|B-C|C-A|D-B|D-D|E-D
triangle,horizzontal-parallelepiped,90,10,True,6,236,60,60,0,1.5229887034724374,14.015079327841006,23.72960973733356,13.94702165842583,1.043664611709948,13.94702165842583,1.5987211554602254e-14,3,1,0.0307565853092789,0.004981008241611367,0.07475593885498615,2.4305669209784857,True,True,2.0882308094296182e-14,1.898749677336515e-14,8.691706255192703e-15,True,0.238359797770778,0.4844774206952201,True,A-C|A-D|B-A|B-B|C-E|C-F
parallelepiped-ext,3X2,180,10,True,48,521,94,94,0,1.6555780794171673,13.719611112253329,23.6500777404056,13.678497365218114,1.1058090720815423,13.678497365218114,1.4210854715202004e-14,3,1,0.030693620344496044,0.010637189976705416,0.07494177882567335,2.5079417125223715,True,True,6.560657218687885e-15,4.027524346742929e-15,5.17892563931115e-15,True,0.07134752084699499,0.5037404341867917,True,A-C|A-D|B-B|C-A|D-E|D-F
central-parallelepiped,base-trapezoid,168,10,True,12,735,102,102,0,1.717371938212004,14.7378272864984,21.80561977009752,14.645750361444737,1.7245156523313407,14.645750361444737,1.5987211554602254e-14,12,1,0.030584489085145647,0.016981536410470326,0.07311733289992495,2.3906671351079316,True,True,9.705565617312443e-15,7.616162316878004e-15,6.015984999559502e-15,True,0.06837350382187522,0.4531133653291396,True,A-D|B-B|C-C|C-E|D-A|E-B
triangle,vertical-parallelepiped,90,10,True,18,288,46,46,0,1.56609277946603,13.976135165661805,23.640170364445705,13.890286939759424,1.0246567753908393,13.890286939759424,1.4210854715202004e-14,9,1,0.030583407388144686,0.004318995164423038,0.0743103142848885,2.4297591612926053,True,True,1.4161553192286874e-14,1.3873131028699152e-14,2.8435583831733384e-15,True,0.0693244549432443,0.42238175706989983,True,A-E|A-F|B-A|B-B|C-C|C-D
rectangle-same,pyramid,180,10,True,24,425,118,118,0,2.759711842798958,13.533125028231202,26.557653386833845,12.762972775114479,2.564346511172422,12.722360478607486,1.4210854715202004e-14,7,1,0.030466753546052033,0.03416298504473907,0.07269411648635832,2.601479351384794,True,True,9.875993892241513e-15,6.428756945366232e-15,7.49708873476879e-15,True,0.3339185268209589,0.42827695480702754,True,A-A|A-C|B-F|C-D|C-E|D-B
central-parallelepiped,triangle,36,10,True,4,146,19,19,0,1.864863914898913,14.009448235254435,23.566215178468692,13.938188426212974,0.9546005975350197,13.938188426212974,1.4210854715202004e-14,1,1,0.030171884252948488,0.0065658169398838985,0.0728767910405685,2.4153874656816225,True,True,7.30071889589687e-15,5.36049202688126e-15,4.956371820863329e-15,True,0.20486092728022343,0.44570029637104946,True,A-A|B-B|C-B|C-C|D-C|E-A
wave,wave,168,10,True,80,180,68,68,0,9.10156850501758,14.347385254895462,23.76971885033216,14.257957291492325,0.9509209848675868,14.257957291492325,1.4210854715202004e-14,1,1,0.029944182693773393,0.005103978464658969,0.07272978151744212,2.428845103612248,True,True,7.279703355409039e-15,5.653763744001321e-15,4.5857427391612134e-15,True,0.20534341227966443,0.4944694914980932,True,A-B|B-C|C-A|C-D|D-E|E-C
rhombus-int,parallelepiped-int,34,10,True,10,159,7,7,0,9.13349735631985,13.736251442042937,22.56577253861624,13.6931449375245,1.4520652372119869,13.6931449375245,1.2434497875801753e-14,4,1,0.02991366237191115,0.009976413735446818,0.0724142937417266,2.4207765950358335,True,True,1.883562973885973e-14,1.511086543539286e-14,1.1244674003850281e-14,True,0.22684285785270392,0.4828768357435626,True,A-C|B-A|B-B|C-B|C-D|D-C
vertical-parallelepiped,parallelepiped-ext,180,10,True,24,700,99,99,0,2.4923182193868363,13.713475724458927,23.780414994976862,13.53252118626503,1.6609048825111001,13.53252118626503,1.2434497875801753e-14,1,1,0.02984655330362485,0.03210751034244331,0.07118850648741466,2.385149995821087,True,True,7.277679177773948e-15,4.442279660508709e-15,5.764613224877722e-15,True,0.11017192059405818,0.4182034220705242,True,A-D|B-D|C-A|D-B|E-A|F-C
central-parallelepiped,parallelepiped-int,78,10,True,18,312,36,36,0,1.685512479542601,13.730272109527533,23.234997859094644,13.54672899383657,1.7874248658475436,13.54672899383657,1.4210854715202004e-14,1,1,0.02981933927793145,0.014746185523442416,0.07249475361983816,2.4311321234903995,True,True,2.2822307916243203e-14,1.7777787435612225e-14,1.4311114999118873e-14,True,0.1658786539501565,0.492171460355549,True,A-A|B-C|C-B|C-D|D-B|E-C
central-parallelepiped,arrow,168,10,True,24,971,62,62,0,1.6514106314058745,13.748924480915095,23.426902414395972,13.596370659185194,1.552513726559372,13.596370659185194,1.4210854715202004e-14,2,1,0.02978828853744158,0.01624413186500972,0.07184404556455884,2.41182186328887,True,True,8.779891888973677e-15,3.6231393156961824e-15,7.99745978927824e-15,True,0.05688977866657134,0.49625046035832693,True,A-A|B-C|C-B|C-E|D-C|E-D
rectangle-opposite,cross,78,10,True,14,126,50,50,0,8.933605105130694,14.431917287782028,22.18092746417312,14.399628144588569,1.0089629147662251,14.399628144588569,1.509903313490213e-14,1,1,0.029728692969623386,0.02651421538636627,0.07187445504236833,2.417679617324894,True,True,7.255322862077632e-15,5.693226078863711e-15,4.497431116530025e-15,True,0.24486350500313978,0.45336865794965664,True,A-A|A-D|B-C|C-B|D-D|D-E
3X2,parallelepiped-ext,180,10,True,48,500,83,83,0,1.7168529558127992,13.744385740623603,23.55321664377704,13.678260641694411,1.0861472543296533,13.678260641694411,1.2434497875801753e-14,1,1,0.029597316338682202,0.017663008548877063,0.07136178838489945,2.4110898288313116,True,True,7.781269559886978e-15,7.572543069284143e-15,1.790180836524724e-15,True,0.09384963176503709,0.46011384452647847,True,A-A|B-D|C-A|D-D|E-B|F-C
2X3,wave,360,10,True,88,412,232,232,0,2.5457889316323663,14.088450803176805,23.29564726073409,13.980658835387722,1.4839698744552052,13.980658835387722,1.4210854715202004e-14,6,1,0.02958916727361114,0.010101245850928371,0.07181359722677322,2.4270232603274238,True,True,4.0185482441663595e-15,2.650948089660487e-15,3.0201331455116262e-15,True,0.23773343769624058,0.5196985145449446,True,A-A|B-C|C-B|D-C|E-E|F-D
central-parallelepiped,parallelepiped-ext,78,10,True,18,218,38,38,0,2.419657090901503,13.79932474195916,23.203427540668567,13.647289636867859,1.8308405487769637,13.647289636867859,1.4210854715202004e-14,4,1,0.02951199403034039,0.01782935043663702,0.07148886743671072,2.4223665592780743,True,True,8.260536804688756e-15,8.055048693485857e-15,1.831026719408895e-15,True,0.2078433390479905,0.4652866157331114,True,A-B|B-A|C-A|C-C|D-D|E-D
2X3,parallelepiped-ext,180,10,True,60,234,98,98,0,4.154028401958868,13.576040789002722,21.891998264462373,13.408383460082604,1.4035108367961835,13.408383460082604,1.2434497875801753e-14,2,1,0.02946410563375005,0.04548484884143694,0.07023566194990714,2.383770368697524,True,True,7.344484044669013e-15,5.639506780706364e-15,4.705040823708615e-15,True,0.1188707553359662,0.3926817942954417,True,A-C|B-B|C-D|D-A|E-D|F-A
triangle,central-trapezoid,36,10,True,0,123,28,28,0,1.5047788073697268,13.938674254723534,23.85771060559435,13.853635582416945,1.0942136145544574,13.853635582416945,1.4210854715202004e-14,1,1,0.029379193842175404,0.005315166547830346,0.07098592142089077,2.4161970475509333,True,True,8.47049966177792e-15,6.951095629092365e-15,4.84062331475946e-15,True,0.08942109227275438,0.483970554010485,True,A-D|A-E|B-B|B-C|C-A|C-D
parallelepiped-int,pyramid,180,10,True,4,630,137,137,0,1.8081268548960403,12.835837079064046,25.329866375780696,12.722359275397675,1.350588431160413,12.722359275397675,1.4210854715202004e-14,3,1,0.029362092019772752,0.011680536653529448,0.07093830231223991,2.415982562293902,True,True,8.167310990150969e-15,7.45855892633667e-15,3.327892358866849e-15,True,0.17997001355847725,0.41302574003819187,True,A-C|B-A|B-D|C-E|C-F|D-B
parallelepiped-ext,trapezoid-ext,34,10,True,6,59,24,24,0,1.8350283762983397,14.547309399290496,22.12340081572254,14.537660408863442,1.1346774733050558,14.537660408863442,1.4210854715202004e-14,1,1,0.029189358178845486,0.003096016435370731,0.0723095033771849,2.5209889103817424,True,True,8.020286832842344e-15,3.87691098279082e-15,7.021008625018216e-15,True,0.1747158593765848,0.43963889103736126,True,A-A|A-B|B-D|C-C|D-A|D-D
rectangle-same,rhombus-ext,34,10,True,14,54,14,14,0,9.517963021918705,13.076301994788512,24.496169592149876,12.751631111442975,2.358547323118765,12.751631111442975,1.509903313490213e-14,3,1,0.028950975849196238,0.0257930180756646,0.07483177844993795,2.5853416835200114,True,True,9.42987256797736e-15,8.362308602579032e-15,4.3582440826007755e-15,True,0.40455298687384883,0.36990647383846204,True,A-A|A-D|B-C|C-B|C-D|D-A
trapezoid-int,two-triangles,180,10,True,4,636,123,123,0,1.895486491011229,15.164173016505092,21.60301454947367,14.89511711058087,2.4995351948148565,14.89511711058087,1.5987211554602254e-14,3,1,0.028843947632528722,0.010427465662741976,0.07451196710320894,2.583279100783631,True,True,1.7767851831390872e-14,1.4111344160079555e-14,1.0796597829781777e-14,True,0.051055332502206625,0.4652866157331114,True,A-E|B-A|B-D|C-B|C-C|D-F
pentagon,parallelepiped-ext,78,10,True,0,415,47,47,0,2.0600940309211824,13.379327732684915,23.836833978252123,13.206590806312883,1.669076720481752,13.206590806312883,1.4210854715202004e-14,3,1,0.028706746496208357,0.024367441188002954,0.06916521461910322,2.4093714217401367,True,True,8.055048693485857e-15,5.329070518200751e-15,6.0402662910232525e-15,True,0.06072562417634224,0.40992246481220984,True,A-A|B-D|C-A|D-D|E-B|E-C
2X3,triangle,90,10,True,30,127,46,46,0,1.814202454044923,14.082259634677234,23.2750653933406,14.017377167061156,0.9188208934094595,14.017377167061156,1.4210854715202004e-14,4,1,0.028653805443362386,0.009421813157891255,0.0693998436392891,2.422011407052583,True,True,9.85409911017063e-15,4.636427468134552e-15,8.695217628431908e-15,True,0.16731656776943923,0.44570029637104946,True,A-B|B-A|C-C|D-B|E-C|F-A
central-parallelepiped,central-trapezoid,168,10,True,18,515,109,109,0,1.618435053697873,13.911898758527412,23.694436168804405,13.695651513164428,1.8941257660484496,13.695651513164428,1.2434497875801753e-14,3,1,0.028501939114695875,0.019251044817995357,0.06856724192603869,2.405704455760512,True,True,5.380860564253635e-15,4.468561475845092e-15,2.9976021664879227e-15,True,0.22875864358966427,0.4964675099329778,True,A-D|B-A|C-C|C-E|D-D|E-B
pyramid,parallelepiped-int,180,10,True,4,645,124,124,0,2.2501242037728177,15.056413135025824,21.788704215985767,14.77384743721449,2.6295489742414304,14.77384743721449,1.5987211554602254e-14,2,1,0.028431410183655616,0.020477585734779587,0.07235948674966546,2.545054440924735,True,True,9.597681798387126e-15,7.543723429629622e-15,5.9336104287649875e-15,True,0.12424928129590786,0.4633533918727237,True,A-C|B-B|C-C|D-B|E-D|F-A
cross,triangle,36,10,True,2,155,23,23,0,1.6765017393668808,13.171341047855393,24.680053981320455,13.11352023509443,1.265585371129066,13.11352023509443,1.2434497875801753e-14,2,1,0.02840114155810902,0.0046536098238568885,0.07000384458765357,2.4648250298117422,True,True,1.504624424503125e-14,1.1798105217698096e-14,9.337782346642107e-15,True,0.05044946092804421,0.5185516568514454,True,A-C|B-A|C-C|D-A|D-B|E-B
rectangle-same,triangle,15,10,True,3,46,8,8,0,2.659627715589839,12.947603167726346,24.190594037633957,12.80499524223648,2.4920306537926065,12.80499524223648,1.2434497875801753e-14,1,1,0.028252507385885063,0.012907074962376856,0.07302435704583146,2.590858567586605,True,True,1.1105560415874903e-14,8.031295347169209e-15,7.670186907578314e-15,True,0.16162425331041883,0.46477305989471923,True,A-B|A-C|B-A|C-A|C-B|D-C
rhombus-int,central-trapezoid,78,10,True,2,251,53,53,0,2.204213873236697,14.060054840530787,23.655500988717982,14.01242729461695,1.1186913972960102,14.01242729461695,1.4210854715202004e-14,4,1,0.028128336344458313,0.0069324239725218825,0.06857607698406169,2.4379713092264756,True,True,9.589290855707117e-15,5.987007893979759e-15,7.490676577771341e-15,True,0.5349273396160658,0.4993505740910072,True,A-D|B-A|B-D|C-C|C-E|D-B
horizzontal-parallelepiped,parallelepiped-ext,180,10,True,24,659,98,98,0,3.1633757029678273,13.571357350710228,23.15453893585007,13.356538131054217,1.7804979974284108,13.356538131054217,1.2434497875801753e-14,4,1,0.02803101626932474,0.021738795394049083,0.06655470194042283,2.374323545780815,True,True,5.721689223181559e-15,5.347542221830668e-15,2.0350724194510405e-15,True,0.07901734503244728,0.4182034220705242,True,A-D|B-A|C-D|D-B|E-C|F-A
trapezoid-int,pentagon,78,10,True,0,269,55,55,0,2.3736723389000716,15.356186613638142,21.004380624272105,14.964763867287882,2.6329307677796634,14.964763867287882,1.5987211554602254e-14,2,1,0.02798338556367949,0.010334001224728686,0.07256713275435787,2.5932220598977493,True,True,1.4460202062562764e-14,1.1916163935586911e-14,8.191610388096e-15,True,0.28256449718947463,0.4979526922892354,True,A-A|B-B|B-E|C-C|C-E|D-D
base-trapezoid,cross,168,10,True,30,467,98,98,0,1.8474813059727015,13.127920404340454,24.870672005934008,13.031489019983296,2.3856925502352513,13.031258829273337,1.2434497875801753e-14,5,1,0.02787779035995484,0.01041170861527092,0.07187807079087746,2.579285879726514,True,True,9.128736667013079e-15,6.882557310561615e-15,5.997019093058144e-15,True,0.1023533577764613,0.49735129699233444,True,A-C|B-B|B-E|C-D|D-A|E-D
triangle,central-parallelepiped,36,10,True,4,193,19,19,0,1.8122812261471721,13.872109012718983,23.601860120189816,13.838959074845485,0.8765003762854454,13.838959074845485,1.5987211554602254e-14,1,1,0.027665516895870823,0.006565066728924601,0.06682392911165425,2.4154231190825124,True,True,9.082140078317007e-15,6.217248937900877e-15,6.620504818089212e-15,True,0.17564053694783371,0.483970554010485,True,A-C|A-E|B-B|B-D|C-A|C-C
central-trapezoid,pentagon,168,10,True,0,665,120,120,0,1.535623329456839,13.914624013832386,23.464883119644384,13.795676367352502,1.5598627209289844,13.795676367352502,1.4210854715202004e-14,8,1,0.02759678199566605,0.013021052670994031,0.06646386336653605,2.4083917964411174,True,True,1.47870547967506e-14,1.0166272893031971e-14,1.0737964659399299e-14,True,0.06861300938591339,0.45931210206367873,True,A-D|B-E|C-C|D-A|D-B|E-E
hexagon,arrow,360,10,True,28,738,262,262,0,1.673713766462216,14.033949995923269,23.893328501930235,13.894074225853618,1.3163849824489111,13.894074225853618,1.4210854715202004e-14,5,1,0.027481532066818255,0.013888333198353617,0.0661157815729573,2.414942372462317,True,True,7.755684626330685e-15,1.831026719408895e-15,7.53644380168212e-15,True,0.1517521401263118,0.4473791475261371,True,A-C|B-A|C-D|D-B|E-C|F-E
arrow,pyramid,360,10,True,37,615,273,273,0,1.7500912772726902,12.940503037661184,25.556377938853153,12.73079113998477,1.5618982385320983,12.73079113998477,1.4210854715202004e-14,3,1,0.027436880791616623,0.011764978599481345,0.06614884258064331,2.4109461670604766,True,True,7.000006244574599e-15,6.035625262148912e-15,3.5456050427244772e-15,True,0.05447762345473792,0.48264671751891813,True,A-E|B-A|C-B|C-D|D-F|E-C
parallelepiped-ext,triangle,15,10,True,2,26,11,11,0,9.155594085701798,13.992270516603806,22.73893379954753,13.915762364804351,1.1022878935374418,13.915762364804351,1.2434497875801753e-14,1,1,0.027423423840550753,0.00374643127058641,0.06773766565148685,2.5202994347226517,True,True,9.446941554174447e-15,4.02812204239991e-15,8.545111909127925e-15,True,0.09493757580200622,0.4253222642179467,True,A-B|A-C|B-A|C-C|D-A|D-B
arrow,wave,168,10,True,60,210,86,86,0,1.9022244622424394,14.14817769394887,23.680068586474647,14.077313409252884,1.0449357090843971,14.077313409252884,1.4210854715202004e-14,8,1,0.027189617321054176,0.005036944587765157,0.06588397964252864,2.423130081772487,True,True,2.196016238811952,2.095616055416078,0.6564150130886326,True,0.16742703395965977,0.36990647383846204,True,A-D|B-C|C-B|C-C|D-E|E-A
trapezoid-ext,vertical-parallelepiped,180,10,True,24,678,109,109,0,1.668802034033627,12.96643645624515,24.56853247565025,12.920198395441851,1.2980233555429037,12.920198395441851,1.4210854715202004e-14,8,1,0.027180490054006388,0.006529926792150264,0.06654833481706718,2.4483861286105837,True,True,5.485220867312013e-15,5.0937342108501144e-15,2.0350724194510405e-15,True,0.11221974287113996,0.46513388365735514,True,A-C|A-E|B-D|C-A|D-B|D-F
cross,parallelepiped-ext,78,10,True,8,288,41,41,0,2.1592060714213743,13.045700161659417,24.204217065776323,12.828742537616186,1.5217978375995234,12.828742537616186,1.2434497875801753e-14,2,1,0.02714457529225479,0.009993164790375625,0.06675494144850207,2.4592369093926982,True,True,0.4051473480781812,0.10970136497624702,0.39001280001703936,True,0.07864190618008868,0.48728827906722066,True,A-A|B-D|C-A|D-B|D-C|E-D
rhombus-int,parallelepiped-ext,34,10,True,10,90,14,14,0,9.09107432017253,13.89757617231128,22.31622699213627,13.77595576253664,1.319152191784724,13.77595576253664,1.2434497875801753e-14,1,1,0.027007713866768916,0.01764155761324724,0.06510600269204683,2.4106447148107257,True,True,1.6479240474680055e-14,1.4210854715202004e-14,8.343678738167853e-15,True,0.12854931353018537,0.4499078879065762,True,A-A|B-A|B-D|C-B|C-D|D-C
rhombus-int,wave,78,10,True,14,347,32,32,0,1.767387455420954,13.950646197952825,23.71819900025628,13.83774148180826,1.2101712550213084,13.83774148180826,1.4210854715202004e-14,11,1,0.026999818601535948,0.004191173047320887,0.06549464742669953,2.4257439797382085,True,True,1.0530015557940362e-14,6.383725824274157e-15,8.374322196510073e-15,True,0.09428800856835484,0.49463167676755143,True,A-D|B-A|B-B|C-C|C-E|D-C
rectangle-opposite,wave,78,10,True,22,226,40,40,0,2.6860386028210628,13.84956336630378,22.94964101883819,13.780004125277308,1.2205905163576798,13.780004125277308,1.2434497875801753e-14,2,1,0.026821415237819522,0.015927157015498333,0.06444363254277582,2.402693220002318,True,True,2.2706317154402368e-14,1.4573791755302157e-14,1.7412105920577043e-14,True,0.13206929006172838,0.4503388968118645,True,A-A|A-D|B-B|C-C|D-C|D-E
trapezoid-ext,pyramid,180,10,True,13,474,129,129,0,2.0609315406692397,13.753974522806608,26.157872465243813,13.701056156404126,1.2970116992109428,13.701056156404126,1.2434497875801753e-14,5,1,0.026628664109832514,0.004333934407405568,0.06558498734738456,2.462946961096993,True,True,4.05801323266554e-15,3.3893637946200144e-15,2.2315206618374916e-15,True,0.16597365966135916,0.4382137016400991,True,A-C|A-F|B-A|C-E|D-B|D-D
pyramid,parallelepiped-ext,180,10,True,8,596,122,122,0,1.7688179544513158,15.001750045031507,21.681476271937907,14.675063430539053,2.5569268316214195,14.675063430539053,1.5987211554602254e-14,1,1,0.02644709042002459,0.025972030158054,0.0669100950584918,2.529960536143907,True,True,6.420123230733026e-15,5.634860374059478e-15,3.076740298213702e-15,True,0.0787664542527847,0.473576830147257,True,A-A|B-D|C-A|D-D|E-B|F-C
horizzontal-parallelepiped,parallelepiped-int,180,10,True,28,625,104,104,0,1.7624683917056467,13.664457778367073,23.226910110245196,13.424458534990574,1.6876264339758207,13.424458534990574,1.4210854715202004e-14,5,1,0.026234404818114145,0.018597297249648818,0.06290532312687239,2.397817810733711,True,True,6.998809315416959e-15,5.858990982136608e-15,3.828257633024338e-15,True,0.052395158975629325,0.4182034220705242,True,A-D|B-C|C-B|D-B|E-A|F-C
hexagon,pentagon,360,10,True,0,1649,249,249,0,1.557647941813271,13.95111513427442,24.163222915965665,13.844217098146528,1.4850240936662653,13.844217098146528,1.4210854715202004e-14,6,1,0.02619191400431534,0.01986600364173532,0.0627275156720179,2.4061648218426495,True,True,1.2615695348107062e-14,6.1175706517646996e-15,1.1033181700530332e-14,True,0.10396819257413532,0.37787293280661627,True,A-B|B-E|C-C|D-A|E-E|F-D
rhombus-ext,two-triangles,180,10,True,24,698,105,105,0,1.9079388497393113,13.913489731975755,23.47451769341533,13.801455868659964,1.4356583287247897,13.801455868659964,1.4210854715202004e-14,4,1,0.025928639607281236,0.014638629970412329,0.056682498846400704,2.402095496216061,True,True,9.747881542080678e-15,8.500337619812984e-15,4.77131584655945e-15,True,0.08661362488053023,0.4633533918727237,True,A-C|A-D|B-E|C-A|D-B|D-F
pentagon,wave,168,10,True,0,572,127,127,0,1.8734014578198117,13.779055998908031,23.961425858708374,13.68748451410939,1.261234544090132,13.68748451410939,1.2434497875801753e-14,6,1,0.025895259246229096,0.007920640335644309,0.06260453695583842,2.4176061093095633,True,True,9.402219163119398e-15,2.5121479338940403e-15,9.060399436534878e-15,True,0.12282536065388976,0.47478907957149946,True,A-A|B-B|C-E|D-C|E-C|E-D
central-trapezoid,central-trapezoid,168,10,True,32,385,105,105,0,1.8016723263549124,13.954616044122082,23.740963168288634,13.78905376210922,1.7902606422333842,13.78905376210922,1.4210854715202004e-14,2,1,0.0257869684010809,0.01439213112937735,0.06200078518474279,2.4043456454595855,True,True,7.899113968403555e-15,5.0122174448177476e-15,6.105217258353122e-15,True,0.07592712169616682,0.4964675099329778,True,A-D|B-D|C-A|D-C|D-E|E-B
arrow,central-trapezoid,168,10,True,9,455,124,124,0,1.5475766666330637,13.996906465009923,23.659682602196852,13.875796623057397,1.3276205090984812,13.875796623057397,1.4210854715202004e-14,9,1,0.025633123012912738,0.00772012795104868,0.061889069207334724,2.4144178286882165,True,True,1.5556289823680974e-14,1.0290978548621145e-14,1.1665929606772863e-14,True,0.21744526106860118,0.3846245126357791,True,A-A|B-D|C-D|C-E|D-B|E-C
rectangle-opposite,parallelepiped-int,34,10,True,14,78,14,14,0,8.828788025933656,13.625776908133776,21.78879036414937,13.465021109790086,1.3596297886060846,13.465021109790086,1.2434497875801753e-14,1,1,0.025578309911918083,0.02395201510926993,0.06152424104528808,2.405328626369531,True,True,7.537261513809702e-15,4.307035781641227e-15,6.1854469444995704e-15,True,0.11017192059405818,0.4182034220705242,True,A-A|A-D|B-C|C-B|D-B|D-C
parallelepiped-int,rectangle-opposite,34,10,True,14,84,16,16,0,8.797833513132368,13.284653746376438,21.663243919078337,13.209831345052525,1.2697773749753902,13.209831345052525,1.2434497875801753e-14,3,1,0.025260001268571104,0.014791616024583778,0.0610417976489751,2.4165397697316933,True,True,2.5428187762607517,2.0845271605243645,1.4562533591173126,True,0.3361779875844282,0.3914966099903299,True,A-A|B-A|B-D|C-B|C-D|D-C
parallelepiped-int,two-triangles,180,10,True,36,452,115,115,0,1.642643091628256,13.848785043255532,23.803088710564932,13.771510034980295,1.3673549876893045,13.771510034980295,1.4210854715202004e-14,6,1,0.0252036750831122,0.008239507386813514,0.06080392457263844,2.4125023184964123,True,True,6.3949352177421284e-15,4.600146503857154e-15,4.442279660508709e-15,True,0.08856163431899175,0.3926817942954417,True,A-B|B-C|B-D|C-E|C-F|D-A
parallelepiped-int,hexagon,180,10,True,24,515,124,124,0,1.8966767923946444,13.834088271588712,23.59473280269413,13.651707681423963,1.5392053914721464,13.651707681423963,1.4210854715202004e-14,8,1,0.02512605920847597,0.007478079042641539,0.06081051790924257,2.420217090339773,True,True,1.0070799949129531e-14,8.579840599122263e-15,5.273267194922012e-15,True,0.2733716283686343,0.4746754459601224,True,A-C|B-B|B-E|C-D|C-F|D-A
central-trapezoid,rhombus-ext,78,10,True,6,256,52,52,0,2.214438949314376,14.013503828430967,23.712840428916792,13.921939296170958,1.365110969389171,13.921939296170958,1.2434497875801753e-14,5,1,0.025120175113293255,0.006544395551515677,0.06035161671895853,2.413466978541787,True,True,2.6403008297050867e-14,2.522943655438718e-14,7.784239094625047e-15,True,0.08911753969340183,0.39028483721018153,True,A-B|B-A|C-D|D-A|D-C|E-D
two-triangles,wave,360,10,True,32,956,278,278,0,1.7007865940134306,14.087694017316158,23.64704364504532,14.040035329566999,0.9257189304706566,14.040035329566999,1.4210854715202004e-14,5,1,0.025106142625895292,0.005927017787669903,0.06107500382151662,2.4326717461774425,True,True,1.1894666834211529e-14,9.20226315897774e-15,7.5366737921853e-15,True,0.11271778728158421,0.5325098964202757,True,A-A|B-B|C-C|D-D|E-C|F-E
hexagon,parallelepiped-int,180,10,True,24,549,105,105,0,1.7873175251116205,13.872775465094035,23.488216612236815,13.76803251162075,1.4849499117939118,13.76803251162075,1.4210854715202004e-14,3,1,0.02506507525778734,0.012556340581770414,0.06057268636930378,2.416616975865044,True,True,6.215513972347938e-15,4.862536040098131e-15,3.871479975306501e-15,True,0.0897776196164129,0.47373027955746566,True,A-D|B-A|C-B|D-C|E-B|F-C
pentagon,trapezoid-ext,78,10,True,0,276,55,55,0,2.174484929347862,14.456012896390998,23.193237062660536,14.41001166530184,0.923620412218374,14.41001166530184,1.4210854715202004e-14,2,1,0.02489390734928359,0.006455328065428704,0.06009365542501156,2.4224912829494074,True,True,3.913591524927268e-15,1.6167473892115479e-15,3.564032337600234e-15,True,0.07197929368261376,0.4715401760512909,True,A-A|B-D|C-C|D-A|E-B|E-D
3X2,rectangle-same,180,10,True,66,223,90,90,0,2.031548585107927,14.875786933675641,21.419493999252268,14.762063170866982,2.171965205354584,14.762063170866982,1.4210854715202004e-14,6,1,0.024761044787856127,0.013336804571174034,0.0596723985552752,2.4200052801781275,True,True,7.703909886428761e-15,5.545630687663319e-15,5.347542221830668e-15,True,0.37137059288482177,0.47538038908183505,True,A-A|B-D|C-B|D-C|E-A|F-C
trapezoid-ext,pentagon,78,10,True,0,258,55,55,0,2.137153140084906,13.26710223711146,24.519147279140537,13.219211163758487,1.3424816622856581,13.219211163758487,1.2434497875801753e-14,1,1,0.024757194223006488,0.006305253761242676,0.060394036231578685,2.444697259525478,True,True,4.418910257824952e-15,3.976585359997225e-15,1.92705390203967e-15,True,0.06593082494856617,0.44098029720750337,True,A-C|A-E|B-B|C-E|D-A|D-D
hexagon,central-trapezoid,360,10,True,24,1066,273,273,0,1.7456015101032742,13.817434906412743,23.840066651749932,13.744841319485948,1.2959631339218314,13.744841319485948,1.4210854715202004e-14,7,1,0.024659683115802838,0.010284329130121176,0.059814384322259405,2.4255941992996712,True,True,1.5688358818848954e-14,4.351167857633658e-15,1.507288760336424e-14,True,0.08284231413070833,0.5143179217989187,True,A-D|B-D|C-C|D-A|E-E|F-B
base-trapezoid,pentagon,168,10,True,0,593,117,117,0,1.918810641912828,12.81356179394244,25.445733409436077,12.451140058671358,2.5441696033355203,12.451140058671358,1.5987211554602254e-14,12,1,0.024659553521701055,0.01554024698896091,0.06359482314028397,2.5798401203226646,True,True,1.091867092065253e-14,7.968944299106953e-15,7.464134339039856e-15,True,0.1752200513434646,0.43499927961501017,True,A-C|B-A|B-E|C-D|D-B|E-E
rectangle-same,wave,78,10,True,6,243,53,53,0,2.554300558087271,12.933340845610989,24.87579565060163,12.745104481748186,2.3913677044659636,12.745104481748186,1.4210854715202004e-14,1,1,0.02462652596109645,0.015892777491996326,0.06404474592553115,2.600640708588183,True,True,7.94988926187203e-15,6.717594758613268e-15,4.251430339906767e-15,True,0.10229393814506535,0.4668891668184871,True,A-A|A-C|B-B|C-C|C-D|D-E
central-trapezoid,trapezoid-ext,78,10,True,2,216,60,60,0,1.534595080028337,14.654519773053835,23.000375164098653,14.605673414174372,1.0435952108547415,14.605673414174372,1.4210854715202004e-14,1,1,0.024166040446469614,0.003568161043712371,0.05840363315201246,2.4167646860222223,True,True,7.280883865816518e-15,2.572234024966725e-15,6.811378861017111e-15,True,0.1002756727017324,0.4505064537163253,True,A-D|B-B|C-A|D-A|D-C|E-D
rhombus-ext,wave,78,10,True,14,216,44,44,0,1.5719795813612345,14.011166017701859,23.64316075335972,13.909422370525785,1.1393609073372235,13.909422370525785,1.3322676295501878e-14,6,1,0.024107219623202437,0.0041740966430876885,0.058312288185580104,2.4233316673259915,True,True,9.077388762230221e-15,3.595820250601821e-15,8.334810343734604e-15,True,0.09173167441202273,0.5137082771095873,True,A-A|A-C|B-E|C-B|D-C|D-D
cross,3X2,360,10,True,62,469,251,251,0,1.7927038724709246,13.318162623261584,25.04776496121056,13.254104655444817,1.3167364506465997,13.254104655444817,1.4210854715202004e-14,4,1,0.02404406532399139,0.005933672083476023,0.059207247724083256,2.4624474657788307,True,True,7.331238648278656e-15,2.411450484892535e-15,6.92329160709891e-15,True,0.1291823955440677,0.4964675099329778,True,A-A|B-D|C-C|D-B|D-E|E-F
arrow,central-parallelepiped,168,10,True,24,925,112,112,0,1.5453282518096307,13.593553095083015,23.323641503846215,13.451260694266896,1.5258322237498287,13.451260694266896,1.4210854715202004e-14,5,1,0.023999930918698585,0.014777906189398287,0.05791279089088066,2.41303989945072,True,True,1.1658671637372243e-14,3.612092524874097e-15,1.1085008432103996e-14,True,0.3225343898119573,0.36898991146262244,True,A-E|B-A|C-C|C-D|D-B|E-C
parallelepiped-ext,central-trapezoid,78,10,True,2,274,55,55,0,1.7559453674784387,13.852433672305294,23.56457343858443,13.7338563184808,1.5666364821798635,13.7338563184808,1.2434497875801753e-14,3,1,0.023861112911936246,0.007356262354637637,0.058760730005655314,2.500447142197561,True,True,7.160723346098895e-15,6.217248937900877e-15,3.552713678800501e-15,True,0.14114654594146847,0.4758721058984647,True,A-A|A-D|B-C|C-E|D-B|D-D
rectangle-same,rhombus-int,34,10,True,8,74,18,18,0,2.644341573941418,12.853323621581982,25.095278509658023,12.42098868642531,2.398278134429531,12.420914573730146,1.509903313490213e-14,3,1,0.023852410672725574,0.02510355115095312,0.06111256600701928,2.57314823020778,True,True,1.026976824157507e-14,5.92886789371409e-15,8.38550327854865e-15,True,0.20422836922613147,0.39028483721018153,True,A-B|A-C|B-D|C-A|C-B|D-C
wave,vertical-parallelepiped,360,10,True,36,1124,250,250,0,2.1176579946870406,13.788818844680243,23.550226930525483,13.735281356223064,1.0948572108425951,13.735281356223064,1.2434497875801753e-14,5,1,0.023765380425462578,0.008198916158759022,0.057627246196192784,2.4248400473509824,True,True,5.824175385795272e-15,4.782987168225453e-15,3.3232593448441795e-15,True,0.16388149630735707,0.41981971932396717,True,A-A|B-B|C-C|C-D|D-F|E-E
wave,3X2,360,10,True,40,1151,263,263,0,1.5026638219671224,13.984765826756684,23.86629271576446,13.942995313242895,0.9266701314109411,13.942995313242895,1.4210854715202004e-14,6,1,0.023574345072784504,0.004274527299069819,0.057288295370015556,2.4301118522334795,True,True,1.4177095929570765e-14,1.1858746299470297e-14,7.769181758785894e-15,True,0.14229255687171577,0.4361681820504353,True,A-F|B-D|C-A|C-B|D-C|E-E
hexagon,wave,360,10,True,56,571,250,250,0,1.5633688398823224,14.1877310068542,23.858714976562798,14.131636219494021,0.8824515803595847,14.131636219494021,1.4210854715202004e-14,8,1,0.023399598976494566,0.006592953744730694,0.05683657122146376,2.4289549269009867,True,True,1.1673406310079474e-14,5.2227704322845074e-15,1.0439879496041033e-14,True,0.14054662183144467,0.41558740005427486,True,A-B|B-C|C-C|D-D|E-A|F-E
vertical-parallelepiped,base-trapezoid,360,10,True,52,1467,193,193,0,1.8490068363517507,14.584011786867565,21.584670669587787,14.513297661193793,1.7304603775567342,14.513297661193793,1.5987211554602254e-14,12,1,0.023294482128565015,0.026039939864033867,0.05300068007010651,2.416862225751818,True,True,4.552319306021912e-15,3.722227090105758e-15,2.6208083778984374e-15,True,0.1354873031815932,0.49610139968959105,True,A-B|B-B|C-D|D-C|E-E|F-A
horizzontal-parallelepiped,wave,360,10,True,68,744,220,220,0,1.7223966407118598,14.032457340360867,23.508792519381622,13.958788061645475,1.1769632657079816,13.958788061645475,1.509903313490213e-14,3,1,0.02324889608248077,0.009870071177416903,0.05616075888609439,2.4156312061807697,True,True,1.7763568394002505e-14,7.742959950613002e-15,1.5987211554602254e-14,True,0.18600848345222423,0.4668891668184871,True,A-C|B-C|C-D|D-E|E-A|F-B
central-parallelepiped,pentagon,168,10,True,0,599,130,130,0,1.9622904201085385,13.844776169575232,23.428616998716603,13.651144176610622,1.8113517851699,13.651144176610622,1.5987211554602254e-14,14,1,0.023061240400265286,0.015332316205703756,0.05532866078767309,2.4133934070647163,True,True,1.3004783062719597e-14,1.1559655780924143e-14,5.9580819677934555e-15,True,0.05854812886921447,0.3581303928054846,True,A-A|B-D|C-C|C-E|D-E|E-B
rectangle-opposite,base-trapezoid,78,10,True,0,242,60,60,0,2.3249071064779137,14.576667221221511,21.295732726318597,14.150638679061146,2.0869290051830687,14.150638679061146,1.5987211554602254e-14,3,1,0.022701105153913572,0.038081849557916644,0.05446355068918614,2.399158557256269,True,True,6.0011644822748964e-15,5.0319230048866606e-15,3.270126299733716e-15,True,0.22887341196288286,0.3846245126357791,True,A-B|A-E|B-A|C-B|D-C|D-D
pyramid,cross,360,10,True,21,1053,267,267,0,1.6235457834739824,16.002087775562362,22.299440359725633,15.866040257268994,2.5802057977762023,15.866040257268994,1.5987211554602254e-14,10,1,0.022659568190474575,0.0077058319340765615,0.05750405019849037,2.5409273767847234,True,True,6.879800455918813e-15,4.351167857633658e-15,5.329070518200751e-15,True,0.07420484955753447,0.45336865794965664,True,A-B|B-A|C-D|D-C|E-E|F-D
trapezoid-int,3X2,180,10,True,12,742,126,126,0,1.8393291984756428,14.930278695669408,21.850033440449977,14.208569488705539,2.330054252625912,14.208569488705539,1.5987211554602254e-14,2,1,0.02262028519355474,0.008496802166922276,0.05869426617401113,2.5947624299067216,True,True,9.451833121956741e-15,6.361917600871696e-15,6.9902184375767145e-15,True,0.06342117405849701,0.45010767143417935,True,A-D|B-C|B-E|C-A|C-F|D-B
two-triangles,parallelepiped-int,180,10,True,36,374,124,124,0,1.5791692774123298,13.800974657791873,23.055257631822716,13.633559167965423,1.3931677260150281,13.633559167965423,1.4210854715202004e-14,7,1,0.02241702946270087,0.00380435294284272,0.054555981351333056,2.4365512557205675,True,True,1.1567117406530896e-14,1.1029270908605374e-14,3.486171011448121e-15,True,0.3407911879244759,0.507157831481944,True,A-B|B-B|C-A|D-C|E-C|F-D
rhombus-int,cross,78,10,True,26,130,38,38,0,1.6062174916910084,14.633885112990411,22.59667226960584,14.555058620757984,1.566336876506034,14.555058620757984,1.4210854715202004e-14,10,1,0.022200226404957786,0.0033845628236077664,0.053636010303673744,2.4256056351924404,True,True,1.0031156411450273,0.9748217823836755,0.2365660205949139,True,0.2266124319050896,0.49463167676755143,True,A-B|B-A|B-D|C-C|C-E|D-D
rhombus-ext,triangle,15,10,True,1,51,10,10,0,9.197035478764938,14.111774580947662,23.418021127490906,14.106087546249734,0.4920193977318268,14.106087546249734,1.4210854715202004e-14,3,1,0.022177225957713164,0.0034384591919033973,0.05395919468491537,2.4330903598043805,True,True,1.49713739531053e-14,8.545517590369802e-15,1.2292931593253095e-14,True,0.21285120955885786,0.45763061220724666,True,A-B|A-C|B-A|C-C|D-A|D-B
trapezoid-int,vertical-parallelepiped,180,10,True,28,739,112,112,0,1.9111817142708414,14.548883820356824,21.543377407016685,13.997322213354142,2.382339578529959,13.997322213354142,1.7763568394002505e-14,1,1,0.022176751907793165,0.013922680881289125,0.05741722070237946,2.589072599139389,True,True,1.8177931487448243e-14,1.6434394844744206e-14,7.768388458966724e-15,True,0.05194102651214602,0.4446994208396341,True,A-B|B-C|B-D|C-A|C-F|D-E
2X3,cross,360,10,True,48,712,249,249,0,1.6786325921411065,14.443082548242646,22.74699128157629,14.345842888141346,1.1846736209412931,14.345842888141346,1.4210854715202004e-14,8,1,0.022037449926786447,0.01663197727962096,0.05328666165541908,2.418004888607793,True,True,5.164625771320267e-15,3.8968670012594065e-15,3.3893637946200144e-15,True,0.2702115838804788,0.45336865794965664,True,A-A|B-B|C-D|D-D|E-C|F-E
base-trapezoid,3X2,360,10,True,48,985,242,242,0,1.5644928634323116,13.099555561260518,25.672420298524383,12.941605637727536,2.4172724787033464,12.941605637727536,1.2434497875801753e-14,11,1,0.02188347813619178,0.00912459553478175,0.05673817363577291,2.6089569055734914,True,True,6.5875841493214626e-15,4.537979107801898e-15,4.775249788392737e-15,True,0.12193495564408063,0.4361681820504353,True,A-B|B-A|B-D|C-F|D-E|E-C
pentagon,trapezoid-int,78,10,True,0,269,53,53,0,2.4535966683233204,12.982752530633817,25.049542300724294,12.826760774762736,1.5196112332549605,12.826760774762736,1.4210854715202004e-14,1,1,0.021720558192792522,0.015055544826835892,0.05224531300171044,2.405339335111879,True,True,6.458645512138905e-15,5.145796888664693e-15,3.903187957565046e-15,True,0.05705586026487846,0.4001220501487976,True,A-A|B-C|C-D|D-B|E-B|E-C
central-trapezoid,arrow,168,10,True,9,464,113,113,0,1.5660139916911904,14.078345404413016,23.64432982540202,13.911512326613664,1.3408781085893917,13.911512326613664,1.4210854715202004e-14,5,1,0.021592380205671686,0.010133353925252872,0.052364955935151385,2.4251590346392957,True,True,9.425838021920844e-15,8.790984341496561e-15,3.400737673366017e-15,True,0.08096940055903461,0.3676539667191418,True,A-C|B-C|C-D|D-B|D-E|E-A
arrow,triangle,36,10,True,0,107,25,25,0,9.248540316948484,14.181771458713836,23.652600693812214,14.124152387988966,0.9553684058064749,14.124152387988966,1.4210854715202004e-14,7,1,0.02156938173275877,0.002469959547017962,0.05232826735960618,2.4260439176210586,True,True,1.2529298469546544e-14,7.793734002518813e-15,9.81025129326275e-15,True,0.19475370690416083,0.4253222642179467,True,A-C|B-C|C-A|C-B|D-A|E-B
parallelepiped-ext,arrow,78,10,True,6,278,52,52,0,1.950820597968068,13.930708741357266,23.648917240456935,13.758572213685069,1.5758327996441783,13.758572213685069,1.4210854715202004e-14,4,1,0.021259873575511342,0.0076064510069898655,0.05340909698827681,2.5122020033927797,True,True,1.7130366026198486e-14,1.4595422588092457e-14,8.967891595382707e-15,True,0.12766196525935378,0.4182034220705242,True,A-A|A-E|B-C|C-B|D-C|D-D
arrow,trapezoid-int,78,10,True,8,225,50,50,0,1.8110815573664227,12.897132189875853,24.448788928041182,12.821228903891042,2.0001141068890727,12.821228903891042,1.4210854715202004e-14,2,1,0.021124332176931392,0.01057766651657997,0.05076655045207662,2.4032262902737207,True,True,6.62290741008278e-15,3.596147252640797e-15,5.56153103918817e-15,True,0.08078756442080194,0.417569255938564,True,A-A|B-C|C-B|C-C|D-D|E-B
vertical-parallelepiped,wave,360,10,True,36,1322,228,228,0,1.6543524570146706,14.00390093784689,23.444557434973294,13.927458344650358,1.18119871521478,13.927458344650358,1.4210854715202004e-14,10,1,0.020821050869716626,0.00818233648721138,0.05047403011983622,2.424182642637344,True,True,9.038606501942157e-15,5.962218089060634e-15,6.793258640404412e-15,True,0.22890082422961994,0.49573600680125657,True,A-A|B-B|C-C|D-C|E-E|F-D
trapezoid-int,rhombus-int,34,10,True,0,235,19,19,0,2.3321061281546673,14.500902358225,21.34281802428303,14.358677904958977,2.2837805923530157,14.35845145225016,1.5987211554602254e-14,4,1,0.020748207740511577,0.006965727716442487,0.05409409370993625,2.6071694667060665,True,True,5.63383491553306e-15,3.026376123935678e-15,4.751962059186864e-15,True,0.23943674164319367,0.4825720176884886,True,A-B|B-A|B-C|C-C|C-D|D-B
arrow,trapezoid-ext,78,10,True,8,213,49,49,0,9.196435867582863,14.727677247297772,22.877330844386876,14.689452356515996,0.9428179405702615,14.689452356515996,1.5987211554602254e-14,14,1,0.020696364698532175,0.001713663088517449,0.05032605921271788,2.4316376303654477,True,True,7.144190271975894e-15,6.010155710541054e-15,3.862315753177849e-15,True,0.13381723473601462,0.5334244391753369,True,A-C|B-B|C-A|C-D|D-A|E-D
rhombus-ext,parallelepiped-int,34,10,True,10,90,14,14,0,9.109388332720266,13.925170651295108,22.596496441156653,13.819391177501199,1.2618859250461802,13.819391177501199,1.4210854715202004e-14,4,1,0.02053156998721356,0.011987272275173096,0.04977150860646372,2.424145286378972,True,True,1.9418432292428853e-14,1.751761662244535e-14,8.379058453350832e-15,True,0.2371713761874928,0.4828768357435626,True,A-A|A-C|B-B|C-D|D-B|D-C
rhombus-int,arrow,78,10,True,6,364,45,45,0,1.9443150719453979,13.758151698353306,23.404716901345825,13.724781858620421,1.1905294747002113,13.724781858620421,1.4210854715202004e-14,4,1,0.02036430476152033,0.00993541271768415,0.048990178808874886,2.417140834610387,True,True,9.71826710776327e-15,7.612937489790038e-15,6.040521364450491e-15,True,0.11672274849545541,0.4179157688864527,True,A-E|B-B|B-C|C-A|C-C|D-D
pyramid,wave,360,10,True,24,715,276,276,0,1.5049130321846311,15.448586473239425,22.08332829146176,15.30885606165264,2.545199738613343,15.30885606165264,1.5987211554602254e-14,9,1,0.0203580741967079,0.006359623676035411,0.05168709440331423,2.538899009007077,True,True,2.1773961606419445e-14,1.888293221827313e-14,1.0841599276764049e-14,True,0.050460600962387796,0.5241482660073962,True,A-E|B-A|C-C|D-C|E-D|F-B
two-triangles,trapezoid-ext,180,10,True,6,494,144,144,0,1.5587689143785886,14.48298007664942,22.856168055157013,14.407691593541909,0.8340091194032663,14.407691593541909,1.4210854715202004e-14,5,1,0.02032276615251329,0.0018838822301821638,0.04946988251071108,2.4342100942097002,True,True,8.442475738390347e-15,7.274800109535343e-15,4.2840027964059754e-15,True,0.17174740100106467,0.4985936004860076,True,A-A|B-D|C-B|D-D|E-A|F-C
cross,parallelepiped-int,78,10,True,8,344,37,37,0,1.6459058378751432,13.073807356939634,24.305062002313118,12.959716151494625,1.3674959720529023,12.959716151494625,1.2434497875801753e-14,6,1,0.02014173913633712,0.00662453010711483,0.04929240859453711,2.447276685537552,True,True,1.455694696051532,0.49784612760174235,1.367916766965195,True,0.05015423673555699,0.4499078879065762,True,A-B|B-C|C-C|D-A|D-D|E-B
wave,pyramid,360,10,True,24,719,273,273,0,1.7313625832525055,13.010878170152917,25.641764229278504,12.883760036241476,1.3540968272987244,12.883760036241476,1.2434497875801753e-14,6,1,0.0200622795300967,0.005990245358846927,0.04848375305088113,2.4166622231610106,True,True,7.757774154451689e-15,2.984791244594608e-15,7.160592228137976e-15,True,0.05913654465829726,0.32747907437451723,True,A-B|B-F|C-C|C-D|D-E|E-A
rectangle-opposite,trapezoid-ext,34,10,True,4,105,22,22,0,2.392676224704534,14.415491141268573,22.01822551853293,14.274542190377435,0.9700882130782797,14.274542190377435,1.4210854715202004e-14,3,1,0.02000170634911238,0.005027333362096618,0.048408081712476715,2.420197600522464,True,True,9.301731567756733e-15,4.864278458801863e-15,7.928493251169373e-15,True,0.18079348370578258,0.43963889103736126,True,A-A|A-D|B-B|C-D|D-A|D-C
rhombus-int,central-parallelepiped,78,10,True,22,72,48,48,0,9.015903786110064,14.207353812754338,23.38732148781003,14.116756612674594,1.618269844252441,14.116756612674594,1.4210854715202004e-14,7,1,0.019851484867482436,0.006630610554999345,0.047981112940706096,2.42051105222405,True,True,1.3144384086256152e-14,1.1182726432897269e-14,6.908072273362858e-15,True,0.2387324855562924,0.4633533918727237,True,A-B|B-C|B-D|C-A|C-C|D-E
central-trapezoid,parallelepiped-ext,78,10,True,2,264,56,56,0,1.5873714089189326,13.679426133425892,23.402837877354187,13.613816379153075,1.6317271780725982,13.613816379153075,1.4210854715202004e-14,7,1,0.019668954367855766,0.005491173024267035,0.04550330619727399,2.4228988240318867,True,True,1.0444068183987749e-14,9.273480760009737e-15,4.804280885368214e-15,True,0.28003260347560704,0.5018406414030911,True,A-A|B-B|C-A|D-C|D-D|E-D
wave,rhombus-int,78,10,True,14,411,45,45,0,1.5905115080005452,13.917379909179312,23.57139735316006,13.829882253643806,1.0535962403130776,13.829882253643806,1.4210854715202004e-14,7,1,0.019509902103558175,0.005013352284315067,0.04724566527797029,2.4216249280591584,True,True,6.171247984426278e-15,5.566377056784448e-15,2.6645352591003757e-15,True,0.05388932771794137,0.41013716395797434,True,A-C|B-B|C-B|C-D|D-A|E-C
cross,trapezoid-int,78,10,True,0,340,56,56,0,2.2483241347881124,13.536369944187934,25.77472729700781,13.477085074643561,1.4705204472339788,13.477085074643561,1.2434497875801753e-14,2,1,0.019412790471620166,0.005612450611579411,0.047595563383325185,2.4517631019046857,True,True,7.829237352769517e-15,5.11305617386413e-15,5.929048329109094e-15,True,0.1121402835781002,0.4801727562418158,True,A-A|B-C|C-D|D-B|D-C|E-B
parallelepiped-int,cross,78,10,True,8,376,42,42,0,1.6746918150313037,14.337138950535476,22.53066203803287,14.29477271018634,1.0456162834446912,14.29477271018634,1.2434497875801753e-14,5,1,0.019319060610231698,0.00621579995765299,0.04654375996125638,2.4167538317710964,True,True,8.835214888950108e-15,5.371689938816957e-15,7.014696667364767e-15,True,0.11829472262832214,0.49573600680125657,True,A-D|B-A|B-B|C-D|C-E|D-C
horizzontal-parallelepiped,trapezoid-int,180,10,True,12,571,124,124,0,1.6315868387836625,12.90322224504645,25.46948072643683,12.632764841165816,2.095713965587689,12.632764841165816,1.4210854715202004e-14,1,1,0.019271329366491792,0.01654175870995372,0.046404591144203915,2.4079600458124255,True,True,8.049608169285059e-15,5.722649509136231e-15,5.661048867003676e-15,True,0.06424041954825122,0.4531133653291396,True,A-C|B-B|C-A|D-C|E-D|F-B
rectangle-same,arrow,78,10,True,12,375,38,38,0,2.0561363228027703,12.679359895468751,25.378083210908745,12.200286261396359,2.447866061279191,12.200286261396359,1.5987211554602254e-14,6,1,0.01911106367172343,0.024769074342404402,0.049035080581964346,2.5703970779685386,True,True,5.183149383868904e-15,4.715390689667108e-15,2.1517732639154512e-15,True,0.05199775411844587,0.4652866157331114,True,A-A|A-D|B-B|C-C|C-E|D-C
trapezoid-ext,two-triangles,180,10,True,6,647,121,121,0,1.6957574983784198,13.121809286898289,24.76294020753502,13.052505583654517,1.2864006902030627,13.052505583654517,1.2434497875801753e-14,8,1,0.019107120373340097,0.003953912558695891,0.04663015903515519,2.4404597932097403,True,True,1.3527592117154542e-14,8.346727956782509e-15,1.0645556862070063e-14,True,0.06981993251536052,0.49381069194568344,True,A-D|A-E|B-C|C-B|D-A|D-F
3X2,parallelepiped-int,180,10,True,52,470,103,103,0,1.681837722563433,13.787803451972891,23.661195278073276,13.750462851235456,0.9266706689061532,13.750462851235456,1.2434497875801753e-14,4,1,0.019029775359750284,0.007442745042118109,0.04601164062950114,2.4178761840152863,True,True,4.929721534757912e-15,1.9573093381923792e-15,4.52449937174057e-15,True,0.08456380493076118,0.4355693119706838,True,A-D|B-B|C-C|D-A|E-B|F-C
trapezoid-ext,rectangle-opposite,34,10,True,4,105,23,23,0,1.6767376537674057,12.752497438546358,23.999598245491242,12.699762834050475,1.352463042665796,12.699762834050475,1.0658141036401503e-14,5,1,0.018970361434590088,0.004080045543791474,0.042227449718991415,2.4431787405031953,True,True,0.1154205664360795,0.042862969185577526,0.10716656675018413,True,0.08206355741305808,0.40935797522721734,True,A-A|A-D|B-A|C-B|D-C|D-D
pyramid,two-triangles,720,10,True,2,2980,490,490,0,1.7474203954742407,15.193631219062695,22.21937462792617,14.915125018937918,2.547522852528629,14.915125018937918,1.5987211554602254e-14,9,1,0.01892150377320787,0.02023323459670001,0.044440953918816625,2.5372106012057265,True,True,1.441794626420076e-14,1.2763702553717829e-14,6.705600017716362e-15,True,0.10664760518573356,0.4055542535747792,True,A-B|B-F|C-A|D-C|E-D|F-E
cross,rhombus-int,78,10,True,26,130,38,38,0,1.6088956288745984,13.259843503488241,24.47155655057302,13.154734559890631,1.673247732177957,13.154734559890631,1.4210854715202004e-14,4,1,0.018902747121714848,0.006567843067563306,0.04624669008904701,2.4541528654662543,True,True,1.0337005117659315e-14,9.568551029921598e-15,3.911074787101517e-15,True,0.11002267832771204,0.4475031594694418,True,A-C|B-C|C-D|D-A|D-B|E-B
base-trapezoid,2X3,360,10,True,100,594,203,203,0,1.915599633156513,12.676155995776151,25.310749345748597,12.455584248409728,2.4563280783354378,12.455584248409728,1.5987211554602254e-14,10,1,0.01866202114320865,0.021971624853735276,0.04385554531918756,2.5723547673992435,True,True,7.472551071596591e-15,5.800824261094941e-15,4.710568692791955e-15,True,0.06974364723247728,0.3676539667191418,True,A-E|B-A|B-F|C-C|D-B|E-D
arrow,cross,168,10,True,12,999,118,118,0,1.5475383433610284,14.275423391650705,22.78750499424943,14.20231636479835,1.0886539999441216,14.20231636479835,1.4210854715202004e-14,5,1,0.0186212837492396,0.008259480393349342,0.04499442120022821,2.416289972600066,True,True,1.065205025854817e-14,8.943526328513897e-15,5.7861482457516494e-15,True,0.05447762345473792,0.49463167676755143,True,A-E|B-D|C-A|C-B|D-C|E-D
parallelepiped-int,central-parallelepiped,78,10,True,18,332,42,42,0,1.8387375533882102,13.593235379461921,23.271211597172464,13.475192777464002,1.636548640877716,13.475192777464002,1.4210854715202004e-14,8,1,0.01842602280554595,0.005628581477061787,0.04416855809446332,2.422593928644571,True,True,6.360503826308872e-15,2.0228273997836445e-15,6.030271821002296e-15,True,0.2427772495051519,0.3914966099903299,True,A-C|B-A|B-C|C-B|C-E|D-D
trapezoid-ext,arrow,78,10,True,8,204,49,49,0,9.392745326983762,13.176910296197953,24.6897788172956,13.135559634606246,1.4295731158737703,13.135559634606246,1.2434497875801753e-14,8,1,0.0183176256458245,0.001876737886051513,0.04492709717564216,2.45267034299739,True,True,8.79080907564979e-15,4.0444169176371605e-15,7.805191605646657e-15,True,0.06342420034739121,0.46513388365735514,True,A-A|A-C|B-C|C-B|D-D|D-E
arrow,rectangle-same,78,10,True,12,370,46,46,0,2.03598985832075,13.837759390906129,21.69694421079768,13.529196390256317,1.737594624195757,13.529196390256317,1.4210854715202004e-14,20,1,0.018162483724299596,0.0060916898064456715,0.04338131174656956,2.388512078253355,True,True,1.1240903541103004,0.6307638212454791,0.9304386739660071,True,0.07463135630357431,0.3892155522973273,True,A-C|B-D|C-A|C-B|D-A|E-C
trapezoid-ext,rectangle-same,34,10,True,10,83,17,17,0,1.923461774996428,14.293021381822495,21.77430827351145,14.183537925107707,1.7043497677019102,14.183537925107707,1.2434497875801753e-14,4,1,0.01807661998139937,0.004164765203764763,0.044123062063387716,2.4459411879556794,True,True,8.286564691440665e-15,6.726422880980002e-15,4.839668336948288e-15,True,0.14760742143122946,0.46513388365735514,True,A-A|A-B|B-C|C-D|D-A|D-C
3X2,cross,360,10,True,62,469,251,251,0,1.7561862967339128,14.762643471839198,23.23837059322922,14.7260481666618,0.9295888791103419,14.7260481666618,1.5987211554602254e-14,4,1,0.01803651827650779,0.005993500147103882,0.04384436677213094,2.430866428873768,True,True,6.858267381329109e-15,4.002966042486721e-15,5.5688503603976495e-15,True,0.1964415530981128,0.5325429537874194,True,A-A|B-D|C-E|D-B|E-D|F-C
3X2,wave,360,10,True,40,1124,241,241,0,1.5786142164271086,14.066529329309699,23.816467663915923,13.99867219990804,0.9156597558505897,13.99867219990804,1.4210854715202004e-14,11,1,0.017941221674543838,0.004256899055813026,0.043577608621367864,2.428909770575913,True,True,6.347009705522907e-15,6.079690788656465e-15,1.8226058587439345e-15,True,0.21861300473033277,0.41013716395797434,True,A-C|B-C|C-D|D-B|E-E|F-A
two-triangles,triangle,90,10,True,8,313,62,62,0,1.541817142910852,14.034993577075968,23.7280032611521,13.97259870908447,0.9129517737558182,13.97259870908447,1.4210854715202004e-14,2,1,0.0178951007154916,0.004330842900041362,0.04347921425405745,2.4296713913667976,True,True,1.2062663850010264e-14,1.0982232780145677e-14,4.989831893063952e-15,True,0.08515748874409186,0.47087587555643834,True,A-B|B-A|C-C|D-B|E-A|F-C
3X2,central-trapezoid,360,10,True,20,1372,245,245,0,1.5458403353136,13.893149327489553,23.777989599764247,13.785928275482497,1.2740819028202475,13.785928275482497,1.4210854715202004e-14,19,1,0.017795711967856443,0.006496959825210777,0.0429135401694108,2.4114539641304322,True,True,1.1554856477198506e-14,9.930136612989092e-15,5.908222664730043e-15,True,0.11581802133787766,0.42664682117134556,True,A-B|B-C|C-D|D-D|E-E|F-A
central-trapezoid,wave,168,10,True,14,484,109,109,0,1.604127076731788,14.145906406634303,23.55288225116805,14.063206596190135,1.0647983909133134,14.063206596190135,1.2434497875801753e-14,3,1,0.01765758021519245,0.005087257198175052,0.04286555440046537,2.4276007175424956,True,True,1.0805156823142815e-14,1.020439314654103e-14,3.552713678800501e-15,True,0.10134366008909021,0.5100712246168457,True,A-C|B-C|C-A|D-B|D-E|E-D
wave,trapezoid-ext,78,10,True,6,109,60,60,0,1.788280530934459,14.966570245320906,23.126525071379795,14.88420042670629,0.8782454535589901,14.88420042670629,1.4210854715202004e-14,2,1,0.01713149199653324,0.0017009183866048261,0.04157992941170154,2.427104972533375,True,True,1.6119566691104892,0.7336363063311955,1.4353334362170007,True,0.1464953360686874,0.4770498073548985,True,A-B|B-D|C-A|C-C|D-D|E-A
parallelepiped-ext,trapezoid-int,34,10,True,6,65,22,22,0,2.4196202266553177,12.861394110653311,24.97070066076555,12.679582984197818,2.101749822591962,12.679582984197818,1.4210854715202004e-14,5,1,0.016851528073919486,0.002359576176356772,0.038067845960622015,2.4985888647808574,True,True,6.825840403541238e-15,5.891509130072236e-15,3.447059237218225e-15,True,0.1340957871436216,0.417569255938564,True,A-B|A-C|B-A|C-D|D-B|D-C
rhombus-int,trapezoid-ext,34,10,True,0,175,23,23,0,9.147517689612544,14.611425966370453,23.062209146231417,14.566827844721372,0.7019311046675356,14.566827844721372,1.2434497875801753e-14,7,1,0.01678879997892039,0.0012837903560531446,0.040697637551447376,2.4311779503041966,True,True,8.794951535095186e-15,6.389244433848914e-15,6.043900071080248e-15,True,0.16743896231077313,0.5405520175158985,True,A-A|B-A|B-B|C-C|C-D|D-D
arrow,rhombus-ext,78,10,True,6,412,47,47,0,1.7403582853874415,13.838448908757965,23.835404168249582,13.769512924136869,1.2319216699895552,13.769512924136869,1.4210854715202004e-14,15,1,0.016656567099890964,0.005149417151961699,0.04054371594253181,2.434097956643012,True,True,2.7522784819826583e-14,9.900301382973689e-15,2.5680492922932105e-14,True,0.3396824849717858,0.49463167676755143,True,A-A|B-C|C-A|C-B|D-D|E-D
3X2,triangle,90,10,True,6,342,54,54,0,1.8675929650008543,14.107519209917712,24.049998212293858,14.064523376568795,0.8692025444560157,14.064523376568795,1.4210854715202004e-14,9,1,0.016314803568392787,0.0024590308199133777,0.03957275608514032,2.4255735546706756,True,True,9.451109737100367e-15,8.94583558903965e-15,3.0488523868145854e-15,True,0.06993000324760504,0.4991342505348321,True,A-B|B-C|C-B|D-C|E-A|F-A
wave,arrow,168,10,True,60,212,85,85,0,1.5711952297614595,14.06686298139271,23.826202780486398,13.950113425714582,1.1508941550949423,13.950113425714582,1.5987211554602254e-14,14,1,0.01630307151568561,0.0034319497132913987,0.03967271769727035,2.4334505101753487,True,True,7.849002462354904e-15,5.4095787765769575e-15,5.687116766346677e-15,True,0.35405914654696685,0.3676539667191418,True,A-B|B-C|C-C|C-E|D-A|E-D
rectangle-opposite,central-parallelepiped,78,10,True,22,154,40,40,0,1.7106759604940642,13.584492252279373,23.109793341670404,13.254823712981047,2.6244232342800085,13.254823712981047,1.2434497875801753e-14,9,1,0.016224094279890543,0.024320314876687132,0.038283193971345136,2.38525305565226,True,True,1.753100250029719e-14,1.7139579221944047e-14,3.683866550260774e-15,True,0.1808648404091292,0.32651322683833955,True,A-C|A-E|B-C|C-A|D-B|D-D
trapezoid-int,cross,78,10,True,0,371,54,54,0,2.229945685657993,15.726965162918598,21.53812356885551,15.606019909499354,2.326189198011482,15.606019909499354,1.5987211554602254e-14,2,1,0.016085558685391427,0.0053289656041115374,0.04168268713124495,2.595374809384117,True,True,0.42469891468940046,0.1699339420872137,0.38921924857983853,True,0.09848865814860445,0.39028483721018153,True,A-D|B-B|B-C|C-D|C-E|D-A
rhombus-ext,rhombus-ext,34,10,True,18,37,12,12,0,1.5520661184692595,14.18918986454547,23.15802843185206,14.10151733645294,1.5680959090091913,14.10151733645294,1.4210854715202004e-14,3,1,0.015896052685022106,0.006335955726458832,0.03846948710420221,2.427243138312244,True,True,1.022611234772826e-14,7.300507852813707e-15,7.160723346098895e-15,True,0.38761297608381134,0.3902008642505306,True,A-A|A-C|B-B|C-D|D-A|D-D
base-trapezoid,central-parallelepiped,168,10,True,12,707,88,88,0,1.5089884633484494,12.852141806653293,25.480111106965957,12.571747461566927,2.639769080156378,12.571747461566927,1.5987211554602254e-14,17,1,0.015790452524355833,0.013821418929197834,0.038275895978525216,2.5718484850539722,True,True,1.3431519264425791e-14,8.408611069513454e-15,1.0473823066688541e-14,True,0.12664266548531303,0.42664682117134556,True,A-B|B-D|B-E|C-C|D-C|E-A
central-parallelepiped,trapezoid-int,78,10,True,12,331,44,44,0,1.8411104059989571,12.612267060060928,25.468872571240073,12.487406073448044,1.5944040607206786,12.487406073448044,1.2434497875801753e-14,1,1,0.015754477756903893,0.010105454725379891,0.03784925543431055,2.402444309378921,True,True,7.963568139219542e-15,6.9502782288276124e-15,3.887422031356706e-15,True,0.17418810919354413,0.43871064769360363,True,A-B|B-C|C-A|C-B|D-C|E-D
rectangle-same,parallelepiped-ext,34,10,True,6,81,20,20,0,2.60701951111612,12.818468724064857,24.708596087534772,12.386216473484781,2.6687010696383506,12.385524980981478,1.2434497875801753e-14,5,1,0.015672083308501148,0.023561041861123077,0.03969913913456475,2.5331117984186817,True,True,7.592215426642535e-15,3.0978256450117908e-15,6.931465311004318e-15,True,0.11017192059405818,0.4182034220705242,True,A-C|A-D|B-A|C-A|C-D|D-B
trapezoid-int,central-parallelepiped,78,10,True,12,379,40,40,0,1.896127319866871,14.558509514640644,21.76382648627677,14.293070705672315,2.402458801819741,14.293070705672315,1.9539925233402755e-14,3,1,0.015620517534899962,0.009022625646828175,0.03793727038010782,2.592262783116705,True,True,1.826342184368535e-14,1.2260803654376782e-14,1.3536072960398228e-14,True,0.0655219212595971,0.447246773371714,True,A-C|B-B|B-D|C-C|C-E|D-A
arrow,parallelepiped-int,78,10,True,8,243,48,48,0,1.7775452979731226,13.620503092067004,23.68272860439639,13.474801669851935,1.7855971682976786,13.474801669851935,1.4210854715202004e-14,1,1,0.015608774307356717,0.009664018962396033,0.03388189672908856,2.4059333517507437,True,True,8.26580427636076e-15,5.3740557378997505e-15,6.2803698347351005e-15,True,0.06077144584341966,0.48728827906722066,True,A-B|B-D|C-A|C-C|D-B|E-C
rectangle-opposite,parallelepiped-ext,34,10,True,14,72,12,12,0,8.870508078816556,13.707687175495156,21.654864413221684,13.4116362907902,2.213974579503204,13.411194449660714,1.2434497875801753e-14,3,1,0.015483468840942182,0.0187140736598093,0.036970100539085345,2.3990819213753243,True,True,7.458352349529044e-15,2.739800093299453e-15,6.936895214610187e-15,True,0.1188707553359662,0.3926817942954417,True,A-A|A-C|B-D|C-B|D-A|D-D
parallelepiped-int,rectangle-same,34,10,True,6,99,19,19,0,2.5272311649914583,14.387468191467022,20.657329077625338,14.266571592850479,1.5198080339492739,14.265137614171959,1.5987211554602254e-14,7,1,0.015449529509627236,0.012002684721127721,0.0360005669426993,2.4070809272613474,True,True,1.167213534542834e-14,8.998287412055164e-15,7.434350487570998e-15,True,0.2966635048825078,0.4446994208396341,True,A-B|B-A|B-C|C-A|C-D|D-C
arrow,arrow,168,10,True,61,112,97,97,0,1.5914458527266548,14.055404363879038,23.708479370679612,13.926075744601835,1.588260484913056,13.926075744601835,1.2434497875801753e-14,4,1,0.015048158379215828,0.0033661788994063906,0.03637336093609654,2.4284770864295093,True,True,1.478890415049491e-14,1.3322676295501878e-14,6.420123230733026e-15,True,0.31061424934822596,0.48264671751891813,True,A-E|B-A|C-B|C-C|D-C|E-D
central-trapezoid,cross,168,10,True,4,699,123,123,0,1.6005165087989766,14.461154458616786,22.965276272885415,14.378097130938357,1.0975268620508611,14.378097130938357,1.4210854715202004e-14,8,1,0.014978449131390001,0.004730630123896701,0.0361713174256387,2.414890694513578,True,True,1.9261634580371775e-14,1.7069977993982598e-14,8.92336360307724e-15,True,0.08911753969340183,0.4944694914980932,True,A-C|B-D|C-B|D-A|D-E|E-D
parallelepiped-int,wave,78,10,True,18,120,52,52,0,9.222676180697682,14.197941722403705,23.278584837478025,14.156513727978068,0.9415861321622367,14.156513727978068,1.5987211554602254e-14,4,1,0.014978352205772157,0.00226050734054013,0.03543736081268376,2.4357751175037303,True,True,7.175133581285518e-15,3.991683154108941e-15,5.96229884411156e-15,True,0.19958586306742188,0.5273323520665683,True,A-B|B-A|B-C|C-C|C-D|D-E
3X2,trapezoid-int,180,10,True,12,713,124,124,0,1.9011147935294992,12.616298058442483,25.52944730204509,12.526083205241717,1.4335214641234193,12.526083205241717,1.2434497875801753e-14,6,1,0.014692637055805027,0.004054630250119286,0.03536702458396952,2.4190118989136025,True,True,1.6259299139353937e-14,1.27939999794499e-14,1.0033861321985252e-14,True,0.1322575173945856,0.42907501752927973,True,A-A|B-C|C-B|D-B|E-C|F-D
trapezoid-int,rectangle-opposite,34,10,True,8,96,21,21,0,2.4029494817085135,14.123487894166647,20.929032014658887,13.377995859721686,2.405436981231364,13.377995859721686,1.5987211554602254e-14,1,1,0.014549223514933094,0.01551749569327295,0.03552119941835332,2.5842863747837876,True,True,1.3873790429220374e-14,1.1916163935586911e-14,7.105427357601002e-15,True,0.17312435927950837,0.4182034220705242,True,A-D|B-A|B-B|C-C|C-D|D-A
pentagon,parallelepiped-int,78,10,True,0,357,51,51,0,1.961050030356667,13.540760120454186,23.914565617878612,13.35104307067048,1.7511292220579646,13.35104307067048,1.4210854715202004e-14,9,1,0.014140188561514343,0.007445953411536716,0.030419315504986125,2.4034945248063386,True,True,1.0682104329218524e-14,1.0444676556033344e-14,2.2396617021676634e-15,True,0.15300253404966496,0.4488669648495108,True,A-B|B-A|C-C|D-B|E-C|E-D
hexagon,trapezoid-ext,180,10,True,12,485,127,127,0,1.8034914585317343,14.715508234806576,23.274225598857104,14.684492940504766,0.9027766127990104,14.684492940504766,1.4210854715202004e-14,9,1,0.013995998696482704,0.0024598055771033163,0.033892840881250975,2.4281379046211375,True,True,5.362539544993918e-15,4.7560334948183074e-15,2.4772920231151448e-15,True,0.1506277939900925,0.4770498073548985,True,A-D|B-B|C-A|D-C|E-D|F-A
trapezoid-int,trapezoid-int,34,10,True,16,68,11,11,0,3.0281315544184024,14.134317389085002,21.989970798611957,13.914829813207625,2.9296834246734687,13.914829813207625,1.5987211554602254e-14,2,1,0.013941684880301902,0.004001982852016477,0.03605942473943313,2.5864466919906657,True,True,1.0959200373197812e-14,7.588599744428075e-15,7.906783589979253e-15,True,0.09373087769687116,0.3844888679056581,True,A-D|B-B|B-C|C-A|C-C|D-B
trapezoid-int,base-trapezoid,78,10,True,14,108,57,57,0,3.387502697063094,14.026577461113572,21.492119331101346,13.564258818161917,2.471121263119858,13.56425520670389,1.9539925233402755e-14,2,1,0.013877163747740185,0.005093222266860921,0.036072044565149446,2.599381633082161,True,True,8.803725571481906e-15,2.5121479338940403e-15,8.43769498715119e-15,True,0.2603704830266705,0.5361261100948537,True,A-A|B-B|B-D|C-C|C-E|D-B
wave,rhombus-ext,78,10,True,14,254,51,51,0,1.6685854919133296,14.025143492978508,23.703915370502788,13.991993526078241,0.8682959544115957,13.991993526078241,1.2434497875801753e-14,5,1,0.013806557006191876,0.0033667354385823237,0.03347176289477824,2.424338151775786,True,True,7.513511730867176e-15,4.351167857633658e-15,6.125373197167204e-15,True,0.05388932771794137,0.41013716395797434,True,A-C|B-A|C-B|C-D|D-A|E-D
base-trapezoid,wave,168,10,True,26,337,115,115,0,2.057778389092076,13.178133477260033,25.369865618194304,12.98088355872378,2.4759257956167655,12.98088355872378,1.2434497875801753e-14,8,1,0.013786745992328382,0.005603018670716088,0.03581267198745993,2.5976160007145883,True,True,8.362472697410618e-15,5.168768049622605e-15,6.573795438263846e-15,True,0.15601957334121971,0.4759218661878611,True,A-A|B-C|B-D|C-C|D-B|E-E
wave,central-parallelepiped,168,10,True,52,560,92,92,0,1.579535844712601,13.809597106758098,23.16912632655802,13.766969056033027,1.101105498926099,13.766969056033027,1.4210854715202004e-14,9,1,0.013638363892264324,0.003419306998365431,0.03310764248567604,2.4323065689694965,True,True,1.2932072993408848e-14,7.32410687763558e-15,1.0658141036401503e-14,True,0.4782024236064767,0.3676539667191418,True,A-C|B-A|C-C|C-D|D-B|E-E
trapezoid-ext,wave,78,10,True,6,108,60,60,0,9.358648289538213,13.533704820100322,24.836357293921093,13.491270049845046,1.1820281128848293,13.491270049845046,1.2434497875801753e-14,4,1,0.013623993812286852,0.000974340189260592,0.03361944706195882,2.467664586843763,True,True,7.199940895823605e-15,6.5715721465439665e-15,2.941698221456567e-15,True,0.07793765126916138,0.4653064871098684,True,A-B|A-C|B-D|C-A|D-C|D-E
wave,rectangle-opposite,78,10,True,22,207,47,47,0,2.8175577517663566,13.671534355613213,23.052259247088102,13.616736531814286,1.1982722538964827,13.616736531814286,1.2434497875801753e-14,5,1,0.013404056201870088,0.006590492339463758,0.03221985373295161,2.414698416376224,True,True,6.829451004377462e-15,4.741575244451873e-15,4.915166856007381e-15,True,0.20497734473063722,0.3676539667191418,True,A-D|B-A|C-A|C-C|D-B|E-D
parallelepiped-int,parallelepiped-int,34,10,True,18,34,14,14,0,9.241473042814352,14.014362172544427,21.981374785620144,13.943365441047273,1.1815447981573042,13.943365441047273,1.509903313490213e-14,1,1,0.013390802704216909,0.0028079806879396777,0.032307945166342014,2.420885390060251,True,True,3.9711393477036506e-15,3.2250930848436477e-15,2.3170503475267554e-15,True,0.15481843473721352,0.4657593743306056,True,A-C|B-A|B-B|C-B|C-C|D-D
arrow,rhombus-int,78,10,True,6,508,50,50,0,1.5369257237719918,13.70718137578217,23.42802079473919,13.653134577401001,1.1097391772495473,13.653134577401001,1.4210854715202004e-14,15,1,0.013301282826311982,0.0033565579654988445,0.03213689321191203,2.424848889951177,True,True,8.43769498715119e-15,5.9580819677934555e-15,5.9746092726847654e-15,True,0.18739250944308322,0.49735129699233444,True,A-A|B-C|C-B|C-C|D-B|E-D
trapezoid-int,central-trapezoid,78,10,True,6,275,50,50,0,1.7099622486938086,15.035911741295486,21.951379020988643,14.911288355086395,2.6146569927551133,14.911288355086395,1.9539925233402755e-14,1,1,0.012874508298656587,0.009825568333795965,0.03332677137349067,2.5885859560918694,True,True,1.001787893149471e-14,7.327471962526033e-15,6.831255589163714e-15,True,0.11585177022886682,0.4824672296799091,True,A-D|B-A|B-C|C-B|C-E|D-D
rhombus-ext,pentagon,78,10,True,0,276,58,58,0,1.8137942621189194,13.996187065559395,23.574444790742536,13.851889319251853,1.4031393762812532,13.851889319251853,1.4210854715202004e-14,4,1,0.012868115506655172,0.007226552558300556,0.031007165979307576,2.417622175001406,True,True,1.6740690932352118e-14,1.3440413596937395e-14,9.980281320473729e-15,True,0.1318802345379041,0.3886290146990729,True,A-C|A-E|B-E|C-B|D-A|D-D
rhombus-int,vertical-parallelepiped,180,10,True,40,531,91,91,0,2.411168907454809,13.922595234856297,23.571571284249565,13.781697380482253,1.5806246450478953,13.781697380482253,1.5987211554602254e-14,7,1,0.012677382606125926,0.014036340415549162,0.0284303789736102,2.4169762714769685,True,True,1.1237546710981597e-14,8.702512762939688e-15,7.109762843609142e-15,True,0.1866905329356511,0.4179157688864527,True,A-F|B-A|B-D|C-C|C-E|D-B
wave,trapezoid-int,78,10,True,6,158,57,57,0,2.005454278792845,13.094127625828667,25.155887122409435,12.956775469803192,1.3850728166052308,12.956775469803192,1.4210854715202004e-14,1,1,0.012308074856166251,0.0032868318355714567,0.029816054763875336,2.4224791539139625,True,True,8.073390384088094e-15,4.577566798522238e-15,6.650226650194185e-15,True,0.1914084528163192,0.47512357000631994,True,A-A|B-B|C-C|C-D|D-B|E-C
trapezoid-int,pyramid,180,10,True,16,420,139,139,0,2.020357574806728,13.771159567165114,23.448842831162914,13.569242482505082,2.455153236126649,13.569242482505082,1.5987211554602254e-14,5,1,0.011820858038567361,0.004384790477867012,0.0301710561073766,2.603579834423143,True,True,1.1619214618793721e-14,1.0695084443661336e-14,4.541070039158503e-15,True,0.222356476707348,0.447246773371714,True,A-D|B-A|B-B|C-E|C-F|D-C
triangle,pyramid,90,10,True,8,312,51,51,0,1.9986255310314585,13.032926844490191,25.397993523551662,12.979877010289655,0.8113229593275174,12.979877010289655,1.4210854715202004e-14,9,1,0.011747825915791835,0.0038667403769243255,0.027897210143186645,2.4311616634681665,True,True,9.065576630221499e-15,7.683110495237112e-15,4.811911549103489e-15,True,0.15266076810598836,0.48333701435588255,True,A-D|A-F|B-A|B-C|C-B|C-E
rectangle-opposite,trapezoid-int,34,10,True,8,101,18,18,0,2.317074068036862,12.552398272990668,24.42397299243787,12.068655515547777,2.1304873185663817,12.068655515547777,1.5987211554602254e-14,1,1,0.011350225008844682,0.015108536485853077,0.0270881517234324,2.3865739844209175,True,True,9.203483687091437e-15,4.0860338997663425e-15,8.24672292177435e-15,True,0.06693180894676432,0.3926817942954417,True,A-B|A-D|B-B|C-C|D-A|D-C
hexagon,parallelepiped-ext,180,10,True,24,535,117,117,0,1.7548449750530055,13.737358288880234,23.298525505243614,13.639883222480602,1.6256141906072379,13.639883222480602,1.2434497875801753e-14,7,1,0.011288689070324143,0.009962648324895212,0.024985364425477382,2.408795179426862,True,True,1.2297442852934783e-14,1.0187468421700229e-14,6.887858003621838e-15,True,0.06141527041210131,0.4472121987926965,True,A-A|B-D|C-A|D-B|E-D|F-C
trapezoid-int,horizzontal-parallelepiped,180,10,True,13,551,131,131,0,1.9999220545541165,14.55274578100539,21.762582096551654,13.578875631404035,2.8566342205182593,13.578875631404035,1.9539925233402755e-14,3,1,0.011248490972737387,0.010091960711802463,0.028946575644474243,2.5860015879560234,True,True,4.699798436761765e-15,3.972054645195637e-15,2.5121479338940403e-15,True,0.10750573935116702,0.4446994208396341,True,A-C|B-B|B-D|C-A|C-F|D-E
trapezoid-ext,trapezoid-ext,34,10,True,16,72,10,10,0,9.368870040572341,14.313476119111526,23.933173342823512,14.279450102525544,1.2068495137702004,14.279450102525544,1.1546319456101628e-14,5,1,0.01112063828156213,0.0008720471161526856,0.026672189349268436,2.4669737412038226,True,True,9.433629782339637e-15,7.707858776888524e-15,5.438959822042073e-15,True,0.13619808863092372,0.5536438120795294,True,A-A|A-D|B-B|C-A|D-C|D-D
cross,trapezoid-ext,78,10,True,0,309,59,59,0,9.231846160673571,14.004244430126976,24.0070279658436,13.977357856426451,1.214041952868873,13.977357856426451,1.4210854715202004e-14,9,1,0.010964173071386215,0.0009838225384168108,0.027085774777321076,2.4705473016630837,True,True,6.023919126296978e-15,4.070144838902081e-15,4.440892098500626e-15,True,0.16743896231077318,0.5977269844801592,True,A-B|B-D|C-A|D-A|D-D|E-C
triangle,two-triangles,90,10,True,8,375,47,47,0,1.613577989777216,14.031414269135276,23.821075743679028,13.965675376973707,0.9449861491672857,13.965675376973707,1.4210854715202004e-14,17,1,0.010737373843908113,0.0015943302337682408,0.02592355730413605,2.422285000854612,True,True,7.203818584615318e-15,6.114520186815061e-15,3.8088902694984756e-15,True,0.07449841166953249,0.4789466625014645,True,A-A|A-B|B-D|B-E|C-C|C-F
wave,central-trapezoid,168,10,True,14,509,115,115,0,1.52239601156357,14.048121247887806,23.85434515753662,13.970206066769297,1.1433235096173597,13.970206066769297,1.4210854715202004e-14,13,1,0.010702024372490472,0.0019067138762221016,0.02597410172565144,2.4270269643954285,True,True,8.99901509464076e-15,6.3176104498064234e-15,6.408593517931132e-15,True,0.1724944666244399,0.4361681820504353,True,A-B|B-A|C-D|C-E|D-C|E-D
parallelepiped-ext,pyramid,180,10,True,8,594,135,135,0,2.0994943182043992,12.787794959538386,25.297220238213555,12.603142891798802,1.5247982091643775,12.603142891798802,1.2434497875801753e-14,19,1,0.010345977577868613,0.004847267398093113,0.02351868211683372,2.5159313040877698,True,True,5.477297556523955e-15,2.728670952130552e-15,4.749225553466821e-15,True,0.10988696996970551,0.42827695480702754,True,A-A|A-F|B-D|C-C|D-B|D-E
trapezoid-int,arrow,78,10,True,8,222,53,53,0,2.887873337322803,14.666646779491717,21.019277151256734,13.592849218583236,2.3675178378638257,13.592849218583236,1.5987211554602254e-14,14,1,0.01022174638726437,0.002895135023644803,0.026580917309126057,2.6004281755849616,True,True,1.0028946376149341e-14,8.747542958250513e-15,4.905125646631375e-15,True,0.20450958433659883,0.447246773371714,True,A-C|B-A|B-B|C-C|C-D|D-E
pyramid,3X2,720,10,True,30,2008,560,560,0,1.6073106494457392,15.235346344234099,22.24097383748402,15.028413884846467,2.5938010353683794,15.028413884846467,1.5987211554602254e-14,12,1,0.009764016795462889,0.010296855214674642,0.023036509259391224,2.538583847453467,True,True,1.2210434516706244e-14,9.607118501968132e-15,7.53644380168212e-15,True,0.07832082483406957,0.3846245126357791,True,A-E|B-B|C-F|D-D|E-C|F-A
rhombus-ext,base-trapezoid,78,10,True,18,187,41,41,0,2.629181921146725,15.029881736972472,21.546202506332843,14.977039721636919,1.3678942563416316,14.977039721636919,1.2434497875801753e-14,12,1,0.008831204459023235,0.006586447451539806,0.02128110536938948,2.414559289285711,True,True,6.044346174157144e-15,2.5219419200973697e-15,5.4930801582266845e-15,True,0.20220915192283145,0.4633533918727237,True,A-B|A-D|B-C|C-A|D-B|D-E
hexagon,trapezoid-int,180,10,True,12,422,138,138,0,2.1332228363427967,12.950160398758527,25.367120603187168,12.824691681371139,1.6337044570467913,12.824691681371139,1.5987211554602254e-14,10,1,0.008288753304879447,0.0023972017006043842,0.020134574692618465,2.4291439197213873,True,True,9.21150645214099e-15,7.742959950613002e-15,4.989831893063952e-15,True,0.21437799157277546,0.43681708651280743,True,A-B|B-D|C-A|D-B|E-C|F-C
vertical-parallelepiped,trapezoid-int,180,10,True,28,598,109,109,0,1.5963552142860882,12.758322619296838,25.39165352677694,12.581916433672376,1.596870310028006,12.581916433672376,1.4210854715202004e-14,16,1,0.007540761766514264,0.005127941342090091,0.018259535538442357,2.4214444248227287,True,True,7.404351879216238e-15,5.9604848024695686e-15,4.392840501404797e-15,True,0.12466421747600853,0.43871064769360363,True,A-D|B-C|C-B|D-C|E-A|F-B
pentagon,triangle,36,10,True,0,167,25,25,0,9.167853782018033,13.771239425853182,24.013931452137196,13.735258739956937,0.9913250274235272,13.735258739956937,1.5987211554602254e-14,3,1,0.007338285237193077,0.0030782996490680823,0.01726353469133061,2.422276332469021,True,True,8.70870716386846e-15,6.362265728429862e-15,5.946692800781008e-15,True,0.14053705912792136,0.45136136748048733,True,A-C|B-A|C-C|D-B|E-A|E-B
trapezoid-int,2X3,180,10,True,60,174,109,109,0,1.7289640709024352,14.439819835707004,21.05983186051708,13.738141888725917,2.742756930998362,13.738141888725917,1.7763568394002505e-14,9,1,0.0070539760675083895,0.0034120010331890726,0.018305824910323565,2.595107317508884,True,True,2.835910261134371,2.814656102276664,0.346551634138343,True,0.2707421189171101,0.4446994208396341,True,A-B|B-D|B-E|C-A|C-F|D-C
base-trapezoid,trapezoid-ext,78,10,True,14,104,56,56,0,1.6220414938654548,13.027661732708985,23.869553085988247,12.999066914404114,2.2874333106848566,12.998469178208586,1.4210854715202004e-14,5,1,0.006971277631366542,0.0010171979704499852,0.018154477901830165,2.6078939520109556,True,True,1.0141820722807157e-14,7.414474387650951e-15,6.919689091890526e-15,True,0.1637820983972917,0.5298130983811192,True,A-A|B-A|B-C|C-D|D-B|E-D
base-trapezoid,triangle,36,10,True,6,85,25,25,0,1.6922848065256608,13.090285620582048,24.696008502524858,12.974179019727877,2.2152893987779296,12.974179019727877,1.0658141036401503e-14,4,1,0.006559517808487664,0.0011143848656044648,0.01707740057499029,2.608074282057779,True,True,8.376299794420253e-15,8.266503245917838e-15,1.3517848686956847e-15,True,0.37343263566395823,0.5203922556056874,True,A-B|B-B|B-C|C-A|D-C|E-A
pyramid,trapezoid-int,180,10,True,16,409,136,136,0,2.0876137106863433,13.944655952179321,23.58648418590088,13.769921963168276,2.755060599310922,13.769921963168276,1.5987211554602254e-14,7,1,0.006005064531806458,0.0040698700557315354,0.015202938351068772,2.5316860910561085,True,True,6.705600017716362e-15,6.4047456679787536e-15,1.9860273225978185e-15,True,0.14042820402256073,0.4828768357435626,True,A-A|B-B|C-C|D-C|E-D|F-B
base-trapezoid,parallelepiped-int,78,10,True,8,145,61,61,0,1.9433935326021596,12.851028674229754,25.404115751649556,12.75238542745596,2.396346727088376,12.75238542745596,1.2434497875801753e-14,7,1,0.005389254591256574,0.0012526096863473997,0.013977198437335128,2.593530923555082,True,True,1.389889072028268e-14,1.1044518326765213e-14,8.437877587646513e-15,True,0.3798039057776499,0.4657593743306056,True,A-C|B-A|B-B|C-B|D-C|E-D
arrow,parallelepiped-ext,78,10,True,6,255,58,58,0,1.8207749005172957,13.551617529980268,23.47592949845824,13.417075905249929,1.6617262502470334,13.417075905249929,1.2434497875801753e-14,13,1,0.00523547104624275,0.001717187401616822,0.012598758942749652,2.4141532834585053,True,True,1.0436096431476471e-14,6.408593517931132e-15,8.236627820231227e-15,True,0.21983953432605138,0.4499078879065762,True,A-B|B-A|C-A|C-D|D-C|E-D
trapezoid-int,triangle,15,10,True,3,14,11,11,0,9.591360534999962,15.218971573832988,20.889422305645784,14.955684979117395,2.485540554452653,14.955684979117395,1.2434497875801753e-14,1,1,0.004081027286837833,0.0008888519929514026,0.010650974755431654,2.6098758981061643,True,True,9.325873406851315e-15,6.4047456679787536e-15,6.778727589240029e-15,True,0.232027272422633,0.5447889932147856,True,A-B|B-B|B-C|C-A|C-C|D-A
base-trapezoid,parallelepiped-ext,78,10,True,0,203,64,64,0,2.9700623693602117,12.890498747391383,25.306646171576237,12.763772453600456,2.353452736325552,12.763772453600456,1.4210854715202004e-14,10,1,0.0036112469466167817,0.00360976063034126,0.008622947965066111,2.605792847069582,True,True,1.1395628786729771e-14,9.750799029524171e-15,5.897649848098369e-15,True,0.07664380467915737,0.4652866157331114,True,A-A|B-A|B-C|C-D|D-B|E-D
rectangle-same,base-trapezoid,78,10,True,18,144,48,48,0,1.6511289851584792,13.587868515875765,22.250904858935332,13.453922931676624,2.5638523065788434,13.452787517343946,1.7763568394002505e-14,11,1,0.002993126425548041,0.004708461717247694,0.007672084990083435,2.6015375207838907,True,True,1.0175362097255202e-14,6.936895214610187e-15,7.444291678311382e-15,True,0.11188183245892332,0.4668891668184871,True,A-A|A-B|B-D|C-B|C-E|D-C
triangle,base-trapezoid,36,10,True,6,62,25,25,0,1.9129024521611855,14.51560689148334,20.927765244404313,14.488204186406048,0.7014829601338979,14.488204186406048,1.4210854715202004e-14,5,1,0.0029098138537759686,0.000733354870838274,0.007049299616002343,2.4269028441305376,True,True,7.122753468078643e-15,4.379404155611337e-15,5.617333549722722e-15,True,0.08942109227275438,0.483970554010485,True,A-B|A-C|B-B|B-D|C-A|C-E
trapezoid-int,parallelepiped-int,34,10,True,6,69,21,21,0,1.989702849026295,15.127732721750869,20.84852381585592,15.074643400325956,2.19948841158479,15.074643400325956,1.5987211554602254e-14,7,1,0.0028591989356188696,0.0012209389634203975,0.007394042416029695,2.5872902377068243,True,True,7.666168367507028e-15,4.7207330545682824e-15,6.0402662910232525e-15,True,0.25664560771927963,0.4652866157331114,True,A-B|B-A|B-C|C-B|C-C|D-D
trapezoid-int,hexagon,180,10,True,12,464,135,135,0,1.90809409863095,14.902069911511319,21.605931057220356,13.919693376192036,2.3358593199698534,13.919693376192036,1.5987211554602254e-14,6,1,0.0018318514542226474,0.0029797449859444484,0.004590818679771604,2.598838480687585,True,True,1.087727837412085e-14,3.058393744184169e-15,1.0438458340849585e-14,True,0.06265859274247343,0.4579559407757837,True,A-E|B-B|B-C|C-D|C-F|D-A
two-triangles,parallelepiped-ext,180,10,True,28,489,131,131,0,1.9224885125526974,13.68392429854278,23.977785316062008,13.562532797408961,1.129220269901561,13.562532797408961,1.2434497875801753e-14,15,1,0.0014097923087006635,0.0005333937064560294,0.0034114703392442926,2.425921015712717,True,True,5.9549779915641415e-15,3.361978235744516e-15,4.915166856007381e-15,True,0.25928003885266604,0.483783135624614,True,A-A|B-C|C-A|D-B|E-D|F-D
rectangle-same,trapezoid-int,34,10,True,10,78,18,18,0,3.1149986433601753,11.367263581851747,26.06926885578786,10.646521438825385,2.683264096057144,10.636717776688176,1.4210854715202004e-14,4,1,0.001319924319672318,0.0023418156462277216,0.0029499776645723515,2.5728196393978218,True,True,3.0566964154969775e-14,2.411461609956291e-14,1.8783625529218487e-14,True,0.06620274516316707,0.3844888679056581,True,A-B|A-D|B-C|C-B|C-C|D-A
trapezoid-int,wave,78,10,True,6,155,57,57,0,1.9975306204808216,15.30410064126862,21.45196110867254,14.070532602508337,2.4649982526840617,14.070532602508337,1.5987211554602254e-14,11,1,0.0010739149270695971,0.00041918157247435023,0.002695475555417256,2.5981431807281754,True,True,3.977094095852333e-14,3.219034176293217e-14,2.33561478397439e-14,True,0.22564067461524467,0.5174248366170574,True,A-A|B-B|B-C|C-D|C-E|D-C
parallelepiped-ext,central-parallelepiped,78,10,True,18,214,46,46,0,1.8786479774399785,13.80393532039481,23.341363524115444,13.552509202875816,1.9048513096592834,13.552509202875816,1.4210854715202004e-14,12,1,0.0005978641193596883,0.0002284279592916706,0.0014921165782902607,2.4957453206730578,True,True,1.262448558341462e-14,1.0795027944893304e-14,6.5456098199339845e-15,True,0.39628961119925693,0.49573600680125657,True,A-A|A-B|B-D|C-C|D-C|D-E
rhombus-int,triangle,15,10,True,0,81,9,9,0,9.179029940621348,14.016541319740961,23.08151377628374,14.002605096786068,0.8492724576266796,14.002605096786068,1.4210854715202004e-14,6,1,0.00026201600129871814,0.00014090874838749217,0.0006217401724715798,2.4266014391049375,True,True,1.2026917457545153e-14,1.0610000501155473e-14,5.6634470860144e-15,True,0.21285120955885786,0.45763061220724666,True,A-C|B-A|B-B|C-A|C-C|D-B
triangle,wave,36,10,True,2,64,27,27,0,1.6460823103932765,14.449350449666289,23.910374952069613,14.32082466350635,0.9856683959253132,14.32082466350635,1.2434497875801753e-14,7,1,8.837853464091089e-05,1.8256938423376092e-05,0.00021291386449190155,2.4377109878852172,True,True,9.16858714375416e-15,8.379058453350832e-15,3.722145839155691e-15,True,0.3632135206089583,0.5502953648788628,True,A-B|A-C|B-A|B-C|C-D|C-E
rhombus-int,trapezoid-int,34,10,True,0,193,25,25,0,2.26712804994514,12.648880434870177,25.074178114817844,12.480583250849099,1.3934801484650539,12.480583250849099,1.4210854715202004e-14,9,1,2.4269691874063288e-05,1.7140439297432343e-05,5.7585071176365086e-05,2.409704528526263,True,True,3.903187957565046e-15,2.5219419200973697e-15,2.9790409838967277e-15,True,0.09226581586328261,0.41427204311211313,True,A-B|B-C|B-D|C-A|C-C|D-B
line,line,6,10,False,6,0,0,0,0,,,,,,,,0,0,,,,,,,,,,,,,,
line,diagonal,6,10,False,6,0,0,0,0,,,,,,,,0,0,,,,,,,,,,,,,,
line,triangle,6,10,False,6,0,0,0,0,,,,,,,,0,0,,,,,,,,,,,,,,
line,rectangle-same,15,10,False,15,0,0,0,0,,,,,,,,0,0,,,,,,,,,,,,,,
line,rectangle-opposite,15,10,False,15,0,0,0,0,,,,,,,,0,0,,,,,,,,,,,,,,
line,rhombus-ext,15,10,False,15,0,0,0,0,,,,,,,,0,0,,,,,,,,,,,,,,
line,rhombus-int,15,10,False,15,0,0,0,0,,,,,,,,0,0,,,,,,,,,,,,,,
line,parallelepiped-ext,15,10,False,15,0,0,0,0,,,,,,,,0,0,,,,,,,,,,,,,,
line,parallelepiped-int,15,10,False,15,0,0,0,0,,,,,,,,0,0,,,,,,,,,,,,,,
line,trapezoid-ext,15,10,False,15,0,0,0,0,,,,,,,,0,0,,,,,,,,,,,,,,
line,trapezoid-int,15,10,False,15,0,0,0,0,,,,,,,,0,0,,,,,,,,,,,,,,
line,pentagon,36,10,False,36,0,0,0,0,,,,,,,,0,0,,,,,,,,,,,,,,
line,arrow,36,10,False,36,0,0,0,0,,,,,,,,0,0,,,,,,,,,,,,,,
line,cross,36,10,False,36,0,0,0,0,,,,,,,,0,0,,,,,,,,,,,,,,
line,central-trapezoid,36,10,False,36,0,0,0,0,,,,,,,,0,0,,,,,,,,,,,,,,
line,wave,36,10,False,36,0,0,0,0,,,,,,,,0,0,,,,,,,,,,,,,,
line,base-trapezoid,36,10,False,36,0,0,0,0,,,,,,,,0,0,,,,,,,,,,,,,,
line,central-parallelepiped,36,10,False,36,0,0,0,0,,,,,,,,0,0,,,,,,,,,,,,,,
line,2X3,90,10,False,90,0,0,0,0,,,,,,,,0,0,,,,,,,,,,,,,,
line,two-triangles,90,10,False,90,0,0,0,0,,,,,,,,0,0,,,,,,,,,,,,,,
line,vertical-parallelepiped,90,10,False,90,0,0,0,0,,,,,,,,0,0,,,,,,,,,,,,,,
line,pyramid,90,10,False,90,0,0,0,0,,,,,,,,0,0,,,,,,,,,,,,,,
line,horizzontal-parallelepiped,90,10,False,90,0,0,0,0,,,,,,,,0,0,,,,,,,,,,,,,,
line,3X2,90,10,False,90,0,0,0,0,,,,,,,,0,0,,,,,,,,,,,,,,
line,hexagon,90,10,False,90,0,0,0,0,,,,,,,,0,0,,,,,,,,,,,,,,
diagonal,line,6,10,False,6,0,0,0,0,,,,,,,,0,0,,,,,,,,,,,,,,
diagonal,diagonal,6,10,False,6,0,0,0,0,,,,,,,,0,0,,,,,,,,,,,,,,
diagonal,triangle,6,10,False,6,0,0,0,0,,,,,,,,0,0,,,,,,,,,,,,,,
diagonal,rectangle-same,15,10,False,15,0,0,0,0,,,,,,,,0,0,,,,,,,,,,,,,,
diagonal,rectangle-opposite,15,10,False,15,0,0,0,0,,,,,,,,0,0,,,,,,,,,,,,,,
diagonal,rhombus-ext,15,10,False,15,0,0,0,0,,,,,,,,0,0,,,,,,,,,,,,,,
diagonal,rhombus-int,15,10,False,15,0,0,0,0,,,,,,,,0,0,,,,,,,,,,,,,,
diagonal,parallelepiped-ext,15,10,False,15,0,0,0,0,,,,,,,,0,0,,,,,,,,,,,,,,
diagonal,parallelepiped-int,15,10,False,15,0,0,0,0,,,,,,,,0,0,,,,,,,,,,,,,,
diagonal,trapezoid-ext,15,10,False,15,0,0,0,0,,,,,,,,0,0,,,,,,,,,,,,,,
diagonal,trapezoid-int,15,10,False,15,0,0,0,0,,,,,,,,0,0,,,,,,,,,,,,,,
diagonal,pentagon,36,10,False,36,0,0,0,0,,,,,,,,0,0,,,,,,,,,,,,,,
diagonal,arrow,36,10,False,36,0,0,0,0,,,,,,,,0,0,,,,,,,,,,,,,,
diagonal,cross,36,10,False,36,0,0,0,0,,,,,,,,0,0,,,,,,,,,,,,,,
diagonal,central-trapezoid,36,10,False,36,0,0,0,0,,,,,,,,0,0,,,,,,,,,,,,,,
diagonal,wave,36,10,False,36,0,0,0,0,,,,,,,,0,0,,,,,,,,,,,,,,
diagonal,base-trapezoid,36,10,False,36,0,0,0,0,,,,,,,,0,0,,,,,,,,,,,,,,
diagonal,central-parallelepiped,36,10,False,36,0,0,0,0,,,,,,,,0,0,,,,,,,,,,,,,,
diagonal,2X3,90,10,False,90,0,0,0,0,,,,,,,,0,0,,,,,,,,,,,,,,
diagonal,two-triangles,90,10,False,90,0,0,0,0,,,,,,,,0,0,,,,,,,,,,,,,,
diagonal,vertical-parallelepiped,90,10,False,90,0,0,0,0,,,,,,,,0,0,,,,,,,,,,,,,,
diagonal,pyramid,90,10,False,90,0,0,0,0,,,,,,,,0,0,,,,,,,,,,,,,,
diagonal,horizzontal-parallelepiped,90,10,False,90,0,0,0,0,,,,,,,,0,0,,,,,,,,,,,,,,
diagonal,3X2,90,10,False,90,0,0,0,0,,,,,,,,0,0,,,,,,,,,,,,,,
diagonal,hexagon,90,10,False,90,0,0,0,0,,,,,,,,0,0,,,,,,,,,,,,,,
triangle,line,6,10,False,6,0,0,0,0,,,,,,,,0,0,,,,,,,,,,,,,,
triangle,diagonal,6,10,False,6,0,0,0,0,,,,,,,,0,0,,,,,,,,,,,,,,
triangle,triangle,6,10,False,3,18,1,1,0,9.34593836659183,14.380680790554877,23.63340949514226,14.34282661765914,1.0347428904917741,14.34282661765914,8.881784197001252e-15,2,0,,,,,,,,,,,,,,
triangle,rectangle-same,15,10,False,3,46,8,8,0,2.6559252223928866,14.984108315120645,20.614423813427855,14.981776945430017,1.4107556459670922,14.981776945430017,1.5987211554602254e-14,4,0,,,,,,,,,,,,,,
triangle,rhombus-ext,15,10,False,1,69,9,9,0,9.195153547465997,14.074633829770224,23.38467276791018,14.055434358849256,0.648477218014285,14.055434358849256,1.4210854715202004e-14,5,0,,,,,,,,,,,,,,
triangle,rhombus-int,15,10,False,0,109,10,10,0,9.165367023142789,13.919764837644983,23.287858332953906,13.897135142986837,0.5778178141809224,13.897135142986837,1.2434497875801753e-14,5,0,,,,,,,,,,,,,,
triangle,parallelepiped-ext,15,10,False,2,26,11,11,0,9.15362081792067,13.923854298915256,22.761814008497925,13.909839649220853,0.919791484928997,13.909839649220853,1.2434497875801753e-14,2,0,,,,,,,,,,,,,,
triangle,parallelepiped-int,15,10,False,2,27,10,10,0,9.231664481727336,14.001353286786854,23.235420855262298,14.000875664327966,0.3292177771879554,14.000875664327966,1.7763568394002505e-14,3,0,,,,,,,,,,,,,,
triangle,trapezoid-ext,15,10,False,3,38,8,8,0,9.27717737880791,14.896036701088669,22.82113535463254,14.873785154519162,0.905252099511281,14.873785154519162,1.0658141036401503e-14,4,0,,,,,,,,,,,,,,
triangle,trapezoid-int,15,10,False,3,14,11,11,0,9.605537411157547,13.145020268623382,24.89995452409686,13.095022704684052,0.4603747926974093,13.095022704684052,1.2434497875801753e-14,1,0,,,,,,,,,,,,,,
triangle,pentagon,36,10,False,0,168,25,25,0,9.146666545348836,14.089896011422603,23.53542030768016,14.037283212474257,0.8644705780056062,14.037283212474257,1.2434497875801753e-14,11,0,,,,,,,,,,,,,,
triangle,arrow,36,10,False,0,108,24,24,0,9.215756277392986,14.160408620201629,23.657728874244274,14.064919749623014,0.9916805587384383,14.064919749623014,1.4210854715202004e-14,12,0,,,,,,,,,,,,,,
triangle,cross,36,10,False,2,185,27,27,0,1.6562313951107337,14.571025847320065,22.877938318920723,14.549780712360624,0.6538218019011302,14.549780712360624,1.2434497875801753e-14,7,0,,,,,,,,,,,,,,
triangle,3X2,90,10,False,6,365,67,67,0,1.8358041042192805,13.981764234236795,24.074101598140018,13.952017204811204,0.8372651779513305,13.952017204811204,1.2434497875801753e-14,17,0,,,,,,,,,,,,,,
triangle,hexagon,90,10,False,18,198,54,54,0,1.9991758446597223,14.110029453421518,24.156517399387695,14.047128258654602,1.0908678785846004,14.047128258654602,1.4210854715202004e-14,18,0,,,,,,,,,,,,,,
rectangle-same,line,15,10,False,15,0,0,0,0,,,,,,,,0,0,,,,,,,,,,,,,,
rectangle-same,diagonal,15,10,False,15,0,0,0,0,,,,,,,,0,0,,,,,,,,,,,,,,
rectangle-same,rectangle-same,34,10,False,19,38,11,11,0,2.940102872967193,13.550217565166033,22.07733746837422,13.376308872180166,3.179692769015425,13.376058315387716,1.2434497875801753e-14,4,0,,,,,,,,,,,,,,
rectangle-same,rectangle-opposite,34,10,False,14,37,16,16,0,4.554239022458051,12.936610784057569,24.988948003175967,12.203709534516884,3.8910896297721167,12.203709534516884,1.2434497875801753e-14,4,0,,,,,,,,,,,,,,
rectangle-same,parallelepiped-int,34,10,False,6,83,22,22,0,2.3216337096932596,12.775596715200798,24.853010310455847,12.567157447530326,2.20963079120321,12.567157447530326,1.2434497875801753e-14,6,0,,,,,,,,,,,,,,
rectangle-same,trapezoid-ext,34,10,False,10,83,17,17,0,1.9445081519061094,12.970330056454484,23.361734323558164,12.884289325371482,2.327081057801006,12.883818314716237,1.4210854715202004e-14,7,0,,,,,,,,,,,,,,
rectangle-opposite,line,15,10,False,15,0,0,0,0,,,,,,,,0,0,,,,,,,,,,,,,,
rectangle-opposite,diagonal,15,10,False,15,0,0,0,0,,,,,,,,0,0,,,,,,,,,,,,,,
rectangle-opposite,triangle,15,10,False,2,52,9,9,0,9.045833870063225,13.863886965470211,22.33146628836086,13.830682922238715,0.8510959737149695,13.830682922238715,1.1546319456101628e-14,4,0,,,,,,,,,,,,,,
rectangle-opposite,rectangle-opposite,34,10,False,18,38,12,12,0,2.9258452772652728,13.905041543017719,21.97101264189888,13.633580199285655,3.109276458515586,13.633580199285655,1.0658141036401503e-14,4,0,,,,,,,,,,,,,,
rectangle-opposite,rhombus-int,34,10,False,10,36,20,20,0,9.188683433727599,13.922477178831269,22.484664895839916,13.850589322879372,2.0853008760015173,13.850589322879372,1.509903313490213e-14,4,0,,,,,,,,,,,,,,
rectangle-opposite,central-trapezoid,78,10,False,12,325,38,38,0,1.8499902974261997,13.706718820134423,23.34141640621962,13.457780415574028,2.039927298869899,13.457780415574028,1.4210854715202004e-14,20,0,,,,,,,,,,,,,,
rhombus-ext,line,15,10,False,15,0,0,0,0,,,,,,,,0,0,,,,,,,,,,,,,,
rhombus-ext,diagonal,15,10,False,15,0,0,0,0,,,,,,,,0,0,,,,,,,,,,,,,,
rhombus-ext,rectangle-opposite,34,10,False,10,36,20,20,0,9.140398929860398,13.727459684627165,22.51511300747467,13.43856846499574,2.0598133745490355,13.43856846499574,1.509903313490213e-14,4,0,,,,,,,,,,,,,,
rhombus-ext,rhombus-int,34,10,False,18,0,16,16,0,,,,,,,,0,0,,,,,,,,,,,,,,
rhombus-ext,parallelepiped-ext,34,10,False,10,33,21,21,0,9.064290266473305,13.661487507137435,22.380090696040206,13.471214049693685,1.463064551312256,13.471214049693685,1.7763568394002505e-14,3,0,,,,,,,,,,,,,,
rhombus-ext,trapezoid-ext,34,10,False,6,91,21,21,0,9.163016814274043,14.681905940979405,22.584603429258472,14.680965579123228,0.5357084973690435,14.680965579123228,1.4210854715202004e-14,7,0,,,,,,,,,,,,,,
rhombus-ext,trapezoid-int,34,10,False,6,96,20,20,0,1.629612249888439,12.878075338433641,24.77377675028057,12.743459975737458,0.7653103439211411,12.733907135538578,1.2434497875801753e-14,8,0,,,,,,,,,,,,,,
rhombus-ext,central-parallelepiped,78,10,False,22,72,48,48,0,9.159832677224811,14.095867479157878,23.18607624482151,13.996759337915694,1.5932715999988072,13.996759337915694,1.4210854715202004e-14,8,0,,,,,,,,,,,,,,
rhombus-ext,3X2,180,10,False,72,325,74,74,0,2.6626398928099944,14.05564778787034,23.586380001182118,13.944900648524655,1.4402624575939806,13.944900648524655,1.5987211554602254e-14,20,0,,,,,,,,,,,,,,
rhombus-int,line,15,10,False,15,0,0,0,0,,,,,,,,0,0,,,,,,,,,,,,,,
rhombus-int,diagonal,15,10,False,15,0,0,0,0,,,,,,,,0,0,,,,,,,,,,,,,,
rhombus-int,rectangle-same,34,10,False,8,73,19,19,0,2.664565701461818,14.910075305497227,21.473119426111673,14.36970191786029,1.464501729078045,14.350508304938177,1.9539925233402755e-14,7,0,,,,,,,,,,,,,,
rhombus-int,rectangle-opposite,34,10,False,10,35,21,21,0,9.188472018623205,13.771822065953339,22.384084280867302,13.623260596366364,0.9791073954415246,13.623260596366364,1.4210854715202004e-14,3,0,,,,,,,,,,,,,,
rhombus-int,rhombus-ext,34,10,False,18,0,16,16,0,,,,,,,,0,0,,,,,,,,,,,,,,
rhombus-int,rhombus-int,34,10,False,18,38,12,12,0,1.521973226326566,14.070545826218913,22.874821663580146,13.960228551290994,1.5554509103654555,13.960228551290994,1.2434497875801753e-14,4,0,,,,,,,,,,,,,,
parallelepiped-ext,line,15,10,False,15,0,0,0,0,,,,,,,,0,0,,,,,,,,,,,,,,
parallelepiped-ext,diagonal,15,10,False,15,0,0,0,0,,,,,,,,0,0,,,,,,,,,,,,,,
parallelepiped-ext,rectangle-opposite,34,10,False,14,68,18,18,0,2.775745778652842,13.517560022622238,21.523121299849393,13.350839565781376,1.9983411977310666,13.350839565781376,1.0658141036401503e-14,2,0,,,,,,,,,,,,,,
parallelepiped-ext,parallelepiped-ext,34,10,False,18,34,14,14,0,9.105986132152596,13.942072078185584,21.85710839918192,13.882455618330388,1.2420855138270293,13.882455618330388,1.2434497875801753e-14,2,0,,,,,,,,,,,,,,
parallelepiped-ext,parallelepiped-int,34,10,False,18,0,16,16,0,,,,,,,,0,0,,,,,,,,,,,,,,
parallelepiped-ext,wave,78,10,False,22,122,46,46,0,9.097785674493155,14.163927876550252,23.267391855102254,14.094810127457572,1.0460392236519487,14.094810127457572,1.4210854715202004e-14,10,0,,,,,,,,,,,,,,
parallelepiped-int,line,15,10,False,15,0,0,0,0,,,,,,,,0,0,,,,,,,,,,,,,,
parallelepiped-int,diagonal,15,10,False,15,0,0,0,0,,,,,,,,0,0,,,,,,,,,,,,,,
parallelepiped-int,triangle,15,10,False,2,25,12,12,0,9.231871799191033,13.962602265378452,23.076899454338434,13.957997028188222,0.3070325680982384,13.957997028188222,1.0658141036401503e-14,1,0,,,,,,,,,,,,,,
parallelepiped-int,parallelepiped-ext,34,10,False,18,0,16,16,0,,,,,,,,0,0,,,,,,,,,,,,,,
parallelepiped-int,trapezoid-ext,34,10,False,6,50,26,26,0,9.16692040017394,14.550344675648613,22.30292830796218,14.521783073448944,0.5728747314154945,14.521783073448944,1.3322676295501878e-14,2,0,,,,,,,,,,,,,,
parallelepiped-int,trapezoid-int,34,10,False,6,66,22,22,0,2.4402784681793523,12.68076308836901,25.04251569046621,12.609234238371094,1.3809459910214636,12.609234238371094,1.5987211554602254e-14,6,0,,,,,,,,,,,,,,
parallelepiped-int,arrow,78,10,False,8,257,59,59,0,1.9474466237422037,13.9191169868507,23.698223395236546,13.721845920058641,1.5236014661265513,13.721845920058641,1.5987211554602254e-14,11,0,,,,,,,,,,,,,,
trapezoid-ext,line,15,10,False,15,0,0,0,0,,,,,,,,0,0,,,,,,,,,,,,,,
trapezoid-ext,diagonal,15,10,False,15,0,0,0,0,,,,,,,,0,0,,,,,,,,,,,,,,
trapezoid-ext,triangle,15,10,False,3,37,8,8,0,9.464819198515274,13.430251607415189,24.65638716701239,13.427446226836741,1.1063233243989203,13.427446226836741,1.2434497875801753e-14,4,0,,,,,,,,,,,,,,
trapezoid-ext,rhombus-ext,34,10,False,6,99,19,19,0,9.337638709497453,13.2201880696227,24.39534069399491,13.198214783245126,1.1979537602022723,13.198214783245126,1.5987211554602254e-14,9,0,,,,,,,,,,,,,,
trapezoid-ext,rhombus-int,34,10,False,0,185,23,23,0,9.368155137352982,13.138915353521831,24.846536248942357,13.092306924938732,1.165542443365678,13.092306924938732,1.2434497875801753e-14,11,0,,,,,,,,,,,,,,
trapezoid-ext,parallelepiped-ext,34,10,False,6,57,24,24,0,1.9156176794642137,13.060383027487012,23.975493002918853,13.005691748748205,1.3481297121027311,13.005691748748205,1.2434497875801753e-14,4,0,,,,,,,,,,,,,,
trapezoid-ext,parallelepiped-int,34,10,False,6,45,25,25,0,9.40445919244567,13.38708655432048,24.328020754141924,13.383490193217101,1.145765346158298,13.383490193217101,1.2434497875801753e-14,3,0,,,,,,,,,,,,,,
trapezoid-ext,trapezoid-int,34,10,False,16,0,18,18,0,,,,,,,,0,0,,,,,,,,,,,,,,
trapezoid-ext,cross,78,10,False,0,320,62,62,0,9.24471079110647,13.961627055118274,24.034056226354714,13.92395654740874,1.186621763604757,13.92395654740874,1.2434497875801753e-14,16,0,,,,,,,,,,,,,,
trapezoid-ext,central-trapezoid,78,10,False,2,218,60,60,0,1.5322935693419344,13.15711400545688,24.793717666238255,13.101998574122955,1.413341470862313,13.101998574122955,1.509903313490213e-14,16,0,,,,,,,,,,,,,,
trapezoid-ext,base-trapezoid,78,10,False,14,109,55,55,0,9.24946245022995,14.483744565683434,22.129381834307395,14.477350758387576,1.2403228658152163,14.477350758387576,1.2434497875801753e-14,9,0,,,,,,,,,,,,,,
trapezoid-ext,central-parallelepiped,78,10,False,12,322,46,46,0,1.5609525264905557,13.029954578479146,24.583532187309956,13.005855917891905,1.2599938611462926,13.005855917891905,1.2434497875801753e-14,20,0,,,,,,,,,,,,,,
trapezoid-ext,3X2,180,10,False,18,678,125,125,0,1.583459369260211,13.144841291199935,25.015151228391055,13.093060173788063,1.2102279948487853,13.093060173788063,1.2434497875801753e-14,20,0,,,,,,,,,,,,,,
trapezoid-ext,hexagon,180,10,False,12,426,129,129,0,1.9303698583996964,13.191059335536607,25.05452442920319,13.139014288679743,1.3845735288614238,13.139014288679743,1.2434497875801753e-14,20,0,,,,,,,,,,,,,,
trapezoid-int,line,15,10,False,15,0,0,0,0,,,,,,,,0,0,,,,,,,,,,,,,,
trapezoid-int,diagonal,15,10,False,15,0,0,0,0,,,,,,,,0,0,,,,,,,,,,,,,,
trapezoid-int,rhombus-ext,34,10,False,6,107,19,19,0,2.037672167228762,15.16913920349625,20.992359343163436,14.928943919676863,2.425084777138154,14.928943919676863,1.2434497875801753e-14,9,0,,,,,,,,,,,,,,
trapezoid-int,parallelepiped-ext,34,10,False,6,65,22,22,0,2.466894620256143,14.960173247360375,21.0536747954264,14.874920747992242,2.146305426396178,14.874920747992242,1.5987211554602254e-14,6,0,,,,,,,,,,,,,,
trapezoid-int,trapezoid-ext,34,10,False,16,0,18,18,0,,,,,,,,0,0,,,,,,,,,,,,,,
pentagon,line,36,10,False,36,0,0,0,0,,,,,,,,0,0,,,,,,,,,,,,,,
pentagon,diagonal,36,10,False,36,0,0,0,0,,,,,,,,0,0,,,,,,,,,,,,,,
arrow,line,36,10,False,36,0,0,0,0,,,,,,,,0,0,,,,,,,,,,,,,,
arrow,diagonal,36,10,False,36,0,0,0,0,,,,,,,,0,0,,,,,,,,,,,,,,
arrow,hexagon,360,10,False,28,729,266,266,0,1.7106993951400287,14.016594453283291,23.857058170072744,13.916631896938839,1.3419144882754928,13.916631896938839,1.4210854715202004e-14,20,0,,,,,,,,,,,,,,
cross,line,36,10,False,36,0,0,0,0,,,,,,,,0,0,,,,,,,,,,,,,,
cross,diagonal,36,10,False,36,0,0,0,0,,,,,,,,0,0,,,,,,,,,,,,,,
cross,rhombus-ext,78,10,False,24,148,38,38,0,1.7958643646077022,13.186490298610337,24.52587705796122,13.086016767450932,1.5498251700620167,13.086016767450932,1.4210854715202004e-14,16,0,,,,,,,,,,,,,,
cross,central-trapezoid,168,10,False,4,694,116,116,0,1.676507254397836,13.126389808224689,24.76527072655602,13.040411792513755,1.4297878480293762,13.040411792513755,1.2434497875801753e-14,20,0,,,,,,,,,,,,,,
central-trapezoid,line,36,10,False,36,0,0,0,0,,,,,,,,0,0,,,,,,,,,,,,,,
central-trapezoid,diagonal,36,10,False,36,0,0,0,0,,,,,,,,0,0,,,,,,,,,,,,,,
central-trapezoid,trapezoid-int,78,10,False,6,251,54,54,0,1.8031312433097437,12.75482009247032,25.647873333827697,12.621004955904509,1.7438247518366945,12.621004955904509,1.4210854715202004e-14,18,0,,,,,,,,,,,,,,
central-trapezoid,base-trapezoid,168,10,False,0,601,122,122,0,1.7194403401950018,14.511703014354557,21.906490660823597,14.511233099757435,1.696771599659447,14.511233099757435,1.4210854715202004e-14,20,0,,,,,,,,,,,,,,
wave,line,36,10,False,36,0,0,0,0,,,,,,,,0,0,,,,,,,,,,,,,,
wave,diagonal,36,10,False,36,0,0,0,0,,,,,,,,0,0,,,,,,,,,,,,,,
wave,triangle,36,10,False,2,64,27,27,0,1.5813573352775443,14.400997422529711,23.996446833478988,14.317922987768782,0.9834951230780841,14.317922987768782,1.509903313490213e-14,7,0,,,,,,,,,,,,,,
wave,parallelepiped-ext,78,10,False,22,104,48,48,0,9.082821940024557,13.736721062081264,23.021438940126362,13.70763248680268,0.9426822485374766,13.70763248680268,1.2434497875801753e-14,8,0,,,,,,,,,,,,,,
wave,parallelepiped-int,78,10,False,18,106,50,50,0,9.23099184982663,13.869158297353705,23.084761511409436,13.838699034156129,0.8022790679213384,13.838699034156129,1.2434497875801753e-14,10,0,,,,,,,,,,,,,,
base-trapezoid,line,36,10,False,36,0,0,0,0,,,,,,,,0,0,,,,,,,,,,,,,,
base-trapezoid,diagonal,36,10,False,36,0,0,0,0,,,,,,,,0,0,,,,,,,,,,,,,,
base-trapezoid,trapezoid-int,78,10,False,14,92,58,58,0,3.175302748720077,13.896814166457482,26.360345126342132,13.543025475565488,2.3302542478667414,13.543025475565488,1.5987211554602254e-14,6,0,,,,,,,,,,,,,,
central-parallelepiped,line,36,10,False,36,0,0,0,0,,,,,,,,0,0,,,,,,,,,,,,,,
central-parallelepiped,diagonal,36,10,False,36,0,0,0,0,,,,,,,,0,0,,,,,,,,,,,,,,
central-parallelepiped,rhombus-ext,78,10,False,22,72,48,48,0,9.153019487532575,14.158796315152312,23.126962590983624,14.078021734261846,1.5880708170341984,14.078021734261846,1.0658141036401503e-14,8,0,,,,,,,,,,,,,,
2X3,line,90,10,False,90,0,0,0,0,,,,,,,,0,0,,,,,,,,,,,,,,
2X3,diagonal,90,10,False,90,0,0,0,0,,,,,,,,0,0,,,,,,,,,,,,,,
2X3,trapezoid-int,180,10,False,60,186,109,109,0,2.0995400991638893,12.650359562015959,25.037497990967196,12.503415265590096,1.7704220836067344,12.503415265590096,1.5987211554602254e-14,11,0,,,,,,,,,,,,,,
two-triangles,line,90,10,False,90,0,0,0,0,,,,,,,,0,0,,,,,,,,,,,,,,
two-triangles,diagonal,90,10,False,90,0,0,0,0,,,,,,,,0,0,,,,,,,,,,,,,,
two-triangles,trapezoid-int,180,10,False,4,581,137,137,0,2.077084810931224,12.82910982475102,25.197302243037022,12.702506687091159,1.4964781782078618,12.702506687091159,1.5987211554602254e-14,20,0,,,,,,,,,,,,,,
vertical-parallelepiped,line,90,10,False,90,0,0,0,0,,,,,,,,0,0,,,,,,,,,,,,,,
vertical-parallelepiped,diagonal,90,10,False,90,0,0,0,0,,,,,,,,0,0,,,,,,,,,,,,,,
pyramid,line,90,10,False,90,0,0,0,0,,,,,,,,0,0,,,,,,,,,,,,,,
pyramid,diagonal,90,10,False,90,0,0,0,0,,,,,,,,0,0,,,,,,,,,,,,,,
horizzontal-parallelepiped,line,90,10,False,90,0,0,0,0,,,,,,,,0,0,,,,,,,,,,,,,,
horizzontal-parallelepiped,diagonal,90,10,False,90,0,0,0,0,,,,,,,,0,0,,,,,,,,,,,,,,
3X2,line,90,10,False,90,0,0,0,0,,,,,,,,0,0,,,,,,,,,,,,,,
3X2,diagonal,90,10,False,90,0,0,0,0,,,,,,,,0,0,,,,,,,,,,,,,,
3X2,rhombus-int,180,10,False,72,198,86,86,0,9.206821766831627,14.191503128879807,23.772962781069378,14.177614146988814,0.9271178101923128,14.177614146988814,1.5987211554602254e-14,20,0,,,,,,,,,,,,,,
3X2,trapezoid-ext,180,10,False,18,677,120,120,0,1.7487305402877673,14.628896125495917,23.210450682028576,14.576115790250135,0.8105324278790919,14.576115790250135,1.4210854715202004e-14,20,0,,,,,,,,,,,,,,
hexagon,line,90,10,False,90,0,0,0,0,,,,,,,,0,0,,,,,,,,,,,,,,
hexagon,diagonal,90,10,False,90,0,0,0,0,,,,,,,,0,0,,,,,,,,,,,,,,
hexagon,triangle,90,10,False,18,198,54,54,0,1.9989370135521074,14.162563470603285,24.1370356540729,14.094030878616032,1.0959709864778882,14.094030878616032,1.3322676295501878e-14,18,0,,,,,,,,,,,,,,
