pay_layout,gnd_layout,n_routings_checked,n_poses_checked,feasible,n_wcc_fail,n_wfc_fail,n_ifc_fail,n_ifc_fail_cable_cable,n_ifc_fail_exit_angle,wfc_fail_residual_min,wfc_fail_residual_median,wfc_fail_residual_max,wfc_fail_residual_force_median,wfc_fail_residual_moment_median,wfc_fail_residual_force_lateral_median,wfc_fail_residual_force_vertical_median,n_wfc_verify_attempted,n_wfc_verify_rescued,conditioning_index,manipulability,sigma_min,sigma_max,rank_ok,wfc_ok,max_wfc_residual,max_wfc_residual_force,max_wfc_residual_moment,ifc_ok,min_cable_cable_dist,min_exit_angle_margin,wfc_rescued_by_reposition,best_routing
pentagon,rectangle-same,78,10,True,0,400,42,42,0,2.5441483233917346,14.418473666258205,22.34058763118284,14.078761419533048,2.5060938084521167,14.078634595333785,0.0026293851163945448,2,1,0.0831813363592999,0.07207353363086383,0.20053977595791778,2.4108746593309194,True,True,7.900378338065873e-15,5.196619567088054e-15,5.950724574330261e-15,True,0.17899285817858254,0.3503071239504709,True,A-D|B-A|C-B|D-C|E-A|E-C
two-triangles,pentagon,360,10,True,0,1290,249,249,0,1.6688918941442317,14.024504076000511,24.01593243380264,13.807301128034059,1.867124271262019,13.807278424774534,0.0010499663834755424,1,1,0.08182541487084713,0.04291501755928883,0.19786888161803753,2.4181836649450896,True,True,5.0242958677880805e-15,3.972054645195637e-15,3.076740298213702e-15,True,0.08362358299111744,0.4331407140208836,True,A-E|B-A|C-C|D-D|E-B|F-E
two-triangles,rectangle-same,180,10,True,6,790,110,110,0,1.9615592331829663,14.422482989830009,21.82923005607321,13.663500922499736,2.1077862556093407,13.66350092123644,0.0011565801724682245,2,1,0.07929366181677094,0.07403124162695397,0.18929262055138615,2.3872351990603864,True,True,1.4259884493230333e-14,8.888027007547732e-15,1.11511112304278e-14,True,0.09819260648924258,0.32651322683833955,True,A-D|B-C|C-A|D-A|E-C|F-B
rhombus-int,rectangle-same,34,10,True,8,74,19,19,0,2.0544198836286545,14.875648731141915,21.473863635504117,14.762624863269604,1.8455905662247316,14.762592333194576,0.0019612969749509546,1,1,0.07730757313581761,0.05214091184106792,0.18632873124041832,2.410226109582656,True,True,8.203639191033915e-15,3.58724037616909e-15,7.377764055609925e-15,True,0.21208042512686553,0.4633533918727237,True,A-B|B-A|B-C|C-A|C-C|D-D
rhombus-ext,2X3,180,10,True,52,301,97,97,0,1.8447977789740162,13.863595957694152,23.12338086133664,13.681121169986831,1.6289660385734457,13.681121169665996,0.0013332097303386803,2,1,0.07643206855689902,0.04050936415116719,0.18540820276268902,2.425790721922748,True,True,6.296051182078799e-15,1.7763568394002505e-15,6.0402662910232525e-15,True,0.23992542840060163,0.4475031594694418,True,A-A|A-D|B-C|C-F|D-B|D-E
parallelepiped-int,2X3,180,10,True,52,342,102,102,0,2.228098213541097,13.72128610411212,22.414474263435476,13.592970242780751,1.8943529050000465,13.592954260987995,0.0012821246765994943,2,1,0.07562272650157041,0.034238464888374565,0.18242541991859773,2.4123094783525083,True,True,1.3586517280808823e-14,1.2716779685529958e-14,4.782987168225453e-15,True,0.33932627231088497,0.3914966099903299,True,A-A|B-C|B-E|C-D|C-F|D-B
parallelepiped-int,rectangle-opposite,34,10,True,14,84,16,16,0,8.81812287448807,13.308440090930777,21.66397071746895,13.209831883915012,1.5917476717014367,13.209831345052525,0.0011949046743930936,1,1,0.07415316916327826,0.032461400254312454,0.1774213760701493,2.3926337616061186,True,True,2.4956075105512662e-14,2.174223763676801e-14,1.2250746394334408e-14,True,0.06381402746950593,0.4431883781158899,True,A-B|B-A|B-D|C-A|C-C|D-D
vertical-parallelepiped,pentagon,360,10,True,0,1707,242,242,0,1.730209811831316,13.896515490662088,23.65509771490401,13.692495919690687,1.908062998647659,13.692495304036733,0.0009049926664683738,1,1,0.07269484304189201,0.04464038851492533,0.17348764992230276,2.3865193549193946,True,True,9.329171936171834e-15,8.297008158848376e-15,4.265337574760008e-15,True,0.05737978451658931,0.47076339333202394,True,A-B|B-C|C-D|D-E|E-E|F-A
rectangle-opposite,pyramid,180,10,True,10,541,122,122,0,2.050029407464921,12.75822338169306,25.44913016314392,12.490023990256123,1.9952222371772588,12.489995398898959,0.0014727175115574198,2,1,0.07232202358695859,0.05985498519177075,0.1729882237959339,2.3919162547759223,True,True,7.68804393986315e-15,1.9929972195927004e-15,7.425226037230266e-15,True,0.07227321763638558,0.4182034220705242,True,A-A|A-E|B-C|C-B|D-D|D-F
base-trapezoid,rectangle-same,78,10,True,18,139,47,47,0,2.778366932410217,15.099897535999151,23.142019826202624,13.349806585532995,6.233177104681613,13.349698475435563,0.03480633887032525,1,1,0.0716834539880307,0.074787634283528,0.18476360155933402,2.5774930096167634,True,True,9.33616829055857e-15,6.87584604462563e-15,6.3155981126285585e-15,True,0.06417136132970501,0.4652866157331114,True,A-B|B-A|B-C|C-D|D-A|E-C
vertical-parallelepiped,rectangle-opposite,180,10,True,28,564,107,107,0,1.8736538380342502,13.606840178839033,23.591589778534455,13.22503444246053,2.6986113735927386,13.225033839472994,0.0014642637732995567,2,1,0.07081517882699628,0.0673873834827506,0.16893695605254863,2.385603748389409,True,True,4.7623262199374884e-15,3.972054645195637e-15,2.6272671962866384e-15,True,0.12466421747600853,0.3926817942954417,True,A-C|B-D|C-D|D-A|E-A|F-B
vertical-parallelepiped,central-parallelepiped,360,10,True,76,965,223,223,0,1.5983891511122157,13.80683546560585,23.81952458107317,13.506921722573114,2.287649830105203,13.506875330997618,0.0009964554208856669,1,1,0.07037160584580698,0.04888918261954693,0.16951181889431358,2.4088098723473106,True,True,1.709204932968185e-14,5.480795063546583e-15,1.6189472992030383e-14,True,0.12466421747600853,0.42339245367800304,True,A-D|B-C|C-E|D-C|E-A|F-B
two-triangles,2X3,720,10,True,72,2311,485,485,0,1.8204519208161112,13.585734815601949,24.111815879067564,13.426194244013894,1.8410180033830563,13.426192299141654,0.0008853368297359054,4,1,0.06940507537410084,0.05925979071250387,0.1666134626129394,2.400594793894753,True,True,1.2011875726339158,0.6695653281123303,0.9972631829361726,True,0.08736623669950835,0.47268283262199534,True,A-D|B-C|C-A|D-E|E-F|F-B
central-parallelepiped,rectangle-same,78,10,True,26,165,35,35,0,1.6480725774518643,14.569518246837871,20.61777931446552,14.32878714797169,2.957372939926029,14.328677136538213,0.0017081742691207324,1,1,0.06909441773567303,0.052825214477683506,0.1669633731731511,2.4164524232896016,True,True,1.9785657032707482e-14,1.6189472992030383e-14,1.1374233532693354e-14,True,0.08546886265131835,0.41981971932396717,True,A-A|B-A|C-B|C-D|D-C|E-C
central-parallelepiped,vertical-parallelepiped,360,10,True,76,1175,172,172,0,1.5557591534324613,13.856512334014289,23.859569370087375,13.545076938265005,2.1916348453680463,13.545076938163628,0.0012964033438187528,2,1,0.06697927896490996,0.04846847538470737,0.16112011695940953,2.4055218188272733,True,True,1.3709343918251743e-14,4.550560269027492e-15,1.2932072993408848e-14,True,0.05964205579867091,0.32651322683833955,True,A-E|B-F|C-B|C-D|D-A|E-C
2X3,2X3,720,10,True,268,511,411,411,0,1.5572989096403849,13.68904796023881,22.435488377609833,13.36336963853594,2.2677473935561454,13.363282816952793,0.0015491782293590717,3,1,0.06577540231846267,0.07386219697870243,0.15715340476142314,2.389242774989631,True,True,6.7441479772189696e-15,4.620532287466606e-15,4.912658477759809e-15,True,0.05199775411844587,0.4633533918727237,True,A-D|B-C|C-F|D-E|E-A|F-B
rectangle-same,pyramid,180,10,True,24,427,118,118,0,2.656176205795645,13.888622946445727,26.914592060749026,12.934082131259936,4.962745724310845,12.934082131259936,0.0204828579989762,1,1,0.06571177367493274,0.07094398788852405,0.17025640365308084,2.59095736017287,True,True,7.28520932163782e-15,5.383891144854114e-15,4.907951813174212e-15,True,0.07967377036950707,0.32651322683833955,True,A-C|A-F|B-D|C-B|C-E|D-A
hexagon,2X3,720,10,True,104,1649,487,487,0,1.5634477283698072,13.675540881893323,23.918249900302843,13.422183457894231,2.116458191956189,13.422181276591337,0.0011870605014205893,1,1,0.06536255322539547,0.048028188123330796,0.15764790999017772,2.411899508370588,True,True,1.0658141036401503e-14,1.03578512786223e-14,2.5121479338940403e-15,True,0.10298084941165159,0.36945378526400835,True,A-F|B-A|C-E|D-B|E-D|F-C
horizzontal-parallelepiped,vertical-parallelepiped,720,10,True,172,1822,441,441,0,1.6289064120057162,13.63576393403477,23.961392179837176,13.401615051585823,2.100200482956259,13.401614657840494,0.0008583556255441493,2,1,0.06526346413074853,0.04950044546399487,0.15713756446656388,2.4077417060141824,True,True,4.442241725123601e-15,2.5510322283995313e-15,3.636721891222372e-15,True,0.05194102651214602,0.36898991146262244,True,A-B|B-D|C-E|D-F|E-A|F-C
rhombus-ext,pentagon,78,10,True,0,276,58,58,0,1.870777237638226,14.017594392842533,23.59650831100534,13.875731256842903,1.5706940426837117,13.875730019100995,0.000685422792646051,1,1,0.0649071822151371,0.03414112964798133,0.1567946364092901,2.4156746766419293,True,True,5.4025784115714076e-15,3.972054645195637e-15,3.66205343881779e-15,True,0.1658594657538295,0.44672992321618066,True,A-B|A-D|B-E|C-A|D-C|D-E
central-parallelepiped,horizzontal-parallelepiped,360,10,True,76,913,214,214,0,1.5273206732433822,13.852415125746518,23.750558999845296,13.536605164601426,2.370531217897979,13.536556703964102,0.0010117876337023546,1,1,0.06476597839471598,0.048127612044988326,0.15583899733278242,2.4061861056590903,True,True,1.1030947132061738e-14,9.565974336450906e-15,5.4930801582266845e-15,True,0.07227372566323872,0.41981971932396717,True,A-E|B-A|C-B|C-D|D-F|E-C
parallelepiped-ext,pyramid,180,10,True,8,598,135,135,0,2.0588000817406695,12.797730925690288,25.2979136035307,12.602390443806588,1.914893119114454,12.602382903190165,0.001285658479354801,1,1,0.06471390855313199,0.024703103065472486,0.15858512696872734,2.507489439809438,True,True,0.35283749614841287,0.07031094386399846,0.3457610010704431,True,0.1292591401277905,0.42827695480702754,True,A-A|A-C|B-E|C-F|D-B|D-D
pyramid,rectangle-opposite,180,10,True,10,555,134,134,0,1.8171848303559623,15.292389257988425,22.361737588254275,14.160931815274798,4.725742246747861,14.160931808828028,0.00927313522840123,1,1,0.06470540973221871,0.0655471271806267,0.1640255060639807,2.5349581548559086,True,True,5.073598511677533e-15,2.8874137452498743e-15,4.171839369083926e-15,True,0.15695969043670036,0.4305510598091942,True,A-D|B-B|C-C|D-A|E-D|F-A
central-trapezoid,rectangle-opposite,78,10,True,12,327,45,45,0,1.6092658902496446,13.585761504053407,23.309727981670484,13.33424974441145,2.30880095226451,13.334231111440713,0.0013488802622010354,1,1,0.06424747168762591,0.0411069064204188,0.15421497910648999,2.4003275935322423,True,True,1.1462634791888e-14,8.086595410413717e-15,8.123975076308213e-15,True,0.10193973891104174,0.4652866157331114,True,A-B|B-D|C-A|D-A|D-C|E-D
vertical-parallelepiped,2X3,720,10,True,112,2180,437,437,0,1.7065828010311153,13.642063922862008,24.11872111865211,13.34024498902728,2.3426711353053724,13.3402252714983,0.001285469438838227,1,1,0.06389868031151848,0.05797058629143092,0.153061754744697,2.3953820955063736,True,True,5.600095788682904e-15,4.728885468085379e-15,2.999785837714906e-15,True,0.1129376939867447,0.42339245367800304,True,A-E|B-B|C-A|D-C|E-F|F-D
parallelepiped-int,horizzontal-parallelepiped,180,10,True,28,610,116,116,0,1.6383676422649676,13.74808840900096,23.267133881052363,13.494005466111078,1.8725445918947248,13.493995445764966,0.0011265343429975871,1,1,0.06376227410366707,0.022086286735304998,0.1540741143102765,2.416383613604764,True,True,7.613127223314164e-15,4.910148818092704e-15,5.8180877187053525e-15,True,0.28151867800683117,0.49625046035832693,True,A-B|B-A|B-F|C-C|C-E|D-D
pentagon,pyramid,360,10,True,1,1362,280,280,0,1.878954996400741,13.005873168903053,25.909163699606786,12.75585323272055,2.1922506340811116,12.755818685464128,0.0017953657459175432,1,1,0.0636271910107221,0.03735121583029562,0.15413052012285774,2.422400198319057,True,True,6.218302073673441e-15,3.542290046519584e-15,5.110720292266022e-15,True,0.08916388554894873,0.4312665152281575,True,A-A|B-B|C-D|D-F|E-C|E-E
vertical-parallelepiped,horizzontal-parallelepiped,720,10,True,172,2001,416,416,0,1.633697224799382,13.739453442301363,23.89106871866905,13.459054358600563,2.127842581083755,13.459054358597404,0.0010537587447778662,3,1,0.0632048773963407,0.04917374859170938,0.15198622382945187,2.4046597365641156,True,True,9.233058163921453e-15,6.504049972323149e-15,6.5533729495489456e-15,True,0.09723058338835644,0.32651322683833955,True,A-F|B-A|C-E|D-B|E-C|F-D
pentagon,2X3,360,10,True,0,1543,229,229,0,1.7533218218079483,13.513447208636338,24.500109424983226,13.153886402069878,2.5067058031608567,13.153886132527985,0.002165764641397061,2,1,0.06267937844365126,0.06366119798417628,0.15066406480182384,2.4037262101644927,True,True,1.3202787893113918e-14,1.0681822614574393e-14,7.759656808217908e-15,True,0.051060516802225384,0.3886873512957292,True,A-A|B-F|C-B|D-E|E-C|E-D
arrow,2X3,360,10,True,68,914,236,236,0,1.6091970821424313,13.698030711463316,23.8269032666304,13.471267852251875,2.1064557023520516,13.471235768367745,0.0013869603362630656,1,1,0.06248668632691786,0.04800938737839526,0.15032688546034728,2.4057426357011003,True,True,1.1254398211123894e-14,6.679816236361857e-15,9.057678187205881e-15,True,0.21693442413639383,0.36898991146262244,True,A-E|B-B|C-A|C-F|D-D|E-C
two-triangles,vertical-parallelepiped,720,10,True,64,2552,507,507,0,1.5645871688464117,13.719065033094765,24.06320351852984,13.539858270130859,1.8137856894725926,13.539844768798517,0.000966334177316952,6,1,0.06248661727958609,0.03562044647823921,0.15016974407774544,2.4032304934324675,True,True,8.589173538689256e-15,5.4978463891955944e-15,6.59905956622068e-15,True,0.07288895336558138,0.4431883781158899,True,A-C|B-D|C-E|D-A|E-F|F-B
hexagon,rectangle-same,180,10,True,20,616,112,112,0,1.9307239287302476,14.628295182230769,22.039634076868772,14.129817956015527,2.224913939584934,14.129481350114837,0.0015277690285024903,1,1,0.061604159193822124,0.0417988690366025,0.14687758731781395,2.39907368920932,True,True,8.255659116144272e-15,4.311326371230795e-15,7.040480975239257e-15,True,0.14865685688088548,0.36945378526400835,True,A-C|B-A|C-D|D-C|E-B|F-A
horizzontal-parallelepiped,base-trapezoid,360,10,True,40,1129,233,233,0,2.263756818413083,14.664705620243431,22.05507821347252,14.53453201943273,1.9481841063656349,14.534529756841032,0.0011903014554324187,3,1,0.06137914328933492,0.04023180874080313,0.14813340840042175,2.413416031275253,True,True,1.112884370092863e-14,6.466036496704424e-15,9.057678187205881e-15,True,0.1495709662609017,0.4341882410243255,True,A-A|B-E|C-B|D-B|E-C|F-D
horizzontal-parallelepiped,pentagon,360,10,True,0,1295,260,260,0,1.664063612668771,13.91693545024611,23.712826267380432,13.75215837123391,1.961812442053087,13.752150278359755,0.0012890178861635349,2,1,0.06134500519391002,0.045546529697013255,0.14800053842259983,2.412593135411332,True,True,7.368519249161352e-15,7.202277360712519e-15,1.5563665200168271e-15,True,0.157459819232402,0.3581303928054846,True,A-A|B-E|C-D|D-B|E-C|F-E
arrow,rectangle-opposite,78,10,True,8,435,56,56,0,1.5849696848420638,13.451504796221293,23.38317153856506,13.244701976818051,1.8192611261594676,13.244699897619782,0.0010100690183580951,2,1,0.06122393561010262,0.05658223310342105,0.146827488230366,2.398204015589907,True,True,5.634860374059478e-15,3.9968028886505635e-15,3.972054645195637e-15,True,0.17415604928405728,0.32651322683833955,True,A-A|B-D|C-A|C-D|D-C|E-B
rectangle-opposite,pentagon,78,10,True,0,374,50,50,0,2.2323442738363743,13.778942439410347,23.34155342473389,13.5230400686754,2.125152119987411,13.523020784682961,0.0013169657334772822,1,1,0.06120852105848309,0.07120969408164526,0.1462018944956473,2.388587274571711,True,True,4.0412728104402654e-15,3.447059237218225e-15,2.1094237467877974e-15,True,0.06283121806132218,0.3581303928054846,True,A-A|A-C|B-E|C-D|D-B|D-E
horizzontal-parallelepiped,hexagon,720,10,True,96,1779,495,495,0,1.5332893909367074,13.879972322807104,23.855458108836242,13.766332333017717,1.5297441516613188,13.766332262575252,0.001043855585177056,3,1,0.06102639797517821,0.0312895861059704,0.1476491758230067,2.419431274365256,True,True,1.0626203668158134e-14,8.714770783419688e-15,6.08021172243467e-15,True,0.13717021668898333,0.39300248433366436,True,A-C|B-B|C-F|D-D|E-E|F-A
horizzontal-parallelepiped,rectangle-opposite,180,10,True,28,574,107,107,0,1.7837426304277193,13.584349497019348,23.152039580786106,13.2151461971077,2.6873141043497415,13.215142727337472,0.0015514979190429656,3,1,0.06080716968644633,0.055252385099169105,0.1453223724587434,2.389888778052026,True,True,6.233692545031403e-15,2.5136448447649394e-15,5.7044291861996796e-15,True,0.07463135630357431,0.32651322683833955,True,A-A|B-C|C-D|D-B|E-D|F-A
two-triangles,horizzontal-parallelepiped,720,10,True,72,2641,480,480,0,1.5549796956163173,13.77212878753427,23.843097033138694,13.583831186290931,1.8005792782261443,13.583829488912713,0.0009879461341597562,1,1,0.060506335387291874,0.039124640315953044,0.14592718046380518,2.4117669584473664,True,True,6.691799632605305e-15,3.609505629278167e-15,5.634860374059478e-15,True,0.07593647992733599,0.49625046035832693,True,A-B|B-A|C-F|D-D|E-E|F-C
pyramid,rectangle-same,180,10,True,24,450,121,121,0,2.422525795836776,15.975453460078128,22.615058300174873,15.001828689901197,4.724643903817352,15.001517879632711,0.006024002242448034,1,1,0.06049597055233223,0.0696569947862271,0.1523343739089508,2.5180912467082988,True,True,2.1199882353970868e-14,1.5504315220309675e-14,1.4458603714449024e-14,True,0.1266874534932104,0.32651322683833955,True,A-A|B-D|C-C|D-A|E-B|F-C
2X3,rectangle-same,180,10,True,60,145,106,106,0,3.7071729905965367,14.851433201648184,21.794468065666933,14.686804902996133,2.121249919756862,14.686696728677344,0.001460742990678554,1,1,0.06010550396805678,0.09961943886633136,0.1427548911867941,2.3913096658262196,True,True,8.900556293272466e-15,6.7869654348719805e-15,5.7582117463293314e-15,True,0.1266874534932104,0.32651322683833955,True,A-D|B-A|C-C|D-A|E-C|F-B
arrow,pentagon,168,10,True,0,691,119,119,0,1.9519018376175992,13.957383304847742,23.443826704550037,13.83524848020398,1.7716106698704968,13.835219700146236,0.0010478878706532413,1,1,0.05938039538133976,0.038370800465728584,0.1428241433396467,2.405240693034002,True,True,4.741575244451873e-15,3.820199830714189e-15,2.808666774861361e-15,True,0.1187653942992405,0.3581303928054846,True,A-E|B-C|C-A|C-D|D-E|E-B
2X3,hexagon,720,10,True,104,1501,491,491,0,1.6737940502938535,13.850990901449075,23.833015562630212,13.608853468711443,2.1449042836711105,13.608815672456137,0.0012198852553044759,1,1,0.05922673569679976,0.04802818812333079,0.14283736479945877,2.411704158923903,True,True,8.30077346169473e-15,7.577272143066693e-15,3.3893637946200144e-15,True,0.0781355750194554,0.5113369478280886,True,A-D|B-F|C-B|D-C|E-A|F-E
horizzontal-parallelepiped,horizzontal-parallelepiped,720,10,True,212,1980,356,356,0,1.554430649626134,13.827631793851106,23.478074135602167,13.522510559445587,2.3597975204349657,13.52248974322756,0.0013023420927087415,1,1,0.05888264705170061,0.04793350141189131,0.14134713587079578,2.400488818831277,True,True,9.161190137996766e-15,3.985994439185401e-15,8.248590975149166e-15,True,0.23457637813391888,0.42827695480702754,True,A-C|B-D|C-F|D-E|E-B|F-A
2X3,pentagon,360,10,True,0,1565,257,257,0,1.9992623179260196,13.82664634683995,23.860833384604074,13.549919229033009,2.16301901834691,13.549918936558157,0.0010916519350505638,1,1,0.058860682426734624,0.06413601761229497,0.14129340632976717,2.400471766626876,True,True,7.160723346098895e-15,5.329070518200751e-15,4.782987168225453e-15,True,0.0888732057210834,0.3581303928054846,True,A-A|B-C|C-E|D-E|E-D|F-B
two-triangles,pyramid,720,10,True,2,2866,527,527,0,1.7528615041031614,12.878212960249032,25.737584845559258,12.72196898632761,1.6182993256019313,12.721956155016738,0.000843968553827068,3,1,0.058294499912758736,0.028386866494134848,0.1405831623592362,2.411602510865132,True,True,8.055048693485857e-15,5.617333549722722e-15,5.773159728050814e-15,True,0.05214554331814628,0.3914966099903299,True,A-F|B-B|C-C|D-E|E-A|F-D
2X3,vertical-parallelepiped,720,10,True,112,2010,474,474,0,1.5546786479160646,13.646767642003667,24.049724036384234,13.332178961721713,2.3909656251219653,13.332152993038434,0.001086745290475477,1,1,0.05820881828779371,0.05797058629143102,0.13944826864223867,2.3956553791005364,True,True,9.940681783991267e-15,7.377764055609925e-15,6.662263269364698e-15,True,0.20327483498624505,0.4179157688864527,True,A-F|B-D|C-E|D-A|E-C|F-B
rectangle-opposite,arrow,78,10,True,8,455,35,35,0,1.9785290325560172,13.594585262980374,23.538278774868612,13.367203548290037,1.7673097606339285,13.367124340961652,0.0011721793015713189,1,1,0.05806401812438698,0.05629342952489786,0.1393132051717743,2.399303556177118,True,True,7.063671301471282e-15,2.5121479338940403e-15,6.6018607235733855e-15,True,0.05199775411844587,0.32651322683833955,True,A-B|A-C|B-D|C-E|D-A|D-C
parallelepiped-int,pentagon,78,10,True,0,345,45,45,0,2.0071021796199977,14.017691621013993,23.461419952984755,13.786046098657973,2.0984622067976533,13.78602918388425,0.0010698828544963845,1,1,0.05759966253176372,0.024438194951635284,0.13847224212179698,2.404046066162897,True,True,7.431033801933e-15,5.687116766346677e-15,4.782987168225453e-15,True,0.08362358299111744,0.4331407140208836,True,A-E|B-A|B-C|C-B|C-D|D-E
rhombus-ext,rectangle-opposite,34,10,True,10,38,20,20,0,2.5626431382078123,13.79706555853126,22.520499248070056,13.716060973019287,2.3082923168803924,13.716060893857861,0.0014735376635721664,1,1,0.05753656199876006,0.04022540523834262,0.13875542231698165,2.4218180645655027,True,True,2.2584239615979113e-14,2.2473722312241752e-14,2.2315206618374916e-15,True,0.29146942113982505,0.4179157688864527,True,A-A|A-D|B-A|C-B|D-C|D-D
vertical-parallelepiped,rectangle-same,180,10,True,32,471,108,108,0,2.0656590376071193,14.481963299289488,21.33810378733636,14.16412444387354,2.6603941441260224,14.164095991494676,0.001432082526619638,2,1,0.057370550375192626,0.06112974648221532,0.13590061509819076,2.382984391506482,True,True,5.9357776173108395e-15,4.0821121246710766e-15,4.309270996790725e-15,True,0.1645067030490522,0.32651322683833955,True,A-D|B-A|C-A|D-B|E-C|F-C
vertical-parallelepiped,vertical-parallelepiped,720,10,True,212,1991,348,348,0,1.5406492299321681,13.830833480385575,23.541272388027377,13.500211408969415,2.3738747917952985,13.50021140892542,0.0013941404560320336,1,1,0.05735078436145385,0.0474491189338337,0.13758373780432506,2.3989861574900577,True,True,1.1972133964144586e-14,8.673897706667745e-15,8.251999165637887e-15,True,0.16766331629055414,0.42339245367800304,True,A-F|B-E|C-A|D-B|E-D|F-C
hexagon,pyramid,720,10,True,0,1984,566,566,0,1.7010428362685004,12.950787199308401,25.861899243449425,12.758387489155599,1.7059664618576138,12.758377606468402,0.00102195714856812,2,1,0.0571840050248508,0.02598964527335121,0.13816669249351934,2.416177258544158,True,True,8.716234066110582e-15,7.327169693867683e-15,4.7207330545682824e-15,True,0.05431799011643127,0.4472121987926965,True,A-B|B-E|C-C|D-A|E-D|F-F
cross,2X3,360,10,True,48,700,247,247,0,1.5739532775615226,13.508227293901628,24.84948306151249,12.963567950486368,3.647604302232067,12.963541689701206,0.020024505371964985,1,1,0.05714167159981212,0.023943824285211187,0.1394611586177173,2.4406209113801256,True,True,8.241641841503502e-15,6.0480571128877686e-15,5.5987199789656294e-15,True,0.13703455950621288,0.32747907437451723,True,A-B|B-D|C-C|D-A|D-E|E-F
3X2,hexagon,720,10,True,96,2116,466,466,0,1.565773625548039,13.998947777796863,23.937304753260246,13.901076303667757,1.55883443291795,13.901062974776067,0.0010515685095606742,1,1,0.05691420670574089,0.018593766836887297,0.13783241377370856,2.4217576199617925,True,True,6.165487399252188e-15,3.510833468576701e-15,5.068262347813025e-15,True,0.07794866200597654,0.4447467282831025,True,A-C|B-E|C-B|D-F|E-A|F-D
2X3,rectangle-opposite,180,10,True,72,149,94,94,0,1.6588270107909056,13.608219469645618,22.529937868802545,13.404388913179405,2.4599831969059163,13.404388658264997,0.0025026368000631294,2,1,0.05670403978572283,0.07189741529087794,0.13481131864949994,2.3774552775945827,True,True,6.705600017716362e-15,1.9860273225978185e-15,6.4047456679787536e-15,True,0.25844270592928886,0.4179157688864527,True,A-D|B-D|C-A|D-A|E-B|F-C
parallelepiped-ext,rhombus-ext,34,10,True,10,30,22,22,0,9.064140683648484,13.98960409582078,22.683613661545934,13.932785591813943,1.7170903239657218,13.932776796305184,0.0008892428898361615,1,1,0.05640549391696458,0.01814041036079214,0.1376062033178708,2.5029448348516263,True,True,1.1665757952948748,0.07384592797878337,1.1642361723846335,True,0.24845726571145174,0.432603075572651,True,A-A|A-D|B-B|C-A|D-C|D-D
3X2,two-triangles,720,10,True,56,3234,459,459,0,1.566185212854696,13.876876583944393,24.04149189374133,13.735919872196666,1.4264702044784232,13.735891326777807,0.000867224120083776,2,1,0.05638690596744497,0.02288201465336152,0.13587646892527758,2.4097166991876797,True,True,0.214482401009372,0.07971828225474507,0.19911729160747907,True,0.05798214362692299,0.45860994651839865,True,A-B|B-E|C-A|D-F|E-C|F-D
pyramid,pentagon,360,10,True,1,1410,282,282,0,1.7060913381564609,15.384599648099277,22.56151287948367,13.959364718996833,4.644411070999475,13.959364708211464,0.005007822462291145,1,1,0.0552723556796197,0.03553984308339538,0.13955334075572315,2.5248307049663157,True,True,1.0950198975068616e-14,7.32410687763558e-15,8.140289677804162e-15,True,0.11479968028395619,0.35591057617214006,True,A-E|B-A|C-D|D-B|E-E|F-C
rectangle-opposite,hexagon,180,10,True,24,611,99,99,0,1.9846764183757575,13.733489387738732,23.39545622470114,13.54569032035203,2.0113212863489403,13.545690318583167,0.0013001714859832703,1,1,0.05518838587162415,0.05432310776832799,0.1323888574904122,2.39885358847724,True,True,8.677513387697792e-15,7.951088352073423e-15,3.4755478145461824e-15,True,0.08188232597417444,0.39300248433366436,True,A-C|A-E|B-B|C-F|D-A|D-D
two-triangles,arrow,360,10,True,16,1567,251,251,0,1.6584058619988837,13.941689255442123,24.098689214444462,13.766195109637803,1.5387507578385529,13.766193120071145,0.0010133842164510298,1,1,0.05512053993787103,0.029375808088323952,0.13301989113616156,2.413254501608558,True,True,6.240994087105632e-15,5.533323041707444e-15,2.886579864025407e-15,True,0.05449769045323954,0.3914966099903299,True,A-C|B-B|C-D|D-E|E-A|F-C
rhombus-int,hexagon,180,10,True,28,688,105,105,0,1.7049091474440352,13.949655782478747,23.710142231840663,13.850214233861559,1.4603187808706082,13.850214003845203,0.0009022962096105758,1,1,0.05508685135607782,0.021232283923666925,0.1333544022715413,2.420802768514525,True,True,5.326890656590183e-15,3.5424909535906005e-15,3.978256139440565e-15,True,0.06708926685656628,0.45673777918439046,True,A-D|B-B|B-F|C-A|C-C|D-E
arrow,two-triangles,360,10,True,16,1446,239,239,0,1.5795204401090353,13.744477672320208,24.274020592591846,13.613884975005718,1.6154338014981122,13.613884262321328,0.0006530406550808721,3,1,0.05508625184004005,0.027734854627501644,0.13284927947470695,2.4116594438204997,True,True,9.441466109136565e-15,6.4047456679787536e-15,6.936895214610187e-15,True,0.09736926001573287,0.3943564628531809,True,A-F|B-B|C-A|C-E|D-D|E-C
2X3,horizzontal-parallelepiped,720,10,True,168,1536,436,436,0,1.5618289099179796,13.652581066705949,23.78671530156002,13.342901371416401,2.644750891134411,13.342893884282518,0.0014670436527746133,5,1,0.05474372181199087,0.05558635770506942,0.1309078009224668,2.39128427131882,True,True,9.123914627900163e-15,8.923762879722762e-15,1.9005983804298843e-15,True,0.18204014879660296,0.3926817942954417,True,A-B|B-C|C-D|D-E|E-F|F-A
rectangle-same,two-triangles,180,10,True,6,943,104,104,0,1.823546702078813,14.098440263038597,25.954240584263637,12.53822506079381,5.030015800257982,12.53707860012203,0.024565316309994145,2,1,0.05441456300139045,0.07204457445164952,0.13990710401613018,2.5711334668359855,True,True,1.2716524232903056e-14,1.0741085019148343e-14,6.807281482165819e-15,True,0.06693180894676432,0.3926817942954417,True,A-C|A-D|B-F|C-B|C-E|D-A
vertical-parallelepiped,pyramid,720,10,True,22,2475,524,524,0,1.6684392217699395,12.851656822927986,25.557543693542684,12.633734895114248,1.8855043900148678,12.633734895114248,0.0009289384518105237,1,1,0.05421632439059698,0.03392920593688698,0.13105304286919717,2.4172247813229917,True,True,6.420123230733026e-15,4.189529226675416e-15,4.864753555590494e-15,True,0.1158252361786886,0.45336865794965664,True,A-A|B-E|C-B|D-F|E-C|F-D
central-parallelepiped,2X3,360,10,True,68,997,192,192,0,1.6243049523348152,13.68680892899877,23.700474124262204,13.339498667073759,2.549289521527816,13.339496896508622,0.001731263759166879,3,1,0.05415237368100233,0.04380908316080011,0.12984477091189742,2.3977669321898887,True,True,8.11602646533108e-15,7.337557957613285e-15,3.4684476073050936e-15,True,0.05199775411844587,0.4652866157331114,True,A-D|B-E|C-A|C-C|D-F|E-B
rectangle-same,pentagon,78,10,True,0,371,50,50,0,2.321273262521949,14.108590200319917,25.68410645075558,12.509733713357894,5.301402432059203,12.509689868574558,0.010576783457905137,1,1,0.054065785500987736,0.07063594116728851,0.14076256802434794,2.6035424570272143,True,True,5.646721033245539e-15,2.1584421891079995e-15,5.217910093473846e-15,True,0.07811659305068569,0.3581303928054846,True,A-A|A-E|B-D|C-C|C-E|D-B
rhombus-int,two-triangles,180,10,True,24,856,102,102,0,1.5557915506608082,13.86660124096571,23.757955767264228,13.724278274547832,1.5928111595314727,13.724277150500832,0.0008401511585534038,2,1,0.053447210420616016,0.023678849891321265,0.12956764360059292,2.4242171402572437,True,True,1.306011174725376e-14,1.1709563872695136e-14,5.783825097807551e-15,True,0.22684285785270392,0.4828768357435626,True,A-C|B-A|B-D|C-B|C-F|D-E
pentagon,central-parallelepiped,168,10,True,0,733,117,117,0,1.8790823589431338,13.665613255079071,24.032414731408323,13.46989433388141,2.2870219259904845,13.469880678501035,0.0021677912282118683,1,1,0.05334634776198909,0.029300690092570712,0.128887937360658,2.416059257434201,True,True,1.2338245691902426e-14,1.051191142070422e-14,6.4600328975181675e-15,True,0.1329123226792162,0.3503071239504709,True,A-E|B-C|C-B|D-C|E-A|E-D
parallelepiped-int,base-trapezoid,78,10,True,8,152,54,54,0,1.9769011497105227,14.964919433505358,21.42406887585966,14.902465619131693,2.181858393793326,14.902433388052994,0.001574398132767385,1,1,0.05331053510566112,0.016716760153328625,0.12805873936918669,2.4021281931493492,True,True,4.095805194048e-15,3.973605926116015e-15,9.930136612989092e-16,True,0.14884906941684542,0.4503388968118645,True,A-E|B-A|B-C|C-B|C-D|D-B
pyramid,two-triangles,720,10,True,2,3012,490,490,0,1.5771359512172136,15.609869062469425,22.54766597630863,14.88272927754252,4.551554609995259,14.882575558312933,0.005813518153990671,2,1,0.05323019991778913,0.025324230133355243,0.13526309015085985,2.5410967901635844,True,True,7.072608660146608e-15,4.382569354771813e-15,5.551115123125783e-15,True,0.08112381021144432,0.3943564628531809,True,A-E|B-B|C-A|D-F|E-C|F-D
2X3,arrow,360,10,True,68,941,207,207,0,1.6350975456394152,13.863133305157678,23.796219706677945,13.584586261266004,2.119200974757832,13.584586261262993,0.0015448992136857242,1,1,0.05301242575531891,0.047994586408402755,0.1274600649394333,2.404343191683599,True,True,1.0267995306906448e-14,7.116169990679593e-15,7.402151868639554e-15,True,0.20158893719805432,0.42827695480702754,True,A-A|B-D|C-C|D-C|E-E|F-B
hexagon,two-triangles,720,10,True,76,2488,445,445,0,1.5128942400778704,13.9217533711269,23.980175558755924,13.752223494991615,1.5851306810426307,13.752186652007513,0.0010016575308098297,2,1,0.052574277479850814,0.030164334388304227,0.12696652788835153,2.4149933004217066,True,True,7.457525985075837e-15,5.687116766346677e-15,4.824043605111779e-15,True,0.07560555545303083,0.4828768357435626,True,A-A|B-D|C-C|D-F|E-B|F-E
two-triangles,central-parallelepiped,360,10,True,36,1705,198,198,0,1.5612243251329787,13.755975049199309,23.790527615330678,13.567955254816008,1.9134458911955732,13.567928104898696,0.0010030618048002538,2,1,0.05247163814525474,0.023293030775853107,0.12727974344519866,2.4256864840555616,True,True,7.47403591448174e-15,2.3914935841127266e-15,7.0810995818524236e-15,True,0.12308281863267813,0.3914966099903299,True,A-A|B-D|C-E|D-C|E-B|F-C
3X2,2X3,720,10,True,228,648,434,434,0,1.7776099083199604,13.72162816182718,23.852948447339458,13.553202570372928,1.5209955241598134,13.553162872001957,0.001475244176099899,5,1,0.05237417326966942,0.027804038196789987,0.1252492133665738,2.391430843627412,True,True,1.120830491896282e-14,9.325873406851315e-15,6.217248937900877e-15,True,0.05160004824584425,0.34708706065927497,True,A-C|B-E|C-A|D-D|E-F|F-B
pentagon,rectangle-opposite,78,10,True,0,423,43,43,0,2.011922525686967,13.47948019352996,23.706111528905527,13.041039675611348,2.556090761663177,13.04103942960991,0.0023911909678098198,4,1,0.05217169244810333,0.06718643945190468,0.12468970255112109,2.389987686812221,True,True,8.287351963130584e-15,4.171839369083926e-15,7.160723346098895e-15,True,0.051796682337130966,0.3886873512957292,True,A-D|B-A|C-C|D-D|E-A|E-B
central-parallelepiped,base-trapezoid,168,10,True,12,740,102,102,0,1.600996878800665,14.781882260929702,21.80570432924179,14.65334753604229,1.9877304247848606,14.653324901952512,0.0013854461688174169,1,1,0.05214673488228679,0.030143235421512204,0.12511930402574759,2.399369860992929,True,True,1.0841599276764049e-14,8.926082647349967e-15,6.153480596427404e-15,True,0.07556782805543794,0.503420624847555,True,A-D|B-A|C-C|C-E|D-B|E-B
cross,central-parallelepiped,168,10,True,30,331,102,102,0,1.8897778574415434,13.684121006956163,24.781796382599197,13.118193415503907,3.72231558307855,13.118175485909893,0.023037229445996843,2,1,0.05182722671745192,0.013269235495269194,0.12703432249951604,2.4511117137730127,True,True,5.1082714154168446e-15,4.530243559726277e-15,2.3603665272841412e-15,True,0.16869761618092205,0.4179157688864527,True,A-E|B-C|C-A|D-C|D-D|E-B
central-parallelepiped,central-parallelepiped,168,10,True,80,192,68,68,0,1.5771442405386118,14.040540681136552,23.1596987853456,13.83212919808841,2.1472892822028906,13.832128577853119,0.001728037639405322,1,1,0.05179145744946393,0.03863041124495967,0.1244949052264544,2.4037729648355937,True,True,1.3859818316598388e-14,1.374506435767356e-14,1.7798229048217483e-15,True,0.16766592184114334,0.41981971932396717,True,A-D|B-E|C-A|C-B|D-C|E-C
hexagon,horizzontal-parallelepiped,720,10,True,96,1837,474,474,0,1.5275652672655737,13.827573240224046,23.876766105975655,13.704447738310858,1.6262331804329748,13.704447430741968,0.0011904802359108402,1,1,0.051674327769874955,0.031304781324668726,0.12460686601718803,2.420249844924487,True,True,6.705600017716362e-15,3.2023728339893768e-15,5.891509130072236e-15,True,0.0919558562718783,0.36945378526400835,True,A-D|B-E|C-A|D-F|E-B|F-C
rhombus-int,2X3,180,10,True,64,425,77,77,0,1.799809027655204,13.766989671753496,22.92423340945474,13.530522859434884,1.9869302483521332,13.530520719616769,0.0012807387263471526,3,1,0.05154154202899894,0.03329649226494176,0.12475725216157041,2.420518425532902,True,True,8.578224251856995e-15,2.6296119242823513e-15,8.165235602407292e-15,True,0.23992542840060163,0.4179157688864527,True,A-A|B-C|B-E|C-D|C-F|D-B
parallelepiped-ext,3X2,180,10,True,48,528,94,94,0,1.7365386031848837,13.712615030682858,23.650092497065863,13.661025170920814,1.517465987560052,13.661019477404395,0.0010035733818565262,1,1,0.05153660786063724,0.017663008548877056,0.1259729648978154,2.5042881392906695,True,True,8.140289677804162e-15,3.972054645195637e-15,7.105427357601002e-15,True,0.2180471420425119,0.5034916565764344,True,A-C|A-E|B-A|C-B|D-D|D-F
horizzontal-parallelepiped,central-parallelepiped,360,10,True,76,1092,215,215,0,1.5246143394932152,13.775401704402382,23.742098930575263,13.532969665480369,2.1780946812072215,13.532967229798174,0.001026363502760752,1,1,0.05130735523758083,0.040092025997318106,0.12326542564359677,2.402490346127005,True,True,6.141450319825084e-15,5.121486610213742e-15,3.3893637946200144e-15,True,0.16766592184114334,0.47538038908183505,True,A-D|B-E|C-C|D-C|E-B|F-A
parallelepiped-ext,hexagon,180,10,True,24,482,116,116,0,1.6355951749441267,13.851121846503709,23.501656061662146,13.687957661490266,1.8946565285318262,13.687950707513647,0.0010075375304623435,1,1,0.051050780317994544,0.016831907279109146,0.1257603369710908,2.5065798513402355,True,True,8.124197323989783e-15,7.0556098103222595e-15,4.027524346742929e-15,True,0.050933605817140015,0.39300248433366436,True,A-B|A-C|B-E|C-F|D-A|D-D
rhombus-ext,vertical-parallelepiped,180,10,True,44,550,87,87,0,1.6325267992773638,13.894009009064057,23.31267549518646,13.766061058842954,1.6433695678228026,13.766059655637534,0.001142793590855895,2,1,0.051025540850137066,0.02136743654480848,0.12328603439155945,2.4161632064548373,True,True,8.177491617668332e-15,5.9334643660679946e-15,5.627199105561947e-15,True,0.07809542612205196,0.5354159407479934,True,A-A|A-C|B-F|C-B|D-D|D-E
pentagon,rhombus-ext,78,10,True,0,342,51,51,0,1.598687140092186,13.793198624154765,24.136398124226886,13.573806526040459,2.1144386034310285,13.57380604383766,0.002759489697491624,1,1,0.05102324040433914,0.034037721101013475,0.12284274842560808,2.420277819425944,True,True,1.5840168419679413e-14,1.345538708641164e-14,8.358438485664404e-15,True,0.17263926036094918,0.4312665152281575,True,A-D|B-A|C-D|D-C|E-A|E-B
base-trapezoid,vertical-parallelepiped,360,10,True,52,1196,226,226,0,1.903386978455773,14.018167004893385,25.856343514128085,12.696736868003168,5.92886787748861,12.696736868003168,0.007346772687741421,1,1,0.05083503174970814,0.03638612460453918,0.1310350668665649,2.5776528971542785,True,True,1.0148880054283099e-14,6.279678137567409e-15,7.97279178486327e-15,True,0.07176213543832696,0.4499078879065762,True,A-C|B-D|B-E|C-F|D-A|E-B
horizzontal-parallelepiped,two-triangles,720,10,True,72,2806,444,444,0,1.6586369634239782,13.735778532346572,23.85375484724019,13.562573136329142,1.7417142078645704,13.562541708492812,0.0009020483056421114,3,1,0.050812619042880536,0.03674218033198885,0.12244958666624622,2.409826318200831,True,True,6.887190615326288e-15,5.940670149944669e-15,3.4845132718063926e-15,True,0.05203632867502829,0.45860994651839865,True,A-A|B-B|C-F|D-D|E-E|F-C
parallelepiped-int,rhombus-ext,34,10,True,10,86,18,18,0,9.155050869555188,13.902180492556163,22.676707704907965,13.84044839415621,1.4413481506432608,13.840447645027188,0.0013364823931150127,2,1,0.05080385541737028,0.011987272275173103,0.11588906639467306,2.4241829910163504,True,True,0.836682939085365,0.32837148680169453,0.769552147168838,True,0.11829472262832214,0.432603075572651,True,A-B|B-A|B-D|C-A|C-C|D-D
two-triangles,hexagon,720,10,True,76,2347,500,500,0,1.5952180532312006,13.872720099186099,23.93670884359545,13.732804482923251,1.6321655848956274,13.732797290143553,0.0009282165573480938,6,1,0.05068426435744994,0.01559727095039134,0.12247519588604602,2.416434320172662,True,True,9.101120538054984e-15,8.881784197001252e-15,1.9860273225978185e-15,True,0.06809888357827579,0.5176183576740343,True,A-D|B-C|C-B|D-F|E-A|F-E
parallelepiped-ext,rhombus-int,34,10,True,10,86,18,18,0,9.136975632329907,13.809886532915176,22.639641545238558,13.735308547784555,1.4107513927899777,13.735307563800134,0.0007953820300858894,1,1,0.050642121927540557,0.017641557613247254,0.12335162720973264,2.5025588626376227,True,True,3.025138745232053e-14,2.4586677855465622e-14,1.7625030916908276e-14,True,0.11829472262832214,0.45336865794965664,True,A-B|A-C|B-A|C-B|D-C|D-D
2X3,central-parallelepiped,360,10,True,68,1065,196,196,0,1.6568144260598936,13.702140107657003,23.650911236721292,13.332836613686425,2.57727397366413,13.332832370436742,0.0015435882655712163,3,1,0.05047257802687859,0.04380908316080007,0.12093935689817713,2.396139876860902,True,True,1.238158379700983e-14,6.506254017004666e-15,1.053433794733143e-14,True,0.2011456302235052,0.4633533918727237,True,A-B|B-D|C-E|D-C|E-A|F-C
rectangle-opposite,vertical-parallelepiped,180,10,True,28,569,96,96,0,1.77655735450635,13.689228271084263,23.550557468323127,13.32726510227415,2.7138726418753234,13.327265101241858,0.001636985392195811,2,1,0.050463319139366324,0.06738738348275056,0.12043247359718798,2.3865349257861017,True,True,2.837048893407221e-15,1.9984014443252818e-15,2.0137621733714643e-15,True,0.05194102651214602,0.3926817942954417,True,A-B|A-C|B-D|C-E|D-A|D-F
rectangle-opposite,two-triangles,180,10,True,28,837,97,97,0,1.7406661896923101,13.623741802352637,23.544719274300498,13.436241985225188,1.7427366875681245,13.436194279571573,0.001385470099741326,1,1,0.0502574274977198,0.04958823115811414,0.12063011915137437,2.4002446037821454,True,True,6.805042272227426e-15,6.000342052946044e-15,3.210061615366513e-15,True,0.06389320095320437,0.4182034220705242,True,A-C|A-F|B-A|C-B|D-D|D-E
two-triangles,3X2,720,10,True,56,2891,478,478,0,1.5265140597877056,13.835140334812197,23.989624727052473,13.72424847109341,1.3899408861716118,13.724248372541854,0.0007767750510812022,3,1,0.050188484751578534,0.020956798879411914,0.12127732479860844,2.4164372644223735,True,True,3.66186936383538e-15,3.0765212028671393e-15,1.9860273225978185e-15,True,0.09897413735914401,0.3846245126357791,True,A-F|B-D|C-B|D-A|E-E|F-C
cross,horizzontal-parallelepiped,360,10,True,28,1093,241,241,0,1.5841222702550508,13.519624806823051,24.87386400287826,12.973829900828301,3.6859991877590303,12.973350169848205,0.017914822504019767,1,1,0.05004051871128942,0.018565621925242748,0.12281880602806002,2.454387148475969,True,True,1.1884602181448969e-14,8.114033645478119e-15,8.683675892808911e-15,True,0.1304766334508413,0.32747907437451723,True,A-E|B-B|C-C|D-A|D-F|E-D
rhombus-ext,3X2,180,10,True,72,329,74,74,0,1.813738637725583,14.06899832104762,23.62891662091514,13.936324423593515,1.6673384011873564,13.936291145488052,0.0016662033553895839,3,1,0.049969673709319394,0.016942581054228596,0.12128439181214364,2.4271599714193046,True,True,1.4321661856547414e-14,1.3100749298420202e-14,5.786222096776766e-15,True,0.17843133590106888,0.45323801017551585,True,A-A|A-C|B-E|C-F|D-B|D-D
base-trapezoid,horizzontal-parallelepiped,360,10,True,40,1195,226,226,0,1.8502348514491542,14.16806991948246,25.977610262405275,12.854491751094427,6.015010802776162,12.854491751094427,0.03405554808063549,1,1,0.04978520751531784,0.04720001554417417,0.12730717269203623,2.580201876489632,True,True,1.3267513536042928e-14,1.1133826641568279e-14,7.215595591812694e-15,True,0.05292182433932827,0.3892155522973273,True,A-F|B-A|B-B|C-D|D-E|E-C
rectangle-opposite,horizzontal-parallelepiped,180,10,True,28,558,108,108,0,1.7290581103420228,13.607920198721697,23.21498987662471,13.290741477145097,2.7203458216710774,13.290738896020109,0.0014988630205285958,1,1,0.049779669813207056,0.06733109329739176,0.11877616764765242,2.386037675487753,True,True,8.334583989031398e-15,5.4133407731178706e-15,6.337273226263655e-15,True,0.07227372566323872,0.32651322683833955,True,A-D|A-E|B-A|C-F|D-B|D-C
wave,rhombus-ext,78,10,True,14,257,51,51,0,1.647026767995461,14.009722640978262,23.704005850605373,13.962356489628732,1.2817831440312373,13.96235648247985,0.0008276834889358042,1,1,0.04947149105329244,0.008530648864551234,0.12025422447947008,2.430778250647994,True,True,1.3469892657361183e-14,1.2840246461466052e-14,4.070144838902081e-15,True,0.09075906061666329,0.4944694914980932,True,A-B|B-A|C-A|C-C|D-D|E-D
rectangle-same,vertical-parallelepiped,180,10,True,32,458,103,103,0,2.462850070575587,14.121232251312863,25.618534039544706,12.623755585240062,5.384323775683502,12.623225255746942,0.0293454438607732,2,1,0.04938278094358723,0.06170960781702239,0.1274946570969744,2.581763413498702,True,True,1.5746561736956565e-14,1.1990935477500275e-14,1.0206452513494089e-14,True,0.07793766831305131,0.3926817942954417,True,A-C|A-E|B-F|C-B|C-D|D-A
rhombus-ext,hexagon,180,10,True,40,551,101,101,0,1.7205335527655963,13.986613106002725,23.80495647812041,13.802926843037682,1.5542390857298534,13.802925345233716,0.0007235244927521478,2,1,0.049328058447727835,0.02029087456163028,0.11946972963785037,2.4219426711158833,True,True,5.4025784115714076e-15,1.9860273225978185e-15,5.0242958677880805e-15,True,0.06540921570603536,0.3902008642505306,True,A-B|A-D|B-F|C-E|D-A|D-C
base-trapezoid,rhombus-ext,78,10,True,18,189,40,40,0,2.2528493811258126,14.39083762212502,25.5515583576717,13.353895554383653,6.126327435818861,13.353895554383653,0.044024201198114454,1,1,0.04929301484160463,0.02629537212177234,0.12772175122627635,2.5910720136857153,True,True,9.519636441334026e-15,6.7571004415782575e-15,6.705600017716362e-15,True,0.13995190091608387,0.4804999201258812,True,A-C|B-A|B-B|C-D|D-A|E-D
hexagon,pentagon,360,10,True,0,1664,249,249,0,1.5576639538674468,13.966404775964484,24.164734263115786,13.838697037175674,1.737677850696888,13.838696784566949,0.0008865729316154258,5,1,0.04927185830827251,0.01993136932275048,0.11939528329426542,2.423194240965324,True,True,4.888178658384254e-15,4.46101807478987e-15,1.9984014443252818e-15,True,0.11662501651017053,0.40706395592686745,True,A-E|B-A|C-E|D-D|E-B|F-C
vertical-parallelepiped,central-trapezoid,360,10,True,37,1394,238,238,0,1.5170986127931,13.885623944932023,23.80116923961634,13.620722923929183,1.9071533603202746,13.620672244400602,0.001054109576299922,1,1,0.04907427752220182,0.029973156280823563,0.11852412384305154,2.4151985485559053,True,True,1.0009262458496554e-14,8.747542958250513e-15,4.864753555590494e-15,True,0.12466421747600853,0.49573600680125657,True,A-B|B-D|C-E|D-D|E-A|F-C
rhombus-ext,rectangle-same,34,10,True,14,55,14,14,0,2.325177502119371,14.988331502848817,20.74623529244602,14.986185679192207,1.1836752241203203,14.986185625724412,0.0006306603434964586,4,1,0.048870328139767945,0.02623488291581435,0.11781652598626896,2.41079874989414,True,True,1.2664331122990546e-14,9.81025129326275e-15,8.00901069769441e-15,True,0.34498893324887947,0.32747907437451723,True,A-A|A-C|B-A|C-D|D-B|D-C
arrow,base-trapezoid,168,10,True,14,663,97,97,0,1.7908311229337674,14.739298393562171,21.918701811758876,14.632888702700345,1.7860152432108944,14.632887572771944,0.0011073388291631403,1,1,0.0487766105480752,0.029800255484802793,0.11782586434345703,2.415622221788566,True,True,5.410585558074079e-15,3.9422826652570986e-15,3.705785135224813e-15,True,0.13150671008127005,0.3846245126357791,True,A-B|B-E|C-A|C-C|D-B|E-D
horizzontal-parallelepiped,central-trapezoid,360,10,True,16,1292,254,254,0,1.5500414100782038,13.83696789370451,23.644637249723218,13.639589754366934,1.8831042853525481,13.639588008548156,0.001050941807384298,1,1,0.048352340482000745,0.03001179517654712,0.11657315046517584,2.410910191794551,True,True,1.6042626665492003e-14,1.1512108063996359e-14,1.117305858980544e-14,True,0.16766592184114334,0.4341882410243255,True,A-B|B-E|C-D|D-D|E-A|F-C
rhombus-int,pentagon,78,10,True,0,332,58,58,0,1.9256343375860876,13.85313687383157,23.13427518131009,13.652439491318038,1.8480740228550077,13.652425611361048,0.000668422294165083,4,1,0.04812161472656472,0.01675123405804545,0.1163585745440712,2.4180106009584383,True,True,7.943203137988267e-15,7.471216978071875e-15,2.6972936358352276e-15,True,0.1658594657538295,0.44672992321618066,True,A-B|B-D|B-E|C-A|C-E|D-C
2X3,rhombus-ext,180,10,True,52,308,97,97,0,1.7137499986357907,13.97406423802619,23.071040702131217,13.801262715944318,1.6682826001452504,13.801262098602503,0.002216041956430992,1,1,0.048098917856682556,0.040596190192042206,0.11629896762016323,2.4262493933419575,True,True,6.926448244711267e-15,6.358632154833921e-15,2.7465400791133423e-15,True,0.152567359694524,0.45336865794965664,True,A-A|B-D|C-B|D-A|E-D|F-C
horizzontal-parallelepiped,rectangle-same,180,10,True,26,562,107,107,0,1.759345115300345,14.584232393260324,21.12124622875935,14.188109381476698,2.585055665390834,14.1880401855524,0.0015185372414219245,2,1,0.048090314576003164,0.053910486470574906,0.1153027830755603,2.3976300444725274,True,True,7.601582815929793e-15,7.32410687763558e-15,2.0350724194510405e-15,True,0.10963844707754428,0.36898991146262244,True,A-A|B-D|C-C|D-A|E-C|F-B
rectangle-opposite,rhombus-ext,34,10,True,10,38,20,20,0,2.0625929709418136,13.81676839270446,22.573180944941583,13.461168019277856,1.9221058741494992,13.461164670016576,0.0010675823015455776,1,1,0.04801482259975554,0.04022540523834262,0.11580575672390153,2.4221775695376095,True,True,1.2732770105815798e-14,1.1795572675853868e-14,4.794569825980851e-15,True,0.40455298687384883,0.45336865794965664,True,A-A|A-D|B-A|C-B|D-C|D-D
3X2,pyramid,720,10,True,30,1984,524,524,0,1.5266732343481295,12.902542576485954,25.70321987857159,12.718912740923109,1.655779177536009,12.718912740923109,0.001072863978493821,1,1,0.04800580723707374,0.019391207674022453,0.11587470396487536,2.413764305485693,True,True,7.965040219927674e-15,6.932243256359715e-15,3.9224825225513435e-15,True,0.05225963340424052,0.4387982942468777,True,A-A|B-B|C-D|D-E|E-C|F-F
two-triangles,base-trapezoid,360,10,True,12,931,270,270,0,1.8160404443862952,14.640828134553425,22.083773103172614,14.496381865382954,1.7030847226514756,14.496351865978625,0.0009036660085648407,2,1,0.04784761603005693,0.02985277281340689,0.11531277552896255,2.410000436730752,True,True,7.548700182850953e-15,6.0141919739519285e-15,4.562057578661872e-15,True,0.09589899669944474,0.48074338202529493,True,A-D|B-B|C-B|D-A|E-C|F-E
rectangle-opposite,central-trapezoid,78,10,True,12,325,38,38,0,1.6047993058932633,13.778530756249832,23.342660505505034,13.477856096349198,2.315901150107398,13.47785607735938,0.00166318949383637,2,1,0.047530591287985056,0.034938616863068,0.11453576447350246,2.40972732233725,True,True,0.6434563676433738,0.2906652375732526,0.5740642966839945,True,0.15816853124052394,0.4531133653291396,True,A-C|A-D|B-D|C-A|D-B|D-E
two-triangles,rectangle-opposite,180,10,True,28,706,100,100,0,2.2848932157555444,13.592289620619889,23.672697162514158,13.37064257615,1.8219963719068635,13.370640390970198,0.0010751580500487634,4,1,0.047372776342082236,0.04902259766212765,0.1132726985293728,2.3910926754940953,True,True,6.997077095033222e-15,1.9136033079688042e-15,6.7303202192443565e-15,True,0.05174431237152453,0.41302574003819187,True,A-C|B-B|C-D|D-A|E-A|F-D
two-triangles,two-triangles,720,10,True,168,1518,456,456,0,1.5650923053470767,13.887619630480213,23.31349288870607,13.723731735921092,1.846179751457844,13.723730738330879,0.0010291698820914519,3,1,0.04720349751262784,0.01961827189902848,0.11413332351144646,2.417899721962628,True,True,9.189778455511334e-15,8.155417528946421e-15,4.235704544693094e-15,True,0.06642452791692688,0.492171460355549,True,A-C|B-A|C-B|D-F|E-D|F-E
2X3,two-triangles,720,10,True,72,2863,426,426,0,1.6896819744479954,13.697329688745596,24.012790333641224,13.50514307368998,1.8813657762249574,13.505143073346487,0.0011820895203022985,3,1,0.04718362924657381,0.04063425660867042,0.11345106845993987,2.404458289273668,True,True,7.277044025624102e-15,6.4738950468614544e-15,3.3232593448441795e-15,True,0.10420243832018836,0.43871064769360363,True,A-B|B-C|C-E|D-A|E-F|F-D
horizzontal-parallelepiped,pyramid,720,10,True,20,1999,562,562,0,1.5544496657306404,12.837413635694931,25.486423743474322,12.605939412326377,1.802107795913997,12.605939412326377,0.0010067522588066424,2,1,0.047018747297824966,0.03043687401357998,0.1136452902639958,2.4170208011741923,True,True,9.514293924097106e-15,6.311693569372732e-15,7.119291619286993e-15,True,0.13685390778317408,0.45336865794965664,True,A-A|B-B|C-D|D-F|E-E|F-C
3X2,rectangle-same,180,10,True,66,227,90,90,0,1.6313133680163747,15.031884534685394,21.42416073269966,14.762063689010505,2.4655423492996054,14.762063170866982,0.0024266586416388236,2,1,0.04696440702617935,0.026609994663754185,0.11362134159969561,2.4193074882508303,True,True,1.356654377317146e-14,1.3091219639867969e-14,3.5596458096434965e-15,True,0.3225343898119573,0.36898991146262244,True,A-A|B-A|C-D|D-C|E-B|F-C
arrow,vertical-parallelepiped,360,10,True,48,1275,249,249,0,1.5996725136018994,13.610130734628164,23.917269498972992,13.39768450353522,1.8428477875055869,13.397680768921159,0.0006207681650263197,5,1,0.04689774157377852,0.018711592280319315,0.11340624693451011,2.41816008892671,True,True,1.4654943925052066e-14,9.230220894641107e-15,1.1382899616642114e-14,True,0.16815716707593115,0.36898991146262244,True,A-D|B-E|C-A|C-B|D-C|E-F
parallelepiped-ext,pentagon,78,10,True,0,376,43,43,0,1.960986728479046,13.908017642796343,23.367272862478302,13.73512967208171,1.975631502179116,13.735121280365965,0.0009864480870289682,3,1,0.04686940137739031,0.02698115387313591,0.11681945973436303,2.4924461653294436,True,True,8.938943722257547e-15,5.244702263972308e-15,7.238633367699413e-15,True,0.08362358299111744,0.3581303928054846,True,A-C|A-E|B-A|C-E|D-B|D-D
2X3,pyramid,720,10,True,64,1414,525,525,0,1.9223333067097914,12.869364818751254,25.161619600084176,12.624102668082742,2.093572087564456,12.624081804970244,0.0014844574891474949,2,1,0.04686340811380636,0.0427362589428739,0.11242606487710237,2.399015978609133,True,True,2.1846300548576003e-14,1.906999940500488e-14,1.0658141036401503e-14,True,0.07227321763638557,0.4499078879065762,True,A-A|B-E|C-B|D-C|E-F|F-D
cross,rectangle-opposite,78,10,True,14,129,50,50,0,1.518582692580034,13.44896383927832,23.991456521763208,12.87308941984458,3.682786168080265,12.873076108001552,0.021477641985647722,2,1,0.04684113401059689,0.020329462451035337,0.1153711969612595,2.463031679274866,True,True,9.648087210223558e-15,8.188600426433445e-15,5.102196573270515e-15,True,0.5142731244967915,0.5263781171411518,True,A-B|B-D|C-A|D-A|D-C|E-D
parallelepiped-ext,cross,78,10,True,8,283,49,49,0,2.0943428427325506,14.481812580230502,22.51429567368352,14.320031604975169,1.6470897610743376,14.320019472087118,0.0012681569591563857,1,1,0.046580674061600554,0.014949496738931636,0.11462269616065708,2.4998016849281064,True,True,9.049276087866962e-15,5.397622131808193e-15,7.263268757016716e-15,True,0.12280317420997572,0.45336865794965664,True,A-A|A-D|B-C|C-B|D-D|D-E
parallelepiped-ext,vertical-parallelepiped,180,10,True,24,661,114,114,0,1.6473726931661552,13.697411958950152,23.700013321728555,13.518856409455722,1.9471888681222687,13.518854322778703,0.001069361834890259,3,1,0.046580318542996824,0.01601843016210884,0.11337220798787512,2.5027039867881276,True,True,7.982032576245276e-15,5.791279169884412e-15,5.4930801582266845e-15,True,0.22089390548529556,0.49625046035832693,True,A-C|A-F|B-A|C-E|D-B|D-D
rhombus-ext,base-trapezoid,78,10,True,18,190,41,41,0,2.2087077071312478,15.045212399702624,21.56107656252509,14.959566688003406,1.6862698075157851,14.959558558999749,0.0022026475728607053,2,1,0.04649060506786047,0.02673348614067093,0.11251495978678529,2.420165528552526,True,True,7.755684626330685e-15,5.329070518200751e-15,5.634860374059478e-15,True,0.2564462448725701,0.5202372758899162,True,A-B|A-D|B-A|C-B|D-C|D-E
pentagon,two-triangles,360,10,True,0,1314,252,252,0,1.6730946149026473,13.705858064737221,24.662212361224462,13.388286958436314,2.1911732643365003,13.388201387507312,0.002049978314977885,3,1,0.0461680928332801,0.03541328414624197,0.11120186574189579,2.4086302664366577,True,True,6.31679682627399e-15,5.945438700958393e-15,2.1339355186067203e-15,True,0.08417006367026594,0.42159434034221743,True,A-D|B-F|C-C|D-B|E-A|E-E
parallelepiped-ext,2X3,180,10,True,60,248,102,102,0,3.259027088691898,13.747314528211023,22.113564888814622,13.607118807206035,1.778971624917056,13.607108896566842,0.0012622372660988646,1,1,0.04602230087756355,0.023895605550314374,0.11275101741744831,2.5022475705240517,True,True,6.560657218687885e-15,6.060638241914243e-15,2.5121479338940403e-15,True,0.05172163655963992,0.4446994208396341,True,A-C|A-D|B-E|C-A|D-B|D-F
cross,two-triangles,360,10,True,4,1709,246,246,0,1.5951316961135258,13.503476755042227,25.278019360079686,12.979946147586027,3.4989584190524896,12.979917522195228,0.0045065685726299876,2,1,0.04591302389431535,0.014415445495825059,0.11209530175361711,2.441470681862364,True,True,6.3109611985757e-15,3.760445189557859e-15,5.068262347813025e-15,True,0.0734466568705305,0.4499078879065762,True,A-E|B-D|C-C|D-A|D-F|E-B
central-parallelepiped,rhombus-int,78,10,True,22,74,48,48,0,1.6513837194289336,14.143934165735441,23.364783829569106,14.10772753850847,1.7455744351309073,14.107727197429156,0.00323614635721281,2,1,0.04590484953060607,0.0137281977690479,0.11169016642451997,2.4330798938803393,True,True,5.9580819677934555e-15,2.5121479338940403e-15,5.4025784115714076e-15,True,0.49590027782699986,0.45336865794965664,True,A-A|B-C|C-B|C-D|D-B|E-C
pentagon,horizzontal-parallelepiped,360,10,True,0,1227,270,270,0,1.664352971937742,13.581405461524914,24.173482846854785,13.339862988257316,2.321654468835081,13.339736774163404,0.0018507147179729344,1,1,0.045859736814393696,0.04576962665421064,0.11027234861339273,2.416623795334142,True,True,1.428007506981779e-14,1.0290994924006174e-14,9.900301382973689e-15,True,0.08731941453218817,0.3503071239504709,True,A-A|B-F|C-B|D-C|E-D|E-E
parallelepiped-int,rhombus-int,34,10,True,10,150,14,14,0,9.162732986444945,13.815310412487934,22.708711853279382,13.707309175246557,1.6395658554116705,13.70730881542439,0.0012790589107716244,2,1,0.045745191651432066,0.010438880016506648,0.11057096529698424,2.417105739538918,True,True,0.8119041978781077,0.2648263340790094,0.7674994718632492,True,0.22671505472773976,0.49520082211586375,True,A-A|B-B|B-C|C-C|C-D|D-B
two-triangles,central-trapezoid,360,10,True,16,1512,245,245,0,1.5552334122954932,13.82334984519635,23.91356370208381,13.682802166348722,1.7287494148602163,13.682792345020559,0.000971869103024936,3,1,0.04566385251643886,0.014653665941686118,0.11105597448487835,2.4320325238633447,True,True,6.467049118441537e-15,5.866415205408188e-15,2.7217452008024307e-15,True,0.09384548488577421,0.4661386319733713,True,A-A|B-B|C-E|D-D|E-C|F-D
horizzontal-parallelepiped,arrow,360,10,True,46,899,247,247,0,1.8442782147605203,13.877720026623232,23.690274565368405,13.654354767994773,1.9445144742399043,13.65435476732479,0.0011468854321758926,1,1,0.04564642097484712,0.03036310150803655,0.10973010969049168,2.4039148600710023,True,True,1.3051555236718261e-14,1.1569466045578161e-14,6.040740808652684e-15,True,0.16622082587559467,0.32651322683833955,True,A-B|B-C|C-D|D-A|E-E|F-C
2X3,cross,360,10,True,48,716,249,249,0,1.6579552875501165,14.48118569810212,22.74992188492921,14.33727378969039,1.5886120222172433,14.337235418518357,0.0022742660964274464,1,1,0.04550309738733922,0.024213666292036525,0.10941503541765855,2.4045623638821163,True,True,1.485705336304734e-14,1.1344582244840393e-14,9.593356468019338e-15,True,0.06970391706375242,0.36990647383846204,True,A-C|B-B|C-D|D-E|E-D|F-A
parallelepiped-int,two-triangles,180,10,True,36,452,115,115,0,1.7076225311124091,13.866078155996819,23.805732588915284,13.771516821131375,1.7061552050129536,13.771510034980295,0.0010916589420766343,2,1,0.04548154479186264,0.014474347812687716,0.10975935278168646,2.413272312626552,True,True,6.879800455918813e-15,4.351167857633658e-15,5.329070518200751e-15,True,0.1520016099807665,0.4707514254812046,True,A-A|B-D|B-E|C-C|C-F|D-B
pentagon,pentagon,168,10,True,22,464,104,104,0,1.5481509623157192,13.831330955136231,23.572590417231726,13.551957862968488,2.645116852931407,13.551920856890089,0.00227868126345232,1,1,0.04537286356019566,0.029842878813963268,0.10860510093011158,2.4041527849582103,True,True,3.426549184378118e-15,2.371599841792136e-15,2.4732071290884353e-15,True,0.061770518582597606,0.4160614448474135,True,A-C|B-A|C-E|D-D|E-B|E-E
rectangle-opposite,rhombus-int,34,10,True,10,38,20,20,0,2.108909832255958,13.916165331956437,22.499120342129494,13.850601954907768,2.1510568956681926,13.850589322879372,0.0011189821247823417,1,1,0.0453328633311302,0.0400855729368467,0.10976754123937782,2.4213679254625893,True,True,1.0148677349187842e-14,7.32410687763558e-15,7.025176893352192e-15,True,0.26808156824084334,0.45336865794965664,True,A-B|A-C|B-A|C-B|D-C|D-D
rhombus-int,vertical-parallelepiped,180,10,True,40,533,91,91,0,1.574758884959107,13.967266268823227,23.592169366820972,13.802043619045717,1.9102890928608365,13.8019882612206,0.001737687402419752,1,1,0.04528477418615766,0.02290447885177856,0.10996705739979482,2.428345053631929,True,True,1.3235335796635749e-14,1.0338532780506276e-14,8.263707012963665e-15,True,0.24014897377774544,0.4179157688864527,True,A-A|B-B|B-F|C-C|C-D|D-E
vertical-parallelepiped,hexagon,720,10,True,124,1822,449,449,0,1.559602071696075,13.877933205886176,23.7623870170116,13.740220060760763,1.6806831252584513,13.740211539337453,0.0010867999409667206,4,1,0.045163573298804646,0.026459147517756125,0.10892247743425805,2.411732940474418,True,True,5.605063087764203e-15,5.014185124125671e-15,2.5049310886356963e-15,True,0.08884476833453801,0.37315538930282416,True,A-A|B-D|C-E|D-F|E-B|F-C
central-parallelepiped,two-triangles,360,10,True,36,1678,221,221,0,1.5095980914345355,13.758984521809996,23.77062518560456,13.583670715017753,1.818935294527516,13.583669348675745,0.0011062747338046464,1,1,0.045128870458689525,0.026680146705864705,0.10875264769454683,2.4098242785424424,True,True,1.4214420276602997e-14,1.0902062318947644e-14,9.12111731059766e-15,True,0.0667122630549902,0.4652866157331114,True,A-C|B-B|C-A|C-D|D-F|E-E
central-trapezoid,central-parallelepiped,168,10,True,18,585,109,109,0,1.5272782257709188,13.838178762720604,23.753006499122105,13.606575231511416,2.1326055816154423,13.606533635251003,0.0011402906889923514,1,1,0.045089940550885624,0.0249077483778146,0.10868128481836736,2.4103222024814297,True,True,1.054593303515244e-14,8.515469183756915e-15,6.221212756561689e-15,True,0.16766592184114334,0.41981971932396717,True,A-D|B-C|C-E|D-A|D-B|E-C
3X2,3X2,720,10,True,268,489,414,414,0,1.9275077033553134,14.126245312070324,23.72813345481141,13.941569879960237,1.3197908668028233,13.941569171418818,0.0009441052262015859,1,1,0.044857166261539475,0.010156824254022008,0.10883015511895133,2.4261486890281407,True,True,6.233089088255905e-15,4.782987168225453e-15,3.9968028886505635e-15,True,0.1996871374912286,0.4361681820504353,True,A-E|B-F|C-B|D-A|E-D|F-C
cross,base-trapezoid,168,10,True,30,536,98,98,0,1.589506520840122,14.702033875554548,23.313245901892756,14.169573221949527,3.454438733721997,14.169567841144268,0.013647432259110026,2,1,0.04483901491110774,0.011888811768595266,0.11000567228368313,2.4533472133981244,True,True,1.0667461100097176e-14,5.356250817836112e-15,9.225253573670289e-15,True,0.21524043613620883,0.4993505740910072,True,A-E|B-B|C-B|D-A|D-C|E-D
horizzontal-parallelepiped,3X2,720,10,True,148,1837,458,458,0,1.588531656606334,13.890019868593827,23.78870052910064,13.732124994831974,1.821683940963909,13.732124034231104,0.0010152102397373852,2,1,0.04455531713730504,0.022561832588915597,0.10722571164967883,2.406574984512936,True,True,9.618178027917695e-15,9.228217591113521e-15,2.7109682159298164e-15,True,0.08475007441438115,0.3846245126357791,True,A-B|B-D|C-E|D-C|E-F|F-A
base-trapezoid,two-triangles,360,10,True,12,1185,260,260,0,1.5333404589948363,14.221551345016254,26.22655760592256,12.820373814113841,5.896164499525587,12.820373814113841,0.04093194463888139,1,1,0.044296093932742114,0.03410385930914012,0.11507537449665371,2.5978673124402523,True,True,9.691426702394066e-15,6.530527749616485e-15,7.160723346098895e-15,True,0.06725787130427473,0.443009111449057,True,A-A|B-D|B-E|C-B|D-F|E-C
hexagon,cross,360,10,True,8,1385,262,262,0,1.689351020661575,14.553852345667275,23.307936244446918,14.455816465332683,1.2773591526785972,14.455784614273268,0.0009464475928542271,1,1,0.044189892136761375,0.01590468901344159,0.1070876602502212,2.423351926698537,True,True,5.338314359524835e-15,3.210061615366513e-15,4.265337574760008e-15,True,0.052972451291152654,0.5194900697183719,True,A-C|B-A|C-D|D-B|E-E|F-D
parallelepiped-int,3X2,180,10,True,52,616,74,74,0,2.1428257491270988,13.761047791881634,23.688096770674505,13.704671512335928,1.3197591303315357,13.704662436940431,0.0011985838546886285,2,1,0.04416581072811454,0.010331310678155275,0.10598814938160797,2.4096120165496933,True,True,1.010973743638762e-14,4.351167857633658e-15,9.125465977548383e-15,True,0.05118028238256919,0.42827695480702754,True,A-A|B-C|B-E|C-D|C-F|D-B
rectangle-opposite,base-trapezoid,78,10,True,0,245,60,60,0,2.357402223791834,14.870712100053995,21.305398451440528,14.470749046463766,2.2073169196235143,14.470745239392752,0.0015569595619311372,1,1,0.044164765731956934,0.06494324511975423,0.10637982611432976,2.4087035072248777,True,True,9.031369600106461e-15,3.8734693284902e-15,8.158545962055544e-15,True,0.07556782805543794,0.507168727450094,True,A-B|A-D|B-A|C-B|D-C|D-E
rhombus-ext,central-trapezoid,78,10,True,6,254,47,47,0,2.2060200360370446,14.02220804275085,23.740831430851006,13.93252748292866,1.6244751129357584,13.932527089103427,0.00260973509620932,2,1,0.04414532079582009,0.013650790139967964,0.10733862055512552,2.431483532571563,True,True,6.914234360057172e-15,5.687116766346677e-15,3.932345314406369e-15,True,0.26787424706002044,0.5202372758899162,True,A-A|A-C|B-B|C-D|D-D|D-E
hexagon,vertical-parallelepiped,720,10,True,124,1874,455,455,0,1.5894118546339182,13.788349898955207,23.803041103596183,13.60535024369739,1.7830605512241986,13.605349203468679,0.0010906719516583507,1,1,0.04411014270896546,0.026576342504520636,0.10643701973062374,2.412982892231501,True,True,6.31907356524431e-15,5.725525195945261e-15,2.673771110915334e-15,True,0.050002356365240426,0.36945378526400835,True,A-A|B-D|C-E|D-F|E-C|F-B
hexagon,rectangle-opposite,180,10,True,24,630,114,114,0,2.2330886336433284,13.607555727776488,23.316036787565363,13.379190896892798,2.05017892601123,13.379189071383163,0.001234747342861553,7,1,0.04409418315819937,0.03241022147866952,0.10583274293429516,2.4001520235581326,True,True,7.009266070203071e-15,6.081837590192858e-15,3.4844027277880974e-15,True,0.11150501106715802,0.3515440624678419,True,A-B|B-C|C-A|D-D|E-D|F-A
rectangle-opposite,3X2,180,10,True,76,109,93,93,0,3.3298782536090106,13.788425566912178,23.102346754398337,13.587200822335436,1.9419382138687704,13.587200686174445,0.0017491145904564576,1,1,0.044061629689137315,0.03754049021234274,0.10563498428920842,2.3974370679087937,True,True,8.232575804475413e-15,4.159431383214969e-15,7.104536223059209e-15,True,0.10480553440708013,0.3846245126357791,True,A-D|A-F|B-A|C-B|D-C|D-E
2X3,3X2,720,10,True,228,631,451,451,0,1.8198877242414129,13.736647595552405,23.816064111133045,13.57133958194736,1.4878747379685642,13.57133880139667,0.001039686287587216,3,1,0.04402592514829229,0.028069800878669608,0.10542224017780925,2.394549116746919,True,True,5.438959822042073e-15,3.607797795906347e-15,4.070144838902081e-15,True,0.0938466201523473,0.4759218661878611,True,A-C|B-F|C-A|D-D|E-B|F-E
pentagon,vertical-parallelepiped,360,10,True,0,1612,261,261,0,1.6445668067588777,13.45715395698442,24.24294033451901,13.221261974721834,2.251132906456454,13.221140459332844,0.0016351510969112582,6,1,0.0440216834624166,0.02876739390755395,0.10620361328936272,2.4125295748862894,True,True,1.459426066677148e-14,1.3873790429220374e-14,4.5288390936029406e-15,True,0.10057100710802008,0.3886873512957292,True,A-A|B-D|C-B|D-F|E-C|E-E
wave,cross,168,10,True,28,661,100,100,0,1.6140799810727087,14.58213334474149,22.977876636327313,14.495397992928767,1.2930749152957144,14.495397992580886,0.0009040883771902486,1,1,0.04392524177624604,0.006758090592101579,0.10651378057780002,2.4248877472406014,True,True,6.936895214610187e-15,3.972054645195637e-15,5.687116766346677e-15,True,0.05071673947113901,0.4475031594694418,True,A-D|B-C|C-A|C-D|D-B|E-E
vertical-parallelepiped,rhombus-int,180,10,True,40,454,106,106,0,1.6434874639384998,13.980706241577284,23.61291261821211,13.8734243870441,1.7493532771704667,13.873407076955287,0.0013328046274194705,2,1,0.04368232366890461,0.02290421552153456,0.10605687435575713,2.4279128363140177,True,True,7.384652433345355e-15,3.3898183461937905e-15,6.560657218687885e-15,True,0.23114902185720937,0.45336865794965664,True,A-A|B-B|C-C|D-C|E-D|F-B
rectangle-same,base-trapezoid,78,10,True,18,146,48,48,0,2.243224793251137,15.068757741677071,22.720155260433977,13.475411211543069,5.212558358083383,13.473906861499811,0.03282521176677733,1,1,0.04361569511122925,0.07479484346819486,0.11235158709965981,2.575943976431867,True,True,8.09340401342619e-15,3.66205343881779e-15,7.21751710325552e-15,True,0.07556782805543794,0.4668891668184871,True,A-B|A-D|B-A|C-B|C-E|D-C
horizzontal-parallelepiped,wave,360,10,True,68,745,220,220,0,1.7224103620623599,14.051792084029175,23.557603376842064,13.967830622039578,1.4608947271453503,13.967775230096954,0.0010802951716684106,2,1,0.043572930468492414,0.014458975766479625,0.10471499831439332,2.403212205112363,True,True,0.5893609182192151,0.06676952728289505,0.585566496779499,True,0.13375044710598938,0.36990647383846204,True,A-C|B-D|C-C|D-A|E-E|F-B
central-parallelepiped,pentagon,168,10,True,0,603,130,130,0,1.7068541653058096,13.880016829037354,23.428961477009718,13.6722287117965,1.9045349075557065,13.6722287107519,0.0005908090069137728,1,1,0.04352804290360235,0.029251571650207336,0.10500426143288012,2.412335920211796,True,True,1.0695084443661336e-14,7.377764055609925e-15,7.742959950613002e-15,True,0.05854812886921447,0.3581303928054846,True,A-E|B-D|C-A|C-C|D-E|E-B
pyramid,hexagon,720,10,True,0,2036,559,559,0,1.5615791390907017,15.780507594092825,23.092802028262522,15.081705097540706,4.632847621892177,15.081411839114093,0.005676612486210431,2,1,0.043496843454084735,0.026565415006495237,0.11059753156979003,2.5426564961325706,True,True,6.879800455918813e-15,5.617333549722722e-15,3.972054645195637e-15,True,0.08632266281757914,0.39527610412442066,True,A-E|B-F|C-B|D-D|E-A|F-C
parallelepiped-ext,base-trapezoid,78,10,True,0,212,56,56,0,2.448107569434673,14.903677347645843,21.009852656217117,14.648927649552544,1.819676770064831,14.648923683971855,0.0015447055407671328,1,1,0.043441954360963944,0.02420819803204885,0.10621065565266691,2.5001135725007124,True,True,2.60525380415276e-14,2.4037419170782156e-14,1.0046751614992642e-14,True,0.15555707358765414,0.4446994208396341,True,A-B|A-D|B-B|C-A|D-C|D-E
base-trapezoid,rhombus-int,78,10,True,12,420,25,25,0,1.8361665691464428,14.334266621277692,25.86845347617997,12.747125793147802,5.885304653719514,12.747125793147802,0.04243167436658446,1,1,0.04341210686624653,0.022876417537654115,0.11260416389552384,2.593842409963176,True,True,1.0087767680389479e-14,5.0242958677880805e-15,8.747542958250513e-15,True,0.14232149778427988,0.49463167676755143,True,A-B|B-A|B-C|C-B|D-D|E-C
vertical-parallelepiped,3X2,720,10,True,136,1532,474,474,0,1.6194430469323882,13.9027401722601,23.95369663912118,13.710743904843277,1.8177470050533606,13.710743903904728,0.001097775920171351,2,1,0.0433520828480298,0.01962452695854833,0.1045721845415004,2.4121605623443036,True,True,7.215595591812694e-15,6.646518689688359e-15,2.808666774861361e-15,True,0.07183276835898927,0.3846245126357791,True,A-B|B-A|C-D|D-C|E-E|F-F
2X3,base-trapezoid,360,10,True,100,585,210,210,0,2.107011263671487,14.866473400344418,21.301787612770706,14.77035398030004,1.9884398692332992,14.770350833627099,0.001187627611287212,1,1,0.04314731978780528,0.038683421099747484,0.10379756543304043,2.4056549964982232,True,True,1.0695084443661336e-14,9.057678187205881e-15,5.687116766346677e-15,True,0.14791625621687243,0.44904494826803076,True,A-B|B-D|C-B|D-A|E-C|F-E
central-parallelepiped,rhombus-ext,78,10,True,22,72,48,48,0,9.160180544308627,14.235980007933172,23.13210196282674,14.110272568183339,1.802800920935701,14.11024869335499,0.004450199744852057,1,1,0.04302026338124369,0.01369518513811922,0.10449459028573939,2.4332312130470366,True,True,1.3605607156966169,0.6539025852697624,1.1931206435538744,True,0.49590027782699986,0.45336865794965664,True,A-A|B-A|C-B|C-D|D-D|E-C
rectangle-same,central-parallelepiped,78,10,True,26,164,35,35,0,1.7534618207996313,14.062917170876581,24.801043456698398,12.538939079628634,5.197783438058394,12.538023333759327,0.01827448504480067,1,1,0.04291476384721588,0.051887183263067696,0.11133484448088878,2.594324994476503,True,True,7.786923074108423e-15,5.617333549722722e-15,5.39274834877743e-15,True,0.2011456302235052,0.4652866157331114,True,A-A|A-B|B-C|C-D|C-E|D-C
rectangle-same,rhombus-ext,34,10,True,14,55,14,14,0,2.4929039951388505,13.973612400901953,24.727651183778033,12.732534569313481,4.715722598198367,12.732476606349149,0.04365238299975438,2,1,0.04287879967690554,0.05124107651957014,0.11058175893263748,2.5789378379497094,True,True,8.565282493038633e-15,4.351167857633658e-15,7.377764055609925e-15,True,0.20422836922613147,0.39028483721018153,True,A-B|A-C|B-A|C-A|C-D|D-D
3X2,base-trapezoid,360,10,True,48,1135,240,240,0,1.6236334913083494,14.751239174948616,22.0226705589537,14.658663030253214,1.6272053036730065,14.658607681631562,0.000981693118475846,2,1,0.042793355043547476,0.017732766134945746,0.10376425558648261,2.424774955852136,True,True,6.647040594119255e-15,4.612856925730597e-15,4.785885460665405e-15,True,0.0865982792422022,0.4341882410243255,True,A-A|B-B|C-E|D-C|E-D|F-B
3X2,central-parallelepiped,360,10,True,88,672,206,206,0,1.8083271660116023,13.942633566274747,23.732705217165456,13.746481159570557,2.0861455281309453,13.746481107697871,0.0014597945923773281,3,1,0.042756638591930525,0.016510720442323188,0.10329079079806835,2.4157837051662536,True,True,8.406228689222115e-15,2.8522145930998398e-15,7.907563005781823e-15,True,0.11883491840235728,0.3676539667191418,True,A-C|B-D|C-C|D-A|E-E|F-B
horizzontal-parallelepiped,rhombus-int,180,10,True,44,525,105,105,0,1.708719331857547,13.868284780097436,23.420606824886118,13.78582681051114,1.5352303644371144,13.78582643596869,0.0008734713680773609,4,1,0.0426104945530972,0.020476185209952005,0.10354756067969084,2.4300952562439657,True,True,8.43495550536759e-15,2.2644195468014703e-15,8.125323285481904e-15,True,0.3396824849717858,0.5089644839199717,True,A-B|B-A|C-B|D-D|E-C|F-C
rhombus-int,base-trapezoid,78,10,True,12,429,30,30,0,1.9096659564306677,14.788919588588907,21.866121453492067,14.655685858934662,1.9017339283485324,14.655659141270364,0.001501900202322659,4,1,0.04246294003530401,0.015210621503718973,0.1026396012334491,2.4259924031460858,True,True,9.53499970250244e-15,8.140289677804162e-15,4.965068306494546e-15,True,0.21524043613620883,0.4993505740910072,True,A-E|B-A|B-B|C-B|C-D|D-C
rhombus-int,pyramid,180,10,True,12,556,121,121,0,2.2304012694771567,12.970790613873305,25.3636846503332,12.812502255195191,1.5866684609687556,12.812502255195191,0.0011182182225191184,2,1,0.04233981387594724,0.01922210747396537,0.10241826732739186,2.4189588463348084,True,True,6.382952687317977e-15,2.898066233625156e-15,5.687116766346677e-15,True,0.11002267832771204,0.4475031594694418,True,A-A|B-B|B-D|C-C|C-E|D-F
rectangle-opposite,rectangle-same,34,10,True,14,38,16,16,0,3.8818131744907807,14.740257819558462,21.485353580373047,13.832694271499019,3.723191938643984,13.832640730170738,0.004011914082756363,3,1,0.04232971437423477,0.049969513351382125,0.10171495085731269,2.402920793607445,True,True,1.1597447320000317e-14,1.0443180557033613e-14,5.043883840194739e-15,True,0.43101091518415474,0.3926817942954417,True,A-A|A-B|B-D|C-C|D-A|D-C
central-parallelepiped,pyramid,360,10,True,10,1410,210,210,0,1.5648849014890382,12.847191363777469,25.464057849942193,12.655048471862248,1.8213823992604405,12.655033033588207,0.0013026794766384242,2,1,0.04223703587146702,0.02385676528124032,0.10203958167919852,2.4158793242432703,True,True,9.326534230477077e-15,5.417387826669829e-15,7.591847593814708e-15,True,0.16925383776255923,0.45336865794965664,True,A-A|B-B|C-C|C-D|D-E|E-F
arrow,horizzontal-parallelepiped,360,10,True,46,903,247,247,0,1.5219196182650343,13.849516930672849,23.70562405486046,13.659665794987514,2.0039701827964618,13.659662013519823,0.0012619291067608174,1,1,0.04221611582285009,0.03038470758150703,0.10096492895968487,2.404003985939424,True,True,9.162577531447967e-15,8.351845947203344e-15,3.76822190084106e-15,True,0.1260039589860245,0.32651322683833955,True,A-F|B-A|C-D|C-E|D-C|E-B
triangle,2X3,90,10,True,30,125,48,48,0,1.8075919501264304,13.964036485184666,23.554142428911955,13.906623452135047,1.2840774508015012,13.906623347585118,0.000970589354482243,2,1,0.042197781766710754,0.014501214385939525,0.10202209178197312,2.417712199802335,True,True,7.054067393152984e-15,5.99211958652363e-15,3.722145839155691e-15,True,0.18632900272679512,0.48333701435588255,True,A-C|A-E|B-B|B-D|C-A|C-F
pyramid,2X3,720,10,True,64,1445,548,548,0,1.7048514543898274,15.436963417625401,22.552844756008312,14.603289095940465,4.615682771698395,14.603243888710535,0.011073078447955353,1,1,0.04195537193082813,0.04576816532683105,0.10622614644234253,2.531884274973839,True,True,1.3363437765310151e-14,1.0242973220427484e-14,8.58271335376657e-15,True,0.15695969043670036,0.4475031594694418,True,A-F|B-D|C-B|D-E|E-C|F-A
central-parallelepiped,3X2,360,10,True,88,660,204,204,0,1.5223164219595373,13.988832118499985,23.732549209130546,13.760140123027515,2.0305576655566417,13.760105993993317,0.0014428785811704259,1,1,0.04158407707740385,0.016524425604738175,0.10044869057318467,2.4155565695545267,True,True,7.095879964180615e-15,6.89411847443645e-15,1.680072297996111e-15,True,0.1845469345566126,0.3846245126357791,True,A-E|B-B|C-D|C-F|D-A|E-C
3X2,vertical-parallelepiped,720,10,True,136,1508,462,462,0,1.546972121053165,13.850271574079262,23.96280053100574,13.653022875240941,1.8691690601223052,13.65300528103815,0.0011340815875584553,1,1,0.04156188835085939,0.019624526958548383,0.10027294289204806,2.412617589594547,True,True,7.678418339836503e-15,5.339468714465245e-15,5.5179871374247005e-15,True,0.1356867343664309,0.3676539667191418,True,A-E|B-F|C-B|D-A|E-D|F-C
2X3,rhombus-int,180,10,True,64,435,77,77,0,1.7428951898230416,13.86493881189117,22.884266238761395,13.638377708987285,1.9806825697513137,13.638375443816459,0.0023343317351525172,2,1,0.04153363661407243,0.033306772107388465,0.10051570915062236,2.420103736270607,True,True,8.254566050887526e-15,7.354337211075899e-15,3.748544367384395e-15,True,0.2896813514507822,0.45336865794965664,True,A-A|B-D|C-B|D-C|E-B|F-C
rectangle-same,central-trapezoid,78,10,True,4,325,47,47,0,1.9005029972083858,14.107240483566015,25.77773735544698,12.700319883266516,5.2305713267714715,12.700264315255566,0.026000960290229358,1,1,0.041440199079208276,0.039628971498726434,0.10617929983387828,2.5622294823180867,True,True,6.767741240079397e-15,6.241194669629779e-15,2.6172142801949277e-15,True,0.11188183245892332,0.4531133653291396,True,A-C|A-D|B-D|C-A|C-E|D-B
parallelepiped-int,cross,78,10,True,8,379,42,42,0,1.6810592027068774,14.395392682363896,22.533784968059187,14.279839868826274,1.526441213309983,14.279839866026668,0.0009179771676084414,2,1,0.041405708890181255,0.007958732362442104,0.09999757828558578,2.4150674137908243,True,True,6.993523870246153e-15,3.66205343881779e-15,5.9580819677934555e-15,True,0.06296225973410899,0.49520082211586375,True,A-A|B-D|B-E|C-B|C-C|D-D
rectangle-opposite,rectangle-opposite,34,10,True,18,38,12,12,0,2.9335347475920392,13.955774268932181,22.011232219008658,13.633580703241577,3.3384311668723567,13.633580199285655,0.0016879603032826651,1,1,0.04138384931502682,0.051471360093885095,0.09974421261573126,2.4102207568089447,True,True,1.0759430181993073e-14,5.634860374059478e-15,9.16589801416303e-15,True,0.35251747362679714,0.32651322683833955,True,A-A|A-D|B-A|C-C|D-B|D-D
central-trapezoid,horizzontal-parallelepiped,360,10,True,16,1195,255,255,0,1.507352448242226,13.749658141446432,23.563266101859035,13.579388021256026,2.0111977511476744,13.57938104946181,0.001108922539323487,4,1,0.041245208959373544,0.022081853944590297,0.09928507381979769,2.4071904670817235,True,True,8.736637839692327e-15,7.14436549674796e-15,5.0286064064332066e-15,True,0.11544057568647487,0.41981971932396717,True,A-C|B-E|C-D|D-A|D-B|E-F
two-triangles,cross,360,10,True,4,1658,247,247,0,1.6410218487494712,14.458755710321965,23.03458556759676,14.349300368190349,1.4131850537508475,14.34930018698313,0.00081462148393463,1,1,0.04104218705645649,0.01478153981359015,0.09921233813532543,2.417325811581427,True,True,3.440632506053367e-15,2.4521358351576728e-15,2.4134999249319764e-15,True,0.06870619841975627,0.503420624847555,True,A-D|B-A|C-B|D-C|E-E|F-D
pyramid,arrow,360,10,True,37,583,278,278,0,1.654904211183196,15.713311421338043,22.47975471002146,14.982881439248672,4.621019129542433,14.982613433811336,0.01216580093611519,2,1,0.04103613550160324,0.018120166287185328,0.10112272239768574,2.560261412995554,True,True,5.17892563931115e-15,4.782987168225453e-15,1.9860273225978185e-15,True,0.1032572795041736,0.42827695480702754,True,A-A|B-C|C-D|D-C|E-B|F-E
central-trapezoid,rectangle-same,78,10,True,4,337,48,48,0,1.6841646021616472,14.57395597562347,21.712132183991535,14.442774923052589,2.2805410424589962,14.442716926926542,0.0012648964517723016,2,1,0.04100144606911866,0.032232630093207086,0.09803567832524356,2.4039021861258645,True,True,1.397737829246311e-14,1.3295847804910707e-14,4.311326371230795e-15,True,0.08940143105754272,0.3676539667191418,True,A-A|B-A|C-C|D-C|D-D|E-B
parallelepiped-int,vertical-parallelepiped,180,10,True,28,698,114,114,0,1.908672384911168,13.70799420265271,23.740900096449533,13.565273085821097,1.7350919716245592,13.565259142939944,0.0008642330900237027,4,1,0.04081511261107613,0.019377084509867797,0.08786133907875805,2.3882623262504663,True,True,7.533990132790234e-15,5.748554284146054e-15,4.869818370658876e-15,True,0.08446371459322005,0.41302574003819187,True,A-E|B-C|B-D|C-A|C-F|D-B
horizzontal-parallelepiped,2X3,720,10,True,168,1545,442,442,0,1.7461815473266407,13.625154241007229,23.83408391461396,13.283859972491467,2.5624272252557216,13.283855650881696,0.0014700115653223378,7,1,0.040798107589897895,0.036565871619886836,0.09646837460421251,2.3824411004164867,True,True,9.972250391181711e-15,8.926082647349967e-15,4.446439748506845e-15,True,0.17269707893251862,0.32651322683833955,True,A-E|B-C|C-A|D-D|E-B|F-F
central-trapezoid,vertical-parallelepiped,360,10,True,36,1428,227,227,0,1.508612526981716,13.779614009775557,23.95761864946208,13.559437346763584,1.939257918738433,13.559437095964181,0.0009085436203282171,2,1,0.040664741454803546,0.020013058611812608,0.09780306407699126,2.4051072397864273,True,True,1.2592102364157598e-14,1.1916163935586911e-14,4.070144838902081e-15,True,0.26852051181731756,0.4652866157331114,True,A-C|B-D|C-E|D-A|D-B|E-F
rectangle-opposite,2X3,180,10,True,72,146,94,94,0,2.776850657082022,13.647254225643604,22.257854473389038,13.362090573972516,2.407389093136195,13.362090573765302,0.0031261375680742276,2,1,0.040591351117686525,0.071897415290878,0.09659652931642347,2.397059242688435,True,True,1.6207735234714224e-14,5.4025784115714076e-15,1.5280799322856756e-14,True,0.1129376939867447,0.32651322683833955,True,A-E|A-F|B-A|C-B|D-C|D-D
rhombus-ext,arrow,78,10,True,6,319,45,45,0,1.886078738621006,13.951879572237324,23.77571000719523,13.855488155105123,1.485597964937153,13.85548798939167,0.0009043139041935433,2,1,0.040586934616092994,0.019741528989905197,0.09800452239955523,2.414681555199189,True,True,1.1478465864890834e-14,8.629083026711302e-15,7.569286936666293e-15,True,0.1032572795041736,0.32747907437451723,True,A-B|A-C|B-D|C-E|D-A|D-C
rectangle-opposite,wave,78,10,True,22,226,40,40,0,2.7016878061340273,13.861080346314196,23.001001582038757,13.785597585599557,1.5478918433706563,13.785597361979558,0.0008644459111533109,1,1,0.040554652793758195,0.019871224203027543,0.09805644649995243,2.4178840094778073,True,True,1.0897306989663155e-14,5.473129267888829e-15,9.423171209520718e-15,True,0.10229393814506535,0.5174248366170574,True,A-A|A-C|B-B|C-C|D-D|D-E
central-trapezoid,pentagon,168,10,True,0,670,120,120,0,1.572523222850614,13.921661206936164,23.46525474499183,13.791539933679132,1.7632816963511493,13.79152310477843,0.0008542585906754496,6,1,0.040533645734289546,0.017706928428064546,0.09753062972434076,2.406164754181844,True,True,1.4453381212153757e-14,1.0814278949565478e-14,9.589139651961702e-15,True,0.13121427730957658,0.39317342332716687,True,A-E|B-A|C-C|D-B|D-D|E-E
3X2,arrow,360,10,True,44,1570,187,187,0,1.5589359242651772,13.955591448303652,23.78892074650983,13.813530998937779,1.5682724855481753,13.813529948372146,0.0010871648147938728,3,1,0.040530581708545545,0.0135125332060595,0.09834075814028202,2.426334732806158,True,True,3.76822190084106e-15,2.5121479338940403e-15,2.808666774861361e-15,True,0.08096940055903461,0.3676539667191418,True,A-B|B-C|C-D|D-C|E-E|F-A
base-trapezoid,3X2,360,10,True,48,995,242,242,0,1.6399175253445781,14.302147924655301,25.988807901962165,13.209310235931845,5.418719844269069,13.209310235931845,0.030086214309493542,2,1,0.040295536015772064,0.016408595053418643,0.10421823823800898,2.5863469888380926,True,True,9.553493721436561e-15,8.28912958572572e-15,4.749691884383062e-15,True,0.06749060962799709,0.44904494826803076,True,A-E|B-A|B-C|C-D|D-F|E-B
3X2,central-trapezoid,360,10,True,20,1379,245,245,0,1.5459757018050484,13.917373712801503,23.779661051823165,13.803695459125597,1.6672030729224288,13.80365513509597,0.0009458327765141661,1,1,0.040057098623122414,0.012590932033204764,0.09707678502979467,2.423460219701444,True,True,1.2166443740622665e-14,9.53499970250244e-15,7.556860060039144e-15,True,0.06168964028279491,0.4361681820504353,True,A-D|B-E|C-D|D-A|E-B|F-C
hexagon,central-trapezoid,360,10,True,24,1070,273,273,0,1.5685796589184355,13.877998483437352,23.845562768393854,13.775986390259233,1.569239472187387,13.775986194634811,0.0008601194321977701,2,1,0.039967925060671296,0.012027807275855205,0.09636920553199901,2.4111635864436445,True,True,8.379058453350832e-15,8.140289677804162e-15,1.9860273225978185e-15,True,0.07588757017104093,0.5167335944924983,True,A-D|B-C|C-A|D-B|E-D|F-E
wave,two-triangles,360,10,True,32,1022,248,248,0,1.5121797734342488,13.947387632419593,23.655507686423167,13.886701304578981,1.255572849132256,13.886700717216668,0.0006388777002781509,6,1,0.03987220768552007,0.006340828479004942,0.09641613400107782,2.418128806950716,True,True,1.1937350081035126e-14,8.899114524108741e-15,7.95651227888113e-15,True,0.054991727625357804,0.5141693843650431,True,A-A|B-C|C-D|C-E|D-B|E-F
wave,rhombus-int,78,10,True,14,418,45,45,0,1.5021261203250391,13.911240131867563,23.584026510325952,13.802177413376779,1.389586194319448,13.802162492164458,0.0008923608922160042,3,1,0.039704019452793275,0.005937172960695175,0.09645427814799827,2.4293328352480565,True,True,7.599150179625803e-15,6.5653524581199634e-15,3.8266474299528865e-15,True,0.28892212165018033,0.5174116091873102,True,A-C|B-A|C-B|C-D|D-C|E-B
rectangle-same,horizzontal-parallelepiped,180,10,True,26,537,109,109,0,1.7137268592418589,14.079770400228782,25.10613098989624,12.546156645206404,5.355262968966537,12.546077674899129,0.02208574809995234,1,1,0.039577665633022625,0.0533620009071098,0.10144525893379286,2.578089999619561,True,True,1.1061528414049846e-14,1.0792922513589162e-14,2.4228566755985166e-15,True,0.1260039589860245,0.32651322683833955,True,A-A|A-D|B-F|C-C|C-E|D-B
base-trapezoid,central-parallelepiped,168,10,True,12,712,88,88,0,1.7994697357760954,14.152334838211477,25.858434904878404,12.862839958297567,5.993163579091604,12.862839958297567,0.04191238286271659,2,1,0.03951951329506711,0.02955055421936386,0.10216044384481963,2.5850633099161033,True,True,2.6645352591003757e-15,1.9860273225978185e-15,1.7763568394002505e-15,True,0.06417136132970501,0.3892155522973273,True,A-C|B-A|B-B|C-E|D-C|E-D
trapezoid-int,pyramid,180,10,True,16,432,139,139,0,1.9526615049934954,14.238189913291563,24.20168572371261,13.808946426508628,5.30491202854571,13.808945908460057,0.004111092427436347,1,1,0.039517215255899456,0.014068876574433658,0.10238277594398155,2.5908398474180694,True,True,8.005932084973442e-15,7.337557957613285e-15,3.2023728339893768e-15,True,0.09848865814860445,0.4652866157331114,True,A-A|B-B|B-D|C-C|C-F|D-E
3X2,wave,360,10,True,40,1126,241,241,0,1.5893282329100573,14.095181624709351,23.817153742874304,13.99712875230329,1.3068557839410757,13.997101286425375,0.0008999296046008354,2,1,0.0394019999582346,0.006266042726645934,0.09546729825356802,2.422904886928623,True,True,4.88624276255076e-15,4.070144838902081e-15,2.7035697373913694e-15,True,0.07434667826229913,0.5628938861563084,True,A-C|B-A|C-B|D-C|E-D|F-E
pyramid,base-trapezoid,360,10,True,21,1055,258,258,0,1.9366215712599002,15.741414150752698,22.72999141021414,13.570289749132996,4.604325585524765,13.570289740301599,0.00532319922324298,6,1,0.03935544096597389,0.02478029794815245,0.09463931220868776,2.5362217177260984,True,True,6.78690513370569e-15,6.772360450213455e-15,4.440892098500626e-16,True,0.08489774029962718,0.3832241553251438,True,A-B|B-A|C-C|D-D|E-B|F-E
vertical-parallelepiped,arrow,360,10,True,48,1469,222,222,0,1.6107639233241076,13.786716548422275,23.96089861620351,13.572449706204909,1.7892724909801325,13.572449348712993,0.0007667763451468801,1,1,0.03928526231198599,0.02683351845360212,0.09424892371179278,2.399091113693221,True,True,1.2254620988205054e-14,7.032314791943839e-15,1.0036049234213813e-14,True,0.09724707432395896,0.42827695480702754,True,A-A|B-E|C-C|D-B|E-C|F-D
central-trapezoid,two-triangles,360,10,True,16,1524,243,243,0,1.5351896897375128,13.830404327188987,24.07274377919637,13.66095824045265,1.6375497764378424,13.66094732321336,0.0008381528627268153,3,1,0.039243621300693796,0.015850054376018358,0.09462744864889551,2.4112822800892375,True,True,5.575190277032797e-15,3.0046243149479055e-15,4.69627292127969e-15,True,0.20055554091853284,0.4652866157331114,True,A-C|B-F|C-B|D-A|D-D|E-E
rhombus-ext,trapezoid-ext,34,10,True,6,91,21,21,0,9.164506209464035,14.681964408515544,22.584615255438184,14.680965582763303,0.8295357953947534,14.680965579123228,0.0005603967391802911,1,1,0.03921642808510347,0.006800099882851231,0.09514699033079371,2.426202358978627,True,True,8.379058453350832e-15,8.140289677804162e-15,1.9860273225978185e-15,True,0.1394761916589179,0.5104643952920104,True,A-B|A-D|B-A|C-A|D-C|D-D
two-triangles,triangle,90,10,True,8,315,62,62,0,1.5427517811357678,14.051009224415578,23.73653010869822,13.958844094457296,1.233532773354391,13.958843155341809,0.0007938925345882808,1,1,0.03914964634442195,0.009208801747351631,0.09489504525923922,2.4239055552224644,True,True,1.9214237003936263e-14,1.8374778024090335e-14,5.617333549722722e-15,True,0.11424688218824429,0.49334734188897683,True,A-B|B-A|C-C|D-C|E-B|F-A
central-trapezoid,2X3,360,10,True,44,1181,227,227,0,1.596368121801288,13.627282419967132,23.5307959551839,13.427288438089588,2.0902260563107533,13.427270273872278,0.0012104210688104189,2,1,0.038983886123758346,0.022980363778766808,0.09309832701929964,2.3881233062232288,True,True,7.43315872402566e-15,6.662783593823665e-15,3.2953244754398602e-15,True,0.09263234916179225,0.41115190529900336,True,A-D|B-E|C-A|D-B|D-F|E-C
hexagon,hexagon,720,10,True,240,1449,354,354,0,1.5751177869035946,14.029431455922122,23.667085201721118,13.925940367037077,1.503907770291217,13.925921718103488,0.0014997355180508265,1,1,0.038974586222847996,0.020111911951878867,0.0860242159912187,2.4123151674559073,True,True,1.1963425842424612e-14,1.010272451315933e-14,6.40769188541417e-15,True,0.07437438955533564,0.39527610412442066,True,A-B|B-E|C-A|D-C|E-F|F-D
rectangle-same,2X3,180,10,True,60,140,106,106,0,3.820155991014771,14.268201990454806,25.998537649256708,12.84855877994251,5.569727944927909,12.84855877994251,0.03724968740725476,4,1,0.03869667020435171,0.051178479784716895,0.10053883298311259,2.5981262070400644,True,True,6.772312071962165e-15,4.690355538779433e-15,4.8851587200300415e-15,True,0.26659558025951857,0.45336865794965664,True,A-A|A-D|B-B|C-C|C-F|D-E
pyramid,rhombus-ext,180,10,True,16,592,108,108,0,1.7756397478501427,15.894100991155469,22.63690960397534,15.177687197767522,4.70603515191466,15.17743246514438,0.018857094364682858,1,1,0.03865874446572869,0.021202264914692823,0.09871664225290785,2.553539790730168,True,True,1.708445301822023e-14,1.1269720748118957e-14,1.2840246461466052e-14,True,0.1749074653663909,0.3902008642505306,True,A-C|B-B|C-D|D-A|E-D|F-A
3X2,horizzontal-parallelepiped,720,10,True,148,1677,451,451,0,1.5150370825760802,13.88364452510548,23.777387311617062,13.723329802488113,1.9144732625436742,13.723303834768506,0.001056872645028406,2,1,0.03847326727988684,0.022455888952054654,0.09253434278263344,2.405159460709717,True,True,6.343392640676781e-15,5.320184635156358e-15,3.4546006486479094e-15,True,0.05505036079108625,0.34708706065927497,True,A-F|B-A|C-D|D-B|E-C|F-E
wave,pentagon,168,10,True,0,562,119,119,0,1.5186948630285122,14.168578411544,23.546577064147492,14.075364239067305,1.5197718905740025,14.075358631773636,0.001083818627708233,5,1,0.038334816106111204,0.009175903419362108,0.0931872091142199,2.4308766437349445,True,True,1.3233560403725999e-14,8.565282493038633e-15,1.0087767680389479e-14,True,0.20961559972858712,0.40552834608520305,True,A-A|B-E|C-C|C-D|D-B|E-E
rhombus-ext,cross,78,10,True,24,148,38,38,0,1.7944678762780804,14.630622361879853,22.587106110132133,14.516422350549579,1.5008791340811052,14.516421770350972,0.0014309930247558,1,1,0.038084910594331375,0.00996418177154053,0.09208543891972815,2.417898256361781,True,True,8.770034255012396e-15,5.953906239051081e-15,6.439293542825908e-15,True,0.22761054642904863,0.49735129699233444,True,A-A|A-D|B-E|C-B|D-C|D-D
triangle,rectangle-opposite,15,10,True,2,53,9,9,0,1.5229260137731861,13.664345606773754,22.533249904646993,13.55344763348328,1.2739395050072324,13.553447556231557,0.0008320112696935666,2,1,0.037967152903440354,0.009705144146269537,0.09186810072004084,2.4196731567859096,True,True,6.060638241914243e-15,6.060638241914243e-15,0.0,True,0.18632900272679512,0.483970554010485,True,A-C|A-D|B-A|B-B|C-A|C-D
pyramid,rhombus-int,180,10,True,12,718,113,113,0,1.672386069459156,15.659484210080556,22.146368103055778,15.096705415883896,4.566057156567119,15.096525154843377,0.020800091767628537,1,1,0.03791727277840137,0.020741577365670238,0.09625993764364392,2.540249446669538,True,True,1.5383701491068513e-14,9.057678187205881e-15,1.2434497875801753e-14,True,0.05923417503195281,0.45336865794965664,True,A-B|B-A|C-C|D-B|E-C|F-D
horizzontal-parallelepiped,cross,360,10,True,28,1166,249,249,0,1.8069027078471724,14.440655458811023,22.886530879071923,14.329135023138706,1.462008561184843,14.329135023116933,0.0011358895870108299,3,1,0.03789964220451142,0.016974636387263948,0.09102420105092815,2.4146561567569096,True,True,1.0048591735576161e-14,9.565974336450906e-15,3.076740298213702e-15,True,0.12481706842300791,0.4375415187649024,True,A-C|B-B|C-D|D-E|E-D|F-A
vertical-parallelepiped,cross,360,10,True,20,1079,250,250,0,1.709287993175852,14.513948632219224,22.73165559434407,14.426786658816885,1.4427420546193988,14.426724292935829,0.0014063321781581095,3,1,0.037765014520536704,0.015191801116083961,0.09114414876439451,2.4134546198792037,True,True,8.036856854696453e-15,5.678712088917687e-15,5.687116766346677e-15,True,0.09519937724613806,0.49573600680125657,True,A-A|B-D|C-D|D-C|E-E|F-B
pyramid,3X2,720,10,True,30,2027,560,560,0,1.6201507932103139,15.637117552060603,22.70329310877065,14.973075037053073,4.580457669657198,14.972878018575875,0.01374603367727012,1,1,0.03771615085003694,0.019218878268679858,0.09614705262891891,2.5492275977792347,True,True,7.72932245703131e-15,7.525746311422758e-15,1.762262211157939e-15,True,0.12196085419772039,0.3846245126357791,True,A-B|B-F|C-D|D-A|E-C|F-E
vertical-parallelepiped,two-triangles,720,10,True,64,2899,432,432,0,1.5170547406100463,13.758781581470137,24.0526800417312,13.578467324704441,1.800905116847914,13.578467318463876,0.0009665641921170476,3,1,0.03765693373868031,0.03170145378861909,0.09047486577527797,2.402608412122104,True,True,1.572798536192756e-14,9.752283983032295e-15,1.2339468410725778e-14,True,0.05203632867502829,0.4652866157331114,True,A-E|B-F|C-A|D-D|E-B|F-C
2X3,triangle,90,10,True,30,127,46,46,0,1.8153065548512646,14.08336896294203,23.28808623253407,14.01737812243422,1.376697960399461,14.017377167061156,0.002132106941830969,2,1,0.03746919168702295,0.014504530092268805,0.09059724841819065,2.417913073090606,True,True,4.773959005888173e-15,3.2803286093439427e-15,3.4684476073050936e-15,True,0.16731656776943923,0.44570029637104946,True,A-B|B-A|C-C|D-C|E-B|F-A
pyramid,central-parallelepiped,360,10,True,10,1314,266,266,0,1.7232669322171035,15.519757154710142,22.381561589129614,14.286142766463296,4.704148422190444,14.286142757109182,0.0058645657057017075,1,1,0.037457997350834125,0.021879521997811416,0.09553879817302925,2.5505580898574594,True,True,1.5434895314732314e-14,1.3673332971056464e-14,7.160723346098895e-15,True,0.09046142671918218,0.4305510598091942,True,A-C|B-B|C-D|D-A|E-C|F-E
parallelepiped-int,hexagon,180,10,True,24,518,124,124,0,1.833181705209865,13.839405786848129,23.595138590681447,13.63896514623853,1.8591798499061452,13.638938379062212,0.0010380482818739267,3,1,0.037206712072476285,0.012556340581770431,0.08988294235557458,2.4157722450854666,True,True,7.740223403624754e-15,7.711505954016605e-15,6.661338147750939e-16,True,0.16834128497759504,0.5053148899188351,True,A-D|B-A|B-C|C-B|C-F|D-E
hexagon,central-parallelepiped,360,10,True,68,1421,212,212,0,1.5872320220106,13.80206991303378,23.746041029850005,13.672352532273232,1.6852275664891665,13.672351198823494,0.0009206291572123604,4,1,0.037145397526650616,0.016850517381766385,0.08966677781532212,2.413940455233764,True,True,1.4099395310285296e-14,1.2434497875801753e-14,6.646518689688359e-15,True,0.05625522551741445,0.32747907437451723,True,A-C|B-D|C-A|D-E|E-C|F-B
arrow,rhombus-ext,78,10,True,6,414,47,47,0,1.7395376370183377,13.922479380811861,23.835494545033992,13.803059116115996,1.480231933736532,13.803045627317232,0.0010391056528309406,2,1,0.037055782134091365,0.019754606206408024,0.08947994392573984,2.414736345381796,True,True,1.1546319456101628e-14,4.782987168225453e-15,1.0509068785146553e-14,True,0.0921745280346655,0.36990647383846204,True,A-C|B-B|C-A|C-D|D-D|E-A
rhombus-int,central-trapezoid,78,10,True,2,252,53,53,0,1.821701522306903,14.067005369465566,23.660921495417718,14.00928367917956,1.4697600045121253,14.009273689492222,0.0010370583109420295,1,1,0.037000375842057336,0.01192602981860798,0.08985226585229386,2.4284149500492695,True,True,8.951507299402696e-15,8.350186187845148e-15,3.2255036133261186e-15,True,0.09428800856835484,0.4993505740910072,True,A-E|B-A|B-B|C-C|C-D|D-D
pyramid,vertical-parallelepiped,720,10,True,22,2527,547,547,0,1.5857993208429435,15.395799566674858,22.497628578878324,14.141081153970498,4.674893785966426,14.14108114501759,0.005360697484126931,3,1,0.03695595290334569,0.030370017777349313,0.0937742606389676,2.5374602268875077,True,True,9.272854936269104e-15,7.793734002518813e-15,5.0242958677880805e-15,True,0.15695969043670036,0.4633533918727237,True,A-D|B-C|C-E|D-F|E-B|F-A
central-trapezoid,cross,168,10,True,4,701,123,123,0,1.633629019061166,14.490343425805142,22.96529113892736,14.39252770900793,1.3819441120566545,14.39252761902886,0.0008433849293894013,3,1,0.036919751800446765,0.008689062317354302,0.08925351777063689,2.425439247784929,True,True,6.0402662910232525e-15,4.351167857633658e-15,4.189529226675416e-15,True,0.11025371296439233,0.4944694914980932,True,A-D|B-C|C-B|D-A|D-D|E-E
triangle,arrow,36,10,True,0,109,24,24,0,1.5608757784601632,14.176420281188411,23.67220618356138,14.035807842019057,1.3251355416930168,14.035784280734616,0.0013272376781756634,2,1,0.03690403376985519,0.007037367563639564,0.08983014264633818,2.4341551172033484,True,True,6.867472058782229e-15,2.0350724194510405e-15,6.559013090834956e-15,True,0.238359797770778,0.42238175706989983,True,A-C|A-E|B-B|B-C|C-A|C-D
vertical-parallelepiped,triangle,90,10,True,18,283,46,46,0,1.5872570939680954,14.109248588532083,23.42955550042547,13.99921649247428,1.340576530215588,13.99916582014542,0.001853277204666881,1,1,0.03689209728220485,0.011421355288750787,0.08913416351347511,2.4160774279555413,True,True,5.676541119866192e-15,2.288783399261119e-15,5.19466934816822e-15,True,0.07954844121285529,0.44570029637104946,True,A-A|B-C|C-C|D-A|E-B|F-B
rhombus-int,central-parallelepiped,78,10,True,22,72,48,48,0,9.316151748876454,14.220862923690646,23.396654496665196,14.1167629275958,1.8592821838492704,14.116756612674594,0.0036694909374794804,2,1,0.036878685327780686,0.013728197769047908,0.08974684761621159,2.43356960310636,True,True,1.0395861869767154e-14,7.32410687763558e-15,7.377764055609925e-15,True,0.47673812327150716,0.5262022682334901,True,A-B|B-A|B-D|C-C|C-E|D-C
triangle,pyramid,90,10,True,8,311,51,51,0,2.4813970650469077,13.072362215773072,25.418515843373825,12.983533742254853,1.2453575639699621,12.983533742254853,0.0012543629636443399,3,1,0.03685185272461725,0.007782184783133542,0.08953829869608987,2.429682419637962,True,True,6.3428626160647376e-15,5.617333549722722e-15,2.945754565036118e-15,True,0.070358301045685,0.4844774206952201,True,A-B|A-E|B-A|B-C|C-D|C-F
rhombus-ext,central-parallelepiped,78,10,True,22,72,48,48,0,9.160019696286458,14.146039942974708,23.1879728311737,14.013083305469912,1.7928931534075703,14.013077911399678,0.004021892145114059,3,1,0.03663728915766693,0.013695185138119197,0.0891468229830727,2.433226503179134,True,True,6.090056526587552e-15,4.530199718267439e-15,4.070144838902081e-15,True,0.46732105530054263,0.5262022682334901,True,A-A|A-B|B-D|C-C|D-C|D-E
two-triangles,rhombus-int,180,10,True,24,808,100,100,0,1.6630473113731796,13.888715209784062,23.682728888133568,13.793224484454722,1.544959719389488,13.7932053928281,0.000990599888702981,3,1,0.0363381257543825,0.018894229936591147,0.08740293999494317,2.414773976810749,True,True,7.608066043390511e-15,6.968805455576195e-15,3.052608629176561e-15,True,0.10535472118021304,0.432603075572651,True,A-B|B-C|C-D|D-B|E-A|F-C
cross,vertical-parallelepiped,360,10,True,20,1123,234,234,0,1.585722575532559,13.545694969518314,24.70742028177453,12.996114987210564,3.6958589223785117,12.99609332171147,0.020253887404571458,7,1,0.03630489085994779,0.012135928818192513,0.08922772038179212,2.4577327811286644,True,True,9.094346349890434e-15,6.955527313080394e-15,5.858990982136608e-15,True,0.18030888875013476,0.41981971932396717,True,A-E|B-B|C-C|D-A|D-F|E-D
pentagon,3X2,360,10,True,0,1723,231,231,0,1.535958894633217,13.788741308058396,24.526277727315318,13.584300276997412,2.0048943819986533,13.584298679980638,0.002316690123599585,3,1,0.03624294189858614,0.021986256526742017,0.08736990012225895,2.410673514493792,True,True,1.2599930840116887e-14,1.0950198975068616e-14,6.233089088255905e-15,True,0.0572605330435693,0.4989901240321452,True,A-C|B-A|C-D|D-F|E-B|E-E
horizzontal-parallelepiped,trapezoid-ext,180,10,True,16,421,128,128,0,1.6663176654447573,14.590615157586909,22.26807506019429,14.530400818034803,1.2702015327251828,14.530400817812808,0.0010089208727368515,1,1,0.03587225734124377,0.008949281532584697,0.08658651062122232,2.4137458035480344,True,True,6.999029455680139e-15,6.705600017716362e-15,2.0053283331865004e-15,True,0.1456010823447598,0.4819685586958586,True,A-D|B-A|C-C|D-D|E-B|F-A
rhombus-int,horizzontal-parallelepiped,180,10,True,44,439,102,102,0,1.6841700564850088,13.90587524110456,23.426658090681023,13.783124056686784,1.6407210990382308,13.783122746591378,0.0009785751473696536,14,1,0.03576410452457173,0.011902578484851344,0.08690285801615696,2.429890505337561,True,True,1.3356864306280477e-14,8.508249761594443e-15,1.029638335002721e-14,True,0.28698443572135074,0.4179157688864527,True,A-F|B-A|B-E|C-B|C-D|D-C
central-parallelepiped,wave,168,10,True,52,505,68,68,0,1.6081109719574975,13.978333286292122,23.354972024005615,13.918548534749558,1.3274314050490663,13.918519943394175,0.0007625775579498395,1,1,0.03575994645252689,0.012338995763030939,0.08636397403825165,2.4151035615476695,True,True,2.6918711131539633e-14,2.6305200797559394e-14,5.7143171056003214e-15,True,0.052501630340946945,0.4944694914980932,True,A-C|B-B|C-A|C-D|D-C|E-E
rectangle-same,3X2,180,10,True,66,224,92,92,0,2.1156674695696047,14.329783958698187,25.29094533334415,12.747978503913114,5.126103759930011,12.747952354623019,0.03361076369517946,1,1,0.03564312361494548,0.0261486168514543,0.09239166138987139,2.596019869744564,True,True,1.042721030036897e-14,2.7843258845872605e-15,1.0048594131346839e-14,True,0.2965197909335261,0.42827695480702754,True,A-A|A-C|B-F|C-D|C-E|D-B
arrow,triangle,36,10,True,0,108,25,25,0,1.6368477910423287,14.203252307344457,23.654004099445903,14.13559344992783,1.2967397781613481,14.135558254640753,0.0013983852396703966,3,1,0.03556793499154891,0.007034643579014907,0.08656714104975996,2.43385344328617,True,True,1.116422962075395e-14,9.057678187205881e-15,6.526751786450488e-15,True,0.3537921446172417,0.5415070311565382,True,A-C|B-B|C-A|C-B|D-C|E-A
3X2,rhombus-ext,180,10,True,72,337,73,73,0,1.570707609382211,14.130469331615872,23.58460320989803,13.988295639004543,1.789667865769967,13.988272988916906,0.0013840219246521457,5,1,0.03555831322341811,0.011896861165289247,0.08636193933098647,2.4287411719549716,True,True,5.329070518200751e-15,1.7763568394002505e-15,5.0242958677880805e-15,True,0.2973881263278062,0.48908350771829484,True,A-D|B-A|C-A|D-B|E-C|F-D
wave,vertical-parallelepiped,360,10,True,36,1136,250,250,0,1.5601778623530882,13.817721430834316,23.570747533166927,13.726865403228963,1.428564351424908,13.72686519274059,0.0006869156688749101,4,1,0.03553852594165755,0.01197871970336161,0.0856724052785977,2.4106910179460823,True,True,6.0916104216851145e-15,3.436267074622433e-15,5.029889275267248e-15,True,0.14561523052809294,0.4387982942468777,True,A-F|B-C|C-A|C-B|D-E|E-D
cross,hexagon,360,10,True,8,1276,257,257,0,1.5383455522622975,13.593107920249107,25.21388658674535,13.051047472134158,3.582279524950456,13.050787213430155,0.01851204224371905,4,1,0.03531140778065089,0.01008551643873023,0.08662745017132108,2.453242609567924,True,True,1.2268843526489542e-14,7.66938336801217e-15,9.576276950461626e-15,True,0.06708926685656628,0.45673777918439046,True,A-D|B-A|C-F|D-B|D-E|E-C
arrow,central-parallelepiped,168,10,True,24,927,112,112,0,1.5463194773967515,13.686801165921453,23.32402323532925,13.49807997306342,1.775934752444117,13.49807863700252,0.000887346797258104,1,1,0.03527096195939569,0.016224679519571402,0.08496339536112597,2.408876612408154,True,True,6.661338147750939e-15,6.420123230733026e-15,1.7763568394002505e-15,True,0.08951825298704116,0.36898991146262244,True,A-E|B-D|C-A|C-C|D-B|E-C
trapezoid-ext,two-triangles,180,10,True,6,651,121,121,0,1.7365632916910339,13.580009336531731,24.98943831572061,13.041851408776498,3.710486514052925,13.041410601867288,0.021330373051483775,5,1,0.03520074686936894,0.0056732850075424494,0.0863353466511776,2.4526566715067366,True,True,9.890336306082086e-15,7.53644380168212e-15,6.4047456679787536e-15,True,0.10965701147846146,0.5079232384338422,True,A-A|A-E|B-C|C-D|D-B|D-F
central-trapezoid,pyramid,360,10,True,10,1165,251,251,0,1.5039160907053093,12.863475913036414,25.34681350539451,12.697001209183231,1.6671179386681418,12.696960503750937,0.0009284008507179919,3,1,0.03514589049561944,0.016083933402185883,0.08418822340969852,2.402812067478652,True,True,9.658302233953163e-15,7.653294859905773e-15,5.891509130072236e-15,True,0.05011714727292482,0.3676539667191418,True,A-F|B-B|C-D|D-C|D-E|E-A
triangle,horizzontal-parallelepiped,90,10,True,6,236,60,60,0,1.523165380123015,14.025002705425212,23.735782198257557,13.947021896970961,1.3532985972005638,13.94702165842583,0.0011371038858261073,2,1,0.03510543561787315,0.010724061909109718,0.0846591646050517,2.41156855384382,True,True,5.752841051545772e-15,3.2501293141927617e-15,4.7467714928543955e-15,True,0.12714807900025835,0.483970554010485,True,A-D|A-E|B-B|B-C|C-A|C-F
central-parallelepiped,cross,168,10,True,30,330,102,102,0,1.6765960556788435,14.641690984495018,22.797065985742307,14.568533139955314,1.2603143699561616,14.568532937648556,0.0021404800716702255,1,1,0.034971360879700895,0.013392668478497217,0.08417569756078262,2.4194583343011073,True,True,3.879050117278795e-14,3.3133870313806846e-14,2.0170513609323203e-14,True,0.2006784227131822,0.45336865794965664,True,A-C|B-B|C-A|C-D|D-D|E-E
pyramid,horizzontal-parallelepiped,720,10,True,20,1980,572,572,0,1.624572787876443,15.516098711565148,22.661237211195534,14.378680165592419,4.669237155258637,14.37861568983724,0.005865384768338089,2,1,0.03493668295128908,0.031129638471458453,0.08831628942529421,2.5278956662379866,True,True,8.063615729400849e-15,6.9770362549118244e-15,4.042630793071112e-15,True,0.17459427540031436,0.32747907437451723,True,A-A|B-E|C-F|D-B|E-C|F-D
rhombus-ext,pyramid,180,10,True,16,465,123,123,0,1.9182146487856795,12.992382801143634,25.682402067982967,12.801678501976053,1.689556762056293,12.801678501976053,0.001103585350714198,3,1,0.03489382174563271,0.01592027229131279,0.08428290831148197,2.4154106399087905,True,True,8.272465383905983e-15,5.4930801582266845e-15,6.1854469444995704e-15,True,0.0516619079444403,0.45323801017551585,True,A-A|A-C|B-F|C-D|D-B|D-E
hexagon,rhombus-int,180,10,True,28,747,102,102,0,1.6831423423494076,13.93768095745675,23.75354546429226,13.865052906042612,1.3416552454619255,13.865052023181027,0.0008154572970813234,6,1,0.03452910481095957,0.0142977646351534,0.08363060763757589,2.422032314345765,True,True,6.320475399719376e-15,2.8972354183975677e-15,5.617333549722722e-15,True,0.07889659848128534,0.4395566479806858,True,A-A|B-B|C-C|D-B|E-C|F-D
base-trapezoid,base-trapezoid,168,10,True,64,165,91,91,0,1.664687073154891,15.14921951532117,23.4885970590017,13.489887338015176,5.958899921143955,13.488498437600061,0.040301996075102764,2,1,0.03444432461860225,0.013158132850700905,0.08896252150567582,2.5827918674773516,True,True,1.7949241059930498e-14,1.2936819623766552e-14,1.2442425513123379e-14,True,0.3642910297595539,0.4503388968118645,True,A-E|B-A|B-B|C-B|D-D|E-C
wave,hexagon,360,10,True,56,569,244,244,0,1.7729817392572935,14.164615314508072,23.922541266155395,14.099973251324464,1.2738903327708577,14.099973183066876,0.0011899386743490226,1,1,0.034372602065821344,0.007742267948728752,0.0832161468583085,2.421002247631846,True,True,1.0069461186983439e-14,6.042370324776338e-15,8.055048693485857e-15,True,0.14830984033893477,0.4447467282831025,True,A-E|B-F|C-B|C-C|D-D|E-A
vertical-parallelepiped,wave,360,10,True,36,1326,228,228,0,1.6735077371481415,14.033842346625951,23.44462616272012,13.9393062311395,1.4503948184285163,13.93930600093451,0.0011371616939053197,2,1,0.03433946514275447,0.012111868431296293,0.08286659570622795,2.413159184679747,True,True,0.1883399785692317,0.0547689772926408,0.18020073988132473,True,0.08520724180595803,0.461113190514354,True,A-E|B-B|C-C|D-C|E-A|F-D
trapezoid-ext,rhombus-ext,34,10,True,6,100,19,19,0,1.7093878012491683,13.744759551375523,24.518356656083736,13.19583178713742,3.691949075880589,13.195597569801695,0.023557854879169504,2,1,0.03426249362874979,0.006724758490260031,0.08403777504157632,2.452762952754259,True,True,1.1682163181672949e-14,8.881784197001252e-15,7.588599744428075e-15,True,0.0527173878836847,0.44137944136830126,True,A-B|A-C|B-A|C-D|D-A|D-D
base-trapezoid,pentagon,168,10,True,0,601,117,117,0,1.996761679223968,14.29086408772271,25.82270019491115,12.527167298049916,6.039025006115593,12.527167298049916,0.03310080818053329,4,1,0.03420637803849295,0.023315210027948716,0.08825023919029452,2.590977074330665,True,True,7.791043099449448e-15,5.170109268322968e-15,5.828406534472336e-15,True,0.0979820247240973,0.403356028754083,True,A-B|B-D|B-E|C-E|D-C|E-A
rectangle-same,arrow,78,10,True,12,382,38,38,0,2.112020597626311,13.995451592486594,25.677676234958213,12.559637546224433,4.906419374150668,12.559124459882558,0.02816148120545492,3,1,0.03419051896504457,0.030408860295445914,0.087381275797457,2.5557165682917296,True,True,1.819091617221975e-14,1.6355195198344263e-14,7.96348047079811e-15,True,0.07227321763638558,0.4182034220705242,True,A-A|A-E|B-C|C-B|C-C|D-D
cross,3X2,360,10,True,62,472,251,251,0,1.7236860272766448,13.795030595193772,25.2421148528628,13.22772176002757,3.6372846446125062,13.22749190415587,0.02354723697863914,1,1,0.03409938481644537,0.006714555345479618,0.08390420191485623,2.460578170735535,True,True,1.7222418539888655e-14,1.5280799322856756e-14,7.944109290391274e-15,True,0.16759413533142328,0.45323801017551585,True,A-D|B-B|C-C|D-A|D-E|E-F
central-trapezoid,wave,168,10,True,14,486,109,109,0,1.5692487356385787,14.167456358931059,23.581383296455655,14.059689279475288,1.2909427762004246,14.059674589310061,0.0010145950761275557,1,1,0.03353986998467039,0.009963384034285802,0.08109269938526882,2.4178000517692158,True,True,4.950150691486844e-15,3.972054645195637e-15,2.9541113323650215e-15,True,0.10134366008909021,0.41013716395797434,True,A-C|B-C|C-D|D-B|D-E|E-A
central-parallelepiped,hexagon,360,10,True,68,1291,215,215,0,1.5353983514488487,13.777145950777667,23.703482837387426,13.684450275695287,1.5716372500294342,13.684450205881982,0.0007600969498966492,2,1,0.033378923973233963,0.019670370186165995,0.08063581075586049,2.4157702273602673,True,True,1.5963703223666393e-14,1.3105834827747868e-14,9.114653810271008e-15,True,0.08188232597417444,0.5123473140017061,True,A-C|B-B|C-D|C-E|D-F|E-A
parallelepiped-ext,horizzontal-parallelepiped,180,10,True,24,635,116,116,0,1.5500054592233126,13.662236119075517,23.30751242570333,13.460592518248218,2.012655961666329,13.460592258182212,0.0011397571195832512,8,1,0.03313342651045851,0.01463680134842714,0.08124442401029447,2.4782638473490057,True,True,1.4611274220112534e-14,1.423687884359495e-14,3.2864289324620454e-15,True,0.10890466670150069,0.41302574003819187,True,A-A|A-C|B-B|C-D|D-E|D-F
pentagon,hexagon,360,10,True,0,1603,253,253,0,1.5949548964875495,13.6413433343365,24.59213819734318,13.457152223956049,2.1577855594349167,13.457151066595832,0.0017569053331563111,3,1,0.032791644604110874,0.02184905363090734,0.07380991957474281,2.422470501841629,True,True,1.5516388296404808,0.6679269074159215,1.4005201547988817,True,0.21201042290999095,0.39177453957125963,True,A-A|B-D|C-C|D-F|E-B|E-E
hexagon,base-trapezoid,360,10,True,16,1181,248,248,0,1.6592722672949256,14.886090863559984,22.14922570915463,14.747471917662313,1.8178069078058414,14.747470059690023,0.0011014751366555942,6,1,0.03261958126453891,0.017454732328193546,0.07838167104298378,2.4029024286768914,True,True,6.253818398919214e-15,4.397660529140337e-15,4.446439748506845e-15,True,0.056024110559731256,0.4957516453777859,True,A-E|B-C|C-D|D-A|E-B|F-B
pentagon,base-trapezoid,168,10,True,0,657,113,113,0,1.613867026700468,14.661109870465442,22.4293617091807,14.388124857400355,2.279168780780689,14.388120365418914,0.002020622168227959,7,1,0.03251718846261032,0.021321457262280415,0.0785313573914235,2.415072185029843,True,True,6.9617485440850076e-15,5.1825234740423945e-15,4.6483753325295575e-15,True,0.20900452663053062,0.47478907957149946,True,A-B|B-D|C-C|D-B|E-A|E-E
3X2,pentagon,360,10,True,0,1719,276,276,0,1.5722639892633243,13.961468569892185,24.034997092277706,13.867224834464515,1.6101505519226667,13.867222632089659,0.0007976841780195087,8,1,0.03222568980490454,0.01246351560542389,0.07771505187084737,2.4179272906228655,True,True,1.0988158612868074e-14,7.540735801103514e-15,7.99230462879779e-15,True,0.22091397827325926,0.43427575057513584,True,A-E|B-C|C-B|D-D|E-A|F-E
2X3,trapezoid-ext,180,10,True,48,212,115,115,0,1.8334141196622389,14.568150106474366,22.32506057057319,14.525844261219255,1.179904884261771,14.525843875830576,0.0012894138551189371,1,1,0.03222307207884946,0.010802698996282351,0.0775849331825075,2.4173206708909922,True,True,9.890745835892965e-15,8.9705709351966e-15,4.1660185173424294e-15,True,0.08102695329584397,0.46111470751115125,True,A-C|B-A|C-D|D-A|E-D|F-B
pyramid,pyramid,720,10,True,106,1369,514,514,0,1.673529559124868,14.706609310565112,24.10987337707904,14.006429105644129,4.53825775099732,14.006182082613199,0.008655511000727145,2,1,0.03222213153624572,0.018861180552733118,0.08208223485285233,2.5473868716760855,True,True,5.687116766346677e-15,3.972054645195637e-15,4.070144838902081e-15,True,0.16879374364229746,0.4475031594694418,True,A-E|B-A|C-C|D-F|E-D|F-B
base-trapezoid,arrow,168,10,True,14,834,87,87,0,1.994623320080088,14.251342923374256,25.92687793957784,12.702910886394474,5.630642419913902,12.702281984398457,0.043164549170023214,3,1,0.03216129642690612,0.0212842567247577,0.08332669371779583,2.590899714107444,True,True,8.41505655031864e-15,8.022298110795946e-15,2.540848237612875e-15,True,0.08096940055903461,0.3676539667191418,True,A-B|B-C|B-E|C-C|D-D|E-A
pentagon,cross,168,10,True,1,812,116,116,0,1.5817001572776281,14.26555807108491,23.10740313268882,14.094025556400746,1.9829019090248357,14.094023946355232,0.0022693100564668,3,1,0.03211588024751534,0.011878419973294358,0.07767633211638653,2.420902666917745,True,True,9.008042027037758e-15,7.09240499826988e-15,5.553612563133563e-15,True,0.051060516802225384,0.4312665152281575,True,A-C|B-A|C-D|D-E|E-B|E-D
2X3,parallelepiped-int,180,10,True,52,317,100,100,0,1.9082232089854856,13.731684897373498,22.227441968265214,13.581705698504043,1.8965631375421454,13.581705698170778,0.0011411574249748924,1,1,0.03210821186866472,0.03436818559504466,0.07747115808499612,2.412814466339134,True,True,6.662858793607289e-15,5.785832027886788e-15,3.304214740090212e-15,True,0.18937141944918748,0.4499078879065762,True,A-A|B-D|C-B|D-C|E-B|F-C
pentagon,central-trapezoid,168,10,True,0,659,125,125,0,1.6150901188748616,13.633141546254054,24.070808770758457,13.427795609200235,2.141963677779234,13.427701557353094,0.00181162700308235,4,1,0.0320613457725857,0.013162975377447496,0.0775544286841158,2.418938656980185,True,True,2.081068564383056e-14,1.499417746953758e-14,1.443119118362539e-14,True,0.05606997359776881,0.4144789216915609,True,A-E|B-A|C-C|D-D|E-B|E-D
pentagon,rhombus-int,78,10,True,0,422,47,47,0,1.9666208007932993,13.732104972052626,23.735934310732333,13.497189485727809,2.1661509744015084,13.49718666095525,0.0024326205939475543,7,1,0.03189312642167106,0.01663370316640023,0.07726443995499352,2.4226047623381666,True,True,1.288109919878149e-14,1.0059012727213285e-14,8.04605366142995e-15,True,0.18643060485251217,0.4312665152281575,True,A-B|B-A|C-D|D-C|E-B|E-C
wave,base-trapezoid,168,10,True,26,361,112,112,0,1.576206140754564,15.073911491544337,21.481340889085363,14.986646773800603,1.5829987701820973,14.98664569684445,0.0011746756426109783,2,1,0.03165944088207873,0.009986029434948182,0.07658885168229052,2.4191473237812207,True,True,4.7207330545682824e-15,3.552713678800501e-15,3.1086244689504383e-15,True,0.09086635385444874,0.4964675099329778,True,A-B|B-A|C-C|C-D|D-B|E-E
arrow,wave,168,10,True,60,210,86,86,0,1.902224466342485,14.18787246189235,23.703662918037963,14.077332648393181,1.3933291433825368,14.077313409252884,0.0013402052604627457,1,1,0.03164139213827628,0.00998450686218663,0.07652582277657857,2.4185352667844864,True,True,6.062643875810392e-15,3.698847021327951e-15,4.803559250984066e-15,True,0.2053899118836524,0.4375415187649024,True,A-C|B-D|C-B|C-E|D-A|E-C
parallelepiped-ext,two-triangles,180,10,True,28,602,114,114,0,1.7898085007085518,13.819610857659253,24.037303675983665,13.646603568649802,1.5791076407627587,13.64660340852728,0.0008124022916904394,1,1,0.03163566154234689,0.01260372288236058,0.07657957739505551,2.499828933306075,True,True,1.2088979114879478e-14,9.109623472775094e-15,7.94721185223203e-15,True,0.06382538448192263,0.492171460355549,True,A-C|A-D|B-A|C-B|D-E|D-F
base-trapezoid,hexagon,360,10,True,16,1178,262,262,0,1.8386320196089654,14.23135792431188,25.969830463284875,13.01626756815581,5.906902616784733,13.01626756815581,0.027868694016352613,7,1,0.031542903177263486,0.01399633472508488,0.08200530973944727,2.5998022210763945,True,True,1.312930417746603,0.5685700455030671,1.1834333040779739,True,0.07965743812537379,0.46883530201669293,True,A-B|B-D|B-E|C-F|D-C|E-A
arrow,pyramid,360,10,True,37,621,273,273,0,1.8831762805783252,12.953155115287156,25.559429983053846,12.699189573172694,1.8314233525736248,12.699189573172694,0.0010645543125331614,2,1,0.0314901912422501,0.012233223575236065,0.07553859311888565,2.3987975346918886,True,True,5.150005732340494e-15,3.972054645195637e-15,3.278008684967095e-15,True,0.05447762345473792,0.36898991146262244,True,A-E|B-B|C-D|C-F|D-A|E-C
cross,rhombus-ext,78,10,True,24,150,38,38,0,1.8669968321988906,13.66103990761535,24.619926295214032,13.060143738178198,3.6921930838487773,13.059888405614938,0.01955507349413299,4,1,0.03146294616261705,0.009737834039325502,0.07686217318692605,2.442942653547507,True,True,6.526751786450488e-15,5.102196573270515e-15,4.070144838902081e-15,True,0.1316479610520618,0.3902008642505306,True,A-C|B-A|C-B|D-A|D-D|E-D
vertical-parallelepiped,parallelepiped-int,180,10,True,28,683,98,98,0,1.649994874906069,13.825377541576755,23.778814972619756,13.602066168822875,1.8396077790607037,13.602064120981767,0.0013683222676874607,3,1,0.0314612321659238,0.01357997038698271,0.07590181409642842,2.42064577496322,True,True,1.0509068785146553e-14,5.329070518200751e-15,9.057678187205881e-15,True,0.24486965611257752,0.492171460355549,True,A-A|B-B|C-B|D-C|E-D|F-C
pyramid,central-trapezoid,360,10,True,10,1184,267,267,0,1.9218068317032706,15.708045638362549,22.32102619904707,15.049194520191588,4.625115781552757,15.048991820224952,0.01215003274228188,1,1,0.03127784697401753,0.016908079824235377,0.07910361024760776,2.5290618728750425,True,True,8.350888905217127e-15,6.032880432268376e-15,5.7742271515097e-15,True,0.08951825298704116,0.3832241553251438,True,A-E|B-B|C-D|D-C|E-D|F-A
cross,cross,168,10,True,60,245,82,82,0,1.5533841260482701,14.442440909186551,23.906614834402344,13.929498600253636,3.6331795489169814,13.929043596739922,0.020926246661437276,1,1,0.030861676465543275,0.008335035606517487,0.07571066127340427,2.4532258109158263,True,True,1.0970476845823903e-14,5.332611069154248e-15,9.587211346887684e-15,True,0.07420484955753447,0.4944694914980932,True,A-E|B-C|C-A|D-B|D-D|E-D
vertical-parallelepiped,trapezoid-ext,180,10,True,24,621,114,114,0,1.689307922380146,14.518430072963927,22.607590149407702,14.437513950489391,1.2538481438200746,14.43751381602376,0.000723409710936096,6,1,0.030703385720097197,0.007192448250102831,0.07413185070124718,2.4165420901865526,True,True,2.563070836779154e-14,2.2353977068410116e-14,1.2539255187600815e-14,True,0.07778597195691996,0.4505064537163253,True,A-D|B-B|C-A|D-D|E-A|F-C
vertical-parallelepiped,rhombus-ext,180,10,True,44,490,100,100,0,1.6663261407389887,13.970731312567594,23.248546157143497,13.871881501065147,1.5134029227492287,13.871880828978142,0.0014379034823441827,7,1,0.030534340324470905,0.01991515039493078,0.0738415846347725,2.4183127537749423,True,True,8.000541662143798e-15,7.601582815929793e-15,2.494915946531976e-15,True,0.12751626623567822,0.36990647383846204,True,A-B|B-D|C-C|D-A|E-A|F-D
wave,parallelepiped-int,78,10,True,18,106,50,50,0,9.245384024933443,13.897128327571256,23.085854216595695,13.838712856134448,1.1969961716866302,13.838699034156129,0.0004586753248787545,1,1,0.030474346907457584,0.004747577043365735,0.07394772080625679,2.4265563764439704,True,True,1.2842166211265442e-14,1.2210434516706244e-14,3.978256139440565e-15,True,0.2640107660601085,0.5267429318011804,True,A-C|B-A|C-B|C-D|D-C|E-B
trapezoid-ext,rectangle-opposite,34,10,True,4,106,23,23,0,1.6949920886948335,13.242960620747972,24.239899563188665,12.689388998481796,3.6352613546976738,12.68936988967007,0.020382700130201492,3,1,0.030315698646632302,0.0049968971036882075,0.07416504111253709,2.446423616259819,True,True,1.4092878506736386,0.39949430209114223,1.3514793926113098,True,0.16597365966135916,0.4382137016400991,True,A-A|A-D|B-B|C-D|D-A|D-C
base-trapezoid,2X3,360,10,True,100,597,203,203,0,1.9784720429925655,14.000357362902976,25.752602254857493,12.590679386898442,5.940609290135202,12.590679386898442,0.043029873308411126,3,1,0.030305259614567325,0.0373771455622604,0.07177782118125026,2.5784472862550016,True,True,7.160723346098895e-15,3.2023728339893768e-15,6.4047456679787536e-15,True,0.07158729808419431,0.3892155522973273,True,A-B|B-D|B-F|C-C|D-E|E-A
hexagon,rhombus-ext,180,10,True,40,606,99,99,0,1.6464401134090778,14.018118136519963,23.75947988745334,13.902509990956382,1.5504318972131506,13.902509943663823,0.001099489801482001,7,1,0.030283822376973885,0.014727128608692651,0.07354790108693952,2.4286201448223133,True,True,1.0574599639975455,0.2673730250876364,1.0230998196232741,True,0.052972451291152654,0.41558740005427486,True,A-D|B-A|C-B|D-C|E-A|F-D
two-triangles,trapezoid-ext,180,10,True,6,494,144,144,0,1.5966081160625103,14.536846268434982,22.866972509622627,14.40769159471515,1.129032571624145,14.407691593541909,0.00044525318145094417,1,1,0.030163436152923457,0.005706265252962085,0.07315767698774248,2.42537609497955,True,True,8.739712477386897e-15,7.094047674763024e-15,5.1046118143872164e-15,True,0.13981087664082306,0.5070735630213251,True,A-A|B-D|C-B|D-C|E-A|F-D
2X3,wave,360,10,True,88,416,232,232,0,1.8398130366103849,14.1163516574629,23.300126496509737,13.975404114055856,1.7695647268229655,13.97540302434765,0.0023475336953504566,3,1,0.030041584571052833,0.012781436410837583,0.06885727522140235,2.4042199043876353,True,True,6.3428626160647376e-15,5.0242958677880805e-15,3.871479975306501e-15,True,0.10229393814506535,0.45673777918439046,True,A-C|B-D|C-C|D-B|E-A|F-E
pyramid,cross,360,10,True,21,1059,267,267,0,1.6235683096967228,16.298238011273334,22.301398930644602,15.866321108032404,4.626137120847542,15.866040257268994,0.018015503170841995,1,1,0.029942996639565567,0.010935216586376244,0.07617578643962254,2.547567123829258,True,True,7.105427357601002e-15,6.646518689688359e-15,2.5121479338940403e-15,True,0.1281497865538651,0.45336865794965664,True,A-D|B-B|C-A|D-D|E-E|F-C
vertical-parallelepiped,parallelepiped-ext,180,10,True,24,705,99,99,0,1.6283206994761361,13.75216678274454,23.805786051759682,13.524100971789089,1.924434183573539,13.524099014078748,0.0011173298452415992,2,1,0.029893541080727667,0.03186759841526062,0.07123712029427037,2.383027159676204,True,True,1.1309792554616377e-14,4.065054921626142e-15,1.055399147775945e-14,True,0.1188707553359662,0.3926817942954417,True,A-C|B-D|C-A|D-A|E-B|F-D
central-parallelepiped,triangle,36,10,True,4,146,19,19,0,1.8933416512206513,14.095766902163469,23.567564958831888,13.97327043540557,1.240849150368648,13.97324735316441,0.0008328828829551327,2,1,0.029700106277663372,0.006564639536141648,0.07173211285548457,2.4152140125314068,True,True,1.544908848547668e-14,9.215896059282534e-15,1.2399257834910474e-14,True,0.12184551932853434,0.46477305989471923,True,A-C|B-B|C-A|C-C|D-B|E-A
2X3,parallelepiped-ext,180,10,True,60,234,98,98,0,4.154954638375041,13.630898373471833,21.988470418720013,13.408436046081238,1.7255891067586768,13.408383460082604,0.0005707353659616388,2,1,0.02946410563375005,0.04548484884143694,0.07023566194990714,2.383770368697524,True,True,9.816531462456799e-15,8.025154038416283e-15,5.6534230881029115e-15,True,0.1188707553359662,0.3926817942954417,True,A-C|B-B|C-D|D-A|E-D|F-A
trapezoid-ext,vertical-parallelepiped,180,10,True,24,684,109,109,0,1.5546449312228814,13.420423728485328,24.751654508782227,12.898426244385142,3.6143577999639396,12.89819650217868,0.02046144848985687,4,1,0.029408018546893976,0.007257597995136191,0.07193169531654034,2.4459891849509745,True,True,1.6506518745403315e-14,1.2813820735860447e-14,1.040534282191528e-14,True,0.05676427763306101,0.46513388365735514,True,A-B|A-C|B-A|C-F|D-D|D-E
triangle,central-trapezoid,36,10,True,0,123,28,28,0,1.5182734495742165,13.95293609741963,23.863747382992212,13.853661939341656,1.463562145591128,13.853635582416945,0.0008510416884153216,1,1,0.029379193842175404,0.005315166547830346,0.07098592142089077,2.4161970475509333,True,True,9.4987349702291e-15,5.20267141095764e-15,7.94721185223203e-15,True,0.08942109227275438,0.483970554010485,True,A-D|A-E|B-B|B-C|C-A|C-D
parallelepiped-int,pyramid,180,10,True,4,633,137,137,0,1.8584882631794377,12.8646809762893,25.32988030501777,12.7186096270455,1.756495542319163,12.7186096270455,0.0010963491480122656,3,1,0.029362092019772752,0.011680536653529448,0.07093830231223991,2.415982562293902,True,True,9.930136612989092e-15,4.351167857633658e-15,8.926082647349967e-15,True,0.17997001355847725,0.41302574003819187,True,A-C|B-A|B-D|C-E|C-F|D-B
rectangle-opposite,parallelepiped-ext,34,10,True,14,72,12,12,0,8.87220032459306,13.779756782404949,21.684346795900137,13.40678887567418,2.3205115070658286,13.406559255641675,0.0048834195215858855,1,1,0.02931733190458235,0.036802433877415705,0.0701067985522021,2.3913089629156974,True,True,7.646918108473509e-15,4.793188818296061e-15,5.958246177346291e-15,True,0.11017192059405818,0.4182034220705242,True,A-A|A-D|B-A|C-D|D-B|D-C
arrow,trapezoid-ext,78,10,True,8,215,49,49,0,1.7596762855815868,14.733158470470938,22.881256438274498,14.68848399163732,1.2518836131016005,14.688483991439856,0.0013363101040315684,6,1,0.029242834191640782,0.0030691209239780224,0.07135012599003146,2.4399182898088334,True,True,1.434896150467636e-14,1.3873790429220374e-14,3.66205343881779e-15,True,0.18079348370578258,0.4985936004860076,True,A-B|B-A|C-A|C-D|D-D|E-C
central-parallelepiped,parallelepiped-int,78,10,True,18,313,36,36,0,1.7488949078029312,13.770535790110292,23.24369876093382,13.510937871154404,2.0023064507236747,13.510911048026996,0.0016570942462657001,2,1,0.029210870133958153,0.014724849267857734,0.07099399473946777,2.430396438514031,True,True,1.76298382481825e-14,1.2592102364157598e-14,1.233896894832203e-14,True,0.2078433390479905,0.5263781171411518,True,A-B|B-C|C-A|C-C|D-B|E-D
hexagon,parallelepiped-ext,180,10,True,24,545,117,117,0,1.6003480276728852,13.758960481835055,23.29965222949684,13.62979468384468,1.8519082025128424,13.629753406384303,0.0011186034532091327,1,1,0.02916972091940496,0.016845688722033687,0.07040090206307507,2.4134924793278136,True,True,7.309941332179442e-15,6.25990752162928e-15,3.774758283725532e-15,True,0.0897776196164129,0.47373027955746566,True,A-D|B-A|C-A|D-D|E-B|F-C
central-trapezoid,3X2,360,10,True,20,1391,269,269,0,1.505717962052418,13.923961267586972,23.802820482493473,13.792237090743004,1.6109402681389409,13.792236031463773,0.0008413936616822326,5,1,0.029164298006909523,0.007911794791639525,0.07056396757578513,2.4195325242893664,True,True,7.48721764591281e-15,6.5906489508797204e-15,3.552713678800501e-15,True,0.0786730762711691,0.45010767143417935,True,A-D|B-B|C-F|D-A|D-C|E-E
cross,wave,168,10,True,28,595,106,106,0,1.5023431499458866,13.597765128946289,25.114487701565878,13.046524858105213,3.5827700178769093,13.046491939725744,0.004406224674349701,2,1,0.029120035141154566,0.0053687898918255705,0.07143193860124383,2.453016909319968,True,True,1.7441569265285205e-14,1.4965403828326205e-14,8.957958846236168e-15,True,0.07264754516009496,0.4759218661878611,True,A-B|B-C|C-A|D-C|D-D|E-E
two-triangles,parallelepiped-ext,180,10,True,28,491,131,131,0,1.5603562931891546,13.695857341525251,24.01663577580991,13.56253330268901,1.4307999834964036,13.562532797408961,0.0006994360306133984,1,1,0.029055780400184746,0.003972325122643503,0.06849714076898378,2.399733985395101,True,True,0.763207055534846,0.07907150727788415,0.7590999317316351,True,0.08428136511365347,0.4182034220705242,True,A-D|B-A|C-D|D-A|E-C|F-B
pyramid,parallelepiped-int,180,10,True,4,645,124,124,0,2.5406919978908555,15.538352822889255,21.7922126789054,14.999639628832169,4.5153618968048725,14.999634524301543,0.011645460972246724,1,1,0.029051378849517476,0.021692696432151964,0.07398281134273986,2.546619619191282,True,True,7.119291619286993e-15,6.89411847443645e-15,1.7763568394002505e-15,True,0.07599456487097621,0.4499078879065762,True,A-C|B-A|C-D|D-B|E-C|F-B
pentagon,parallelepiped-ext,78,10,True,0,415,47,47,0,2.6164839802729327,13.543120149887429,23.837712927521643,13.206727639214328,2.28646255035261,13.206590806312883,0.0024091436026267843,1,1,0.02902469792759484,0.029567047294288617,0.06961134921106035,2.3983487919396502,True,True,9.196909770735992e-15,6.509347363350632e-15,6.497041344665995e-15,True,0.14240078978098836,0.4488669648495108,True,A-D|B-A|C-C|D-B|E-A|E-D
central-trapezoid,parallelepiped-ext,78,10,True,2,268,56,56,0,1.6171909664288338,13.708763900473864,23.416386234327824,13.600697607013151,1.8466425972909448,13.600689668766014,0.0008831720957811484,1,1,0.02898941732402872,0.014237254691034307,0.07009807354566416,2.4180573470016364,True,True,5.475099487534308e-15,3.972054645195637e-15,3.76822190084106e-15,True,0.2078433390479905,0.4652866157331114,True,A-B|B-D|C-A|D-A|D-C|E-D
cross,parallelepiped-ext,78,10,True,8,291,41,41,0,1.7279894713715576,13.564550170890328,24.29893487799426,12.865507936985797,3.5802268494410714,12.865317825320407,0.018883287855050668,1,1,0.02896684684243639,0.014874229051672065,0.07109008315258426,2.454187835468422,True,True,8.786494791039625e-15,7.681756705748164e-15,4.265337574760008e-15,True,0.11903115501589667,0.4499078879065762,True,A-A|B-C|C-B|D-A|D-D|E-D
arrow,central-trapezoid,168,10,True,9,455,124,124,0,1.5477778850907933,14.029169610837641,23.65976714173047,13.875798983712873,1.6501277605780806,13.875796623057397,0.0012906843758777597,1,1,0.028854414604717944,0.013386391028067688,0.06986899422419543,2.421431700533313,True,True,6.039058531521537e-15,3.627495520608034e-15,4.8281988562104306e-15,True,0.13150671008127005,0.3846245126357791,True,A-D|B-E|C-A|C-D|D-B|E-C
trapezoid-int,two-triangles,180,10,True,4,651,123,123,0,1.807415046007561,15.56673904028048,22.26961350720875,14.790996330390296,5.5879749619056955,14.79099506306806,0.005839190250165771,3,1,0.028843947632528722,0.010427465662741976,0.07451196710320894,2.583279100783631,True,True,5.4291069469002004e-15,3.740417822651185e-15,3.9350319887992496e-15,True,0.051055332502206625,0.4652866157331114,True,A-E|B-A|B-D|C-B|C-C|D-F
triangle,base-trapezoid,36,10,True,6,63,25,25,0,1.8010334362906122,14.144773684030188,20.928860311465268,14.006351197029792,1.1784948481675719,14.006351195522365,0.0006801088383934228,1,1,0.028646359461602145,0.00482906434392256,0.06921400142284276,2.416153491183334,True,True,0.6148516787870313,0.11340651101423539,0.6043025319877526,True,0.08942109227275438,0.483970554010485,True,A-C|A-E|B-B|B-D|C-A|C-B
3X2,triangle,90,10,True,6,344,54,54,0,1.5439693122529186,14.11016663273203,24.056598183932966,14.054301417452262,1.2604612940849427,14.054278548577614,0.0009071737857979656,1,1,0.02854030370305128,0.00499858015636653,0.06940459406148614,2.431809933895903,True,True,3.076740298213702e-15,2.5121479338940403e-15,1.7763568394002505e-15,True,0.06993000324760504,0.5415070311565382,True,A-B|B-C|C-B|D-A|E-C|F-A
triangle,hexagon,90,10,True,18,199,54,54,0,1.511364385663011,14.1096056257697,24.159875874048993,14.046496572233883,1.3407907978838451,14.046495508656205,0.0009796961477110955,1,1,0.028531101435530486,0.0071734135676627475,0.06896027034573958,2.4239359525767075,True,True,1.1247992633556399e-14,8.438648603200284e-15,7.43683723341078e-15,True,0.19358811209895982,0.4310677750300933,True,A-C|A-F|B-B|B-E|C-A|C-D
arrow,cross,168,10,True,12,1006,118,118,0,1.6574818241846523,14.29870219170771,22.790371666781752,14.196239304290536,1.402178989634538,14.196239267204213,0.0008360644563429886,7,1,0.028401771654379352,0.006696930269644839,0.06866588578688476,2.4227687610852477,True,True,6.936895214610187e-15,6.4047456679787536e-15,2.6645352591003757e-15,True,0.05447762345473792,0.503420624847555,True,A-A|B-C|C-B|C-D|D-E|E-D
arrow,hexagon,360,10,True,28,738,266,266,0,1.5150110791270202,14.05206647366817,23.85893070386831,13.931077945586122,1.6103718550254391,13.931077051781587,0.0012069197247477348,5,1,0.02826695234896083,0.013948606550308551,0.06798287998274345,2.405030409486033,True,True,7.747137538660864e-15,6.887858003621838e-15,3.54620249913494e-15,True,0.07938181953834501,0.39300248433366436,True,A-A|B-E|C-C|C-F|D-B|E-D
rhombus-int,parallelepiped-int,34,10,True,10,159,7,7,0,9.162584710283847,13.790226688221752,22.567975224050873,13.704403216602591,1.7669250506482759,13.704360331137913,0.0036443373705097315,11,1,0.02822105106615682,0.009399960286114048,0.067634165387814,2.396585627844389,True,True,1.1960417060266819e-14,8.204933232775538e-15,8.702335715267317e-15,True,0.07599456487097621,0.4499078879065762,True,A-B|B-C|B-D|C-A|C-C|D-B
central-trapezoid,parallelepiped-int,78,10,True,2,301,52,52,0,1.655348667161545,13.774755141185135,23.74575789028972,13.543326683460286,1.7541939219546332,13.543312648637983,0.0008394844085088948,1,1,0.027969260486708607,0.0074422916192734235,0.0681249128326418,2.4357066167343158,True,True,8.702335715267317e-15,5.617333549722722e-15,6.646518689688359e-15,True,0.2640107660601085,0.5453732207950648,True,A-A|B-B|C-C|D-B|D-D|E-C
two-triangles,parallelepiped-int,180,10,True,36,374,124,124,0,1.7696490588665728,13.821202013245902,23.077607402998584,13.636256635955892,1.5842715484032492,13.636143143904096,0.0008253642420106289,3,1,0.027608482836555804,0.00837065537475528,0.06672752713771742,2.4169211880547423,True,True,1.1261593675882127e-14,7.104613537326356e-15,8.737731891395352e-15,True,0.05724179085290879,0.4182034220705242,True,A-D|B-A|C-B|D-B|E-C|F-C
wave,rectangle-same,78,10,True,6,241,57,57,0,1.5822001263865901,14.867673210616372,21.47767726715339,14.800879241867838,1.71117443970784,14.800879116416738,0.0010370054747443902,3,1,0.027604016029571646,0.01285492716939354,0.06637132728480466,2.404408373538921,True,True,1.7029894780459405e-14,8.881784197001252e-15,1.4530355319517048e-14,True,0.13155853205186624,0.41981971932396717,True,A-C|B-A|C-B|C-C|D-A|E-D
hexagon,arrow,360,10,True,28,744,262,262,0,1.6176928936869153,14.057164964970816,23.893968396896586,13.902232015336137,1.5463260646468409,13.902225579779468,0.001483460244227075,3,1,0.027534050864311526,0.013965821464546904,0.06622265562118095,2.405118518431153,True,True,9.476537614330232e-15,5.613560879696946e-15,7.634965579866866e-15,True,0.08037695314012822,0.36945378526400835,True,A-B|B-E|C-C|D-D|E-A|F-C
pentagon,triangle,36,10,True,0,170,25,25,0,1.5863210289137104,13.834675100841864,24.014477358364726,13.707577943853774,1.68917260366439,13.707502806384438,0.0030445082671723966,1,1,0.027451034725754865,0.007803365330866361,0.06682975096036824,2.434507537803951,True,True,5.950853020066235e-15,4.189552211652452e-15,4.2261452805446086e-15,True,0.05309658465447363,0.46064468645958234,True,A-B|B-C|C-A|D-C|E-A|E-B
base-trapezoid,rectangle-opposite,78,10,True,0,237,56,56,0,2.2325582194037112,14.172353561574575,25.82041828150657,12.675034810998762,6.128565749720065,12.67378123100712,0.026712857668472978,6,1,0.027361550317338282,0.025560614102771228,0.0704151360334855,2.5992914803528064,True,True,1.5337378077170432,0.561289815858323,1.427342077231107,True,0.06417136132970501,0.4499078879065762,True,A-A|B-A|B-D|C-D|D-B|E-C
horizzontal-parallelepiped,parallelepiped-ext,180,10,True,24,663,98,98,0,1.7642327626936327,13.60170378907329,23.166189567840124,13.351723382853248,1.9447718602708275,13.351701972900255,0.0012338449022575304,3,1,0.027313409316299022,0.02831408186409614,0.06519062465192874,2.3867626299228357,True,True,7.113229329843195e-15,6.2803698347351005e-15,3.3399081181809284e-15,True,0.052395158975629325,0.4182034220705242,True,A-D|B-D|C-A|D-B|E-A|F-C
horizzontal-parallelepiped,parallelepiped-int,180,10,True,28,625,104,104,0,1.9253789738604794,13.698664412678191,23.227556573530286,13.425952453619379,1.8809903991089807,13.425952302911803,0.0008880282500349779,1,1,0.027268724930617133,0.022086286735305015,0.06590144580006638,2.416741008893771,True,True,1.0834926743596713e-14,8.556835095216608e-15,6.646518689688359e-15,True,0.1806428774965406,0.4652866157331114,True,A-A|B-B|C-D|D-C|E-C|F-B
base-trapezoid,cross,168,10,True,30,473,98,98,0,1.7639957362155994,14.757724965524856,25.253155566686544,13.063195558785477,5.754295077643946,13.063097232288333,0.040511814012820224,1,1,0.027071283079076247,0.012761053260525483,0.06966392254971232,2.573705102203037,True,True,1.1031752414466074e-14,6.482639115881421e-15,8.926082647349967e-15,True,0.06974364723247728,0.4804999201258812,True,A-E|B-A|B-B|C-D|D-D|E-C
rectangle-same,cross,78,10,True,10,109,56,56,0,2.716455721896455,14.76167840957555,24.318546885040515,13.109505129452726,4.949313130549568,13.107947931181675,0.04988671235279263,3,1,0.027063845712451625,0.02033775370452609,0.07057529903850432,2.607733571509159,True,True,1.0546534389844024e-14,8.881784197001252e-15,5.687116766346677e-15,True,0.41393007621281463,0.45336865794965664,True,A-A|A-D|B-C|C-B|C-D|D-E
wave,wave,168,10,True,80,180,68,68,0,9.109432103556477,14.362515917817982,23.77067099078163,14.257973477949655,1.227694929213091,14.257957291492325,0.0018188006490111874,3,1,0.026853032554204972,0.00499485994729104,0.06494277817314277,2.4184522936860344,True,True,7.02978105128609e-15,6.4891087449728045e-15,2.7035697373913694e-15,True,0.13136718405908135,0.48908350771829484,True,A-D|B-E|C-A|C-B|D-C|E-C
cross,arrow,168,10,True,12,762,95,95,0,1.5925584942606448,13.448965798299561,24.751707712509756,12.934564315111189,3.5551920023659687,12.934545125336252,0.004258119932221582,3,1,0.02684885410642191,0.008986283715649702,0.06533869795620277,2.4418959804988556,True,True,1.0413631574268458e-14,9.972868384575617e-15,2.9976021664879227e-15,True,0.07514272091914191,0.4179157688864527,True,A-D|B-C|C-C|D-B|D-E|E-A
hexagon,3X2,720,10,True,96,2231,492,492,0,1.563739940748637,13.95632087408233,24.00137009466811,13.864074997510397,1.4556925302994292,13.864074948856818,0.0009324775809886887,9,1,0.02684034788803683,0.01013837667591116,0.06260881135678388,2.4233360459666833,True,True,9.636568557041711e-15,6.271967411101353e-15,7.316138212790102e-15,True,0.0988406358512277,0.45323801017551585,True,A-D|B-E|C-C|D-A|E-F|F-B
two-triangles,rhombus-ext,180,10,True,24,679,108,108,0,2.052926230566947,13.993287939200712,23.46147635485291,13.854291030597404,1.7362477281184976,13.854290725797608,0.0012826670846877164,7,1,0.026777326542063547,0.014682434470692087,0.06399617506032451,2.404037636533044,True,True,1.0531478648773698e-14,9.256060530178372e-15,5.023682512982915e-15,True,0.09178332589493426,0.4284189473923571,True,A-C|B-D|C-A|D-A|E-B|F-D
rectangle-same,trapezoid-ext,34,10,True,10,83,17,17,0,2.15723868584802,14.719223346165938,23.692892088215736,12.90509637888869,4.214597919963895,12.903466392980647,0.045427644147448376,1,1,0.026773055898165588,0.010589031996013439,0.06920006433670844,2.590245926800158,True,True,1.1618584736963982e-14,7.049315174190998e-15,9.235727738783388e-15,True,0.08102695329584397,0.46111470751115125,True,A-A|A-C|B-D|C-A|C-D|D-B
rhombus-int,parallelepiped-ext,34,10,True,10,90,14,14,0,9.108714181761835,13.955010554843273,22.31924933945984,13.77599904546234,1.7025392194790938,13.77595576253664,0.003962345005109391,2,1,0.026739655039235602,0.017588227121925096,0.06442823075049736,2.4094637965957526,True,True,9.483150488903745e-15,8.188600426433445e-15,4.782987168225453e-15,True,0.12424928129590786,0.4633533918727237,True,A-B|B-A|B-C|C-A|C-D|D-D
rectangle-opposite,cross,78,10,True,14,127,50,50,0,2.4333290416862385,14.478298881216029,22.197943379701346,14.395202275031881,1.3813045406091533,14.395143547725171,0.0023452585141132687,4,1,0.026612096537128267,0.01932800986414295,0.06394015598585989,2.4046173738204066,True,True,8.50830635148054e-15,7.555649385231101e-15,3.911961060401928e-15,True,0.24486350500313978,0.36990647383846204,True,A-C|A-D|B-E|C-B|D-A|D-D
central-trapezoid,triangle,36,10,True,0,119,28,28,0,1.5629324320120588,14.102781373520829,23.847079539586513,13.963034505381062,1.3339524149833006,13.963033209450256,0.000624790054988722,2,1,0.026561068292236874,0.004417962729810966,0.06393131239753247,2.417925719718799,True,True,8.871369750350845e-15,5.73997114492933e-15,6.764165321960921e-15,True,0.07514449469419542,0.46477305989471923,True,A-C|B-B|C-A|D-A|D-B|E-C
central-trapezoid,arrow,168,10,True,9,465,113,113,0,1.5785684780186018,14.091998450545276,23.64452707299721,13.902727420869349,1.6464515847305665,13.902727420868915,0.0012782704551757007,1,1,0.026509417433270906,0.013391261872493239,0.06418955817136132,2.421386978153642,True,True,5.891509130072236e-15,3.972054645195637e-15,4.351167857633658e-15,True,0.08096940055903461,0.3676539667191418,True,A-B|B-C|C-D|D-C|D-E|E-A
pentagon,parallelepiped-int,78,10,True,0,362,51,51,0,1.5968233806021042,13.629609004949778,24.009878706376355,13.309685189080067,2.3008805502140897,13.309601066242017,0.0022406706983284508,3,1,0.026448896952333174,0.016123476000251054,0.06319661185579464,2.3893855373132977,True,True,8.722849276405927e-15,1.897149936107019e-15,8.514042613167058e-15,True,0.06072562417634224,0.40992246481220984,True,A-B|B-C|C-A|D-B|E-C|E-D
pyramid,parallelepiped-ext,180,10,True,8,598,122,122,0,1.9620869995268964,15.42331937392104,21.681103225758577,14.890741163171722,4.576927313721004,14.890606767748666,0.01124974421421765,1,1,0.02644709042002459,0.025972030158054,0.0669100950584918,2.529960536143907,True,True,8.528688183983344e-15,5.296880915202196e-15,6.684427777288335e-15,True,0.0787664542527847,0.473576830147257,True,A-A|B-D|C-A|D-D|E-B|F-C
cross,pyramid,360,10,True,20,866,273,273,0,1.8514356447840803,13.855540779558773,26.55877845968007,13.451067989973467,3.6350527744411503,13.451067989973467,0.004575578414844017,9,1,0.02640935872172825,0.008662947405005426,0.06455430703223526,2.4443723799746535,True,True,8.01381866238306e-15,5.354740424337782e-15,5.962218089060634e-15,True,0.12283311273238232,0.4179157688864527,True,A-D|B-C|C-F|D-B|D-E|E-A
pentagon,wave,168,10,True,0,574,127,127,0,1.6345745481736524,13.865539962778758,23.9695936304596,13.68102024169131,1.9553115499935214,13.681017726043233,0.001988437482479455,4,1,0.02635517573827136,0.008663023159901593,0.06405962210475877,2.43062777273518,True,True,6.767520968777233e-15,6.190870158071267e-15,2.7335813045786993e-15,True,0.20306935376092944,0.39177453957125963,True,A-C|B-D|C-A|D-E|E-B|E-C
hexagon,parallelepiped-int,180,10,True,24,559,105,105,0,1.7173532998180518,13.865907647791198,23.488734860768893,13.729507751357424,1.7888524966894594,13.729507695445795,0.0017938868514821849,4,1,0.026228183155855206,0.012507694512388019,0.06327163297674546,2.4123528725099908,True,True,5.458228509138726e-15,3.68392536492906e-15,4.027524346742929e-15,True,0.1484084736485039,0.43450857272002213,True,A-B|B-B|C-C|D-D|E-A|F-C
2X3,central-trapezoid,360,10,True,44,1185,213,213,0,1.5549718743385554,13.744769591486817,23.556681981710547,13.506465749135167,2.1148957518840072,13.50646548943846,0.0014373877319702189,4,1,0.026190072431772314,0.022107329913930752,0.06284759455978452,2.399672422575715,True,True,3.672556682548643e-15,1.7979101253009106e-15,3.2023728339893768e-15,True,0.14791625621687243,0.44904494826803076,True,A-D|B-C|C-D|D-A|E-E|F-B
rhombus-ext,two-triangles,180,10,True,24,709,105,105,0,1.5887861503815548,13.93801137443145,23.47463276872236,13.796772591216943,1.6585510320798411,13.796771368089573,0.0009323365991118493,4,1,0.025928639607281236,0.014638629970412329,0.056682498846400704,2.402095496216061,True,True,1.1191246340577071e-14,1.0457334411132827e-14,3.985994439185401e-15,True,0.08661362488053023,0.4633533918727237,True,A-C|A-D|B-E|C-A|D-B|D-F
central-trapezoid,central-trapezoid,168,10,True,32,385,105,105,0,1.9027506603224835,13.969133872852115,23.741049021397913,13.789054673981889,2.0028622114785035,13.78905376210922,0.0011245074415455747,2,1,0.0257869684010809,0.01439213112937735,0.06200078518474279,2.4043456454595855,True,True,7.832631307068304e-15,3.677273354746919e-15,6.915762710427163e-15,True,0.07592712169616682,0.4964675099329778,True,A-D|B-D|C-A|D-C|D-E|E-B
central-parallelepiped,rectangle-opposite,78,10,True,22,155,40,40,0,1.5721151874623036,13.648735456470385,23.131147579079833,13.160282160574539,2.7312769099234826,13.16027510711237,0.002288104313466377,12,1,0.025625543268126025,0.02406185273114624,0.06097421635659084,2.3794311682918647,True,True,9.833467885125488e-15,8.092452105819845e-15,5.58652929490272e-15,True,0.26852051181731784,0.3926817942954417,True,A-B|B-D|C-A|C-C|D-D|E-A
arrow,rectangle-same,78,10,True,12,378,46,46,0,1.5171896986950026,14.487309830080033,21.705083397159232,14.1190027764077,2.1005477748624513,14.118933819930014,0.0010373268025984927,5,1,0.02552693087546825,0.019674636013291672,0.06155036702307393,2.411193391142244,True,True,1.4059233338000717e-14,3.552713678800501e-15,1.3602950693464069e-14,True,0.11572899605548218,0.47538038908183505,True,A-C|B-B|C-A|C-C|D-A|E-D
hexagon,trapezoid-ext,180,10,True,12,487,127,127,0,1.7092393372863521,14.721239751649907,23.27545682023054,14.683252572692851,1.1687831861454678,14.683252572093949,0.0008810557165581656,3,1,0.025317272457606378,0.005317225816190774,0.061202294674202504,2.424275537148807,True,True,1.2186183381512667e-14,6.4047456679787536e-15,1.0367366991496098e-14,True,0.10055130860988393,0.4770498073548985,True,A-D|B-C|C-A|D-D|E-B|F-A
pyramid,wave,360,10,True,24,720,276,276,0,1.6424186074244098,15.950220592266298,22.595781050599204,15.30639004139336,4.607489769743436,15.306351925211722,0.019276118787036722,5,1,0.025191591479608588,0.007682667129804469,0.06422002800172959,2.549264426334981,True,True,5.078966988977447e-15,3.577886408810805e-15,3.6048071405790294e-15,True,0.1534367109475138,0.3902008642505306,True,A-C|B-B|C-C|D-A|E-D|F-E
central-trapezoid,rhombus-ext,78,10,True,6,257,52,52,0,1.8809199580442428,14.020006859685326,23.713052717830028,13.921824415358133,1.6697147970397952,13.921794503834654,0.0012730740413378072,5,1,0.025120175113293255,0.006544395551515677,0.06035161671895853,2.413466978541787,True,True,8.561110452775232e-15,5.443490401604861e-15,6.607648933792796e-15,True,0.08911753969340183,0.39028483721018153,True,A-B|B-A|C-D|D-A|D-C|E-D
two-triangles,wave,360,10,True,32,959,278,278,0,1.6976455362401506,14.106127952357577,23.647168100512552,14.037800088585572,1.2466795825555101,14.03776821339185,0.0007512832179301654,5,1,0.025106142625895292,0.005927017787669903,0.06107500382151662,2.4326717461774425,True,True,7.192650595217797e-15,7.067316293791837e-15,1.336885555457667e-15,True,0.11271778728158421,0.5325098964202757,True,A-A|B-B|C-C|D-D|E-C|F-E
wave,horizzontal-parallelepiped,360,10,True,68,741,226,226,0,1.5166862709119955,13.967829519667701,23.864301303389645,13.851386716885425,1.540785391493827,13.851375239114311,0.0010887599019699934,3,1,0.025012914116258573,0.009740445926161537,0.06027491557155073,2.4097518302504226,True,True,1.220393438442512e-14,9.057678187205881e-15,8.178904591469966e-15,True,0.12595377579681688,0.41981971932396717,True,A-A|B-F|C-B|C-D|D-C|E-E
trapezoid-int,pentagon,78,10,True,0,274,55,55,0,2.520880639472601,15.567598218305449,21.479454507717545,14.109338122381335,5.505387020099389,14.109328163619503,0.013960231940897572,1,1,0.024979710601059996,0.014184419184310128,0.06446984221434413,2.590665221366037,True,True,6.556898606395034e-15,6.0402662910232525e-15,2.5510982866352577e-15,True,0.1191777414608677,0.39317342332716687,True,A-E|B-B|B-D|C-C|C-E|D-A
rhombus-ext,wave,78,10,True,14,216,44,44,0,1.7680069155319653,14.035683586715576,23.646920384374614,13.909431922821396,1.3716531875258755,13.909422370525785,0.0009074207271204671,3,1,0.02497162251715532,0.0049937546555675555,0.0604703097661149,2.4215611029908946,True,True,1.0606262191728087e-14,3.815356980893987e-15,9.896254280687426e-15,True,0.07895852420601794,0.49264782304703897,True,A-A|A-D|B-C|C-E|D-B|D-C
central-trapezoid,base-trapezoid,168,10,True,0,605,122,122,0,1.6420394356141415,14.720194866015744,21.9068424888853,14.594112501001677,1.924187321108729,14.59411015680278,0.0010234196157625775,8,1,0.02481785192522042,0.009814436255625161,0.05958434520428286,2.4008663354031863,True,True,1.2635076833602146,0.22137795366627103,1.24396280794115,True,0.16147984429796336,0.4531133653291396,True,A-D|B-A|C-B|D-B|D-E|E-C
rectangle-opposite,parallelepiped-int,34,10,True,14,78,14,14,0,8.828788065796774,13.635140965992463,21.81937662623147,13.453082401535578,1.4879927099400843,13.45308209349739,0.0026066027471109976,2,1,0.024771432995927063,0.023753898816697674,0.05947241708459296,2.400846858329571,True,True,5.582114810376975e-15,4.351167857633658e-15,3.4967619351230766e-15,True,0.1188707553359662,0.3926817942954417,True,A-B|A-C|B-C|C-B|D-A|D-D
two-triangles,trapezoid-int,180,10,True,4,583,137,137,0,2.0098655339955735,12.870082380999754,25.197684419941606,12.71239157117654,1.7950726034449591,12.71239157117654,0.0008102122354571861,1,1,0.024678793738604085,0.014945056029861976,0.05960813092335793,2.4153583661633844,True,True,1.796778576958494e-14,1.432833034877994e-14,1.0841599276764049e-14,True,0.05174431237152453,0.48074338202529493,True,A-D|B-B|C-C|D-A|E-B|F-C
rectangle-same,wave,78,10,True,6,244,53,53,0,2.7567458588470957,14.224159977935305,25.31016170678112,13.032867881213098,4.650400238569256,13.032867881213098,0.03547820194551399,1,1,0.02462652596109645,0.015892777491996326,0.06404474592553115,2.600640708588183,True,True,8.212754759113805e-15,2.8662251779611094e-15,7.696368881658951e-15,True,0.10229393814506535,0.4668891668184871,True,A-A|A-C|B-B|C-C|C-D|D-E
rhombus-int,wave,78,10,True,14,349,32,32,0,1.6929693108300292,13.980777759270893,23.718836617811746,13.834301739151243,1.490750225822848,13.834301584510937,0.0008512533238160813,3,1,0.02451892104286089,0.005684770889983053,0.05911909449483189,2.411162154790063,True,True,9.886596812732933e-15,1.8610729195778454e-15,9.709850880706406e-15,True,0.050460600962387796,0.49463167676755143,True,A-D|B-A|B-C|C-B|C-E|D-C
horizzontal-parallelepiped,rhombus-ext,180,10,True,40,521,100,100,0,1.5609475940157154,13.970942373227698,23.28064583404043,13.816157151328365,1.828585689453794,13.81615709834276,0.0010876864191100566,7,1,0.02450540082401169,0.014070114179663359,0.058954943863789994,2.417002559931669,True,True,4.165926057296536e-15,2.5121479338940403e-15,3.3232593448441795e-15,True,0.13910093858562778,0.4375415187649024,True,A-A|B-D|C-D|D-C|E-B|F-A
cross,pentagon,168,10,True,1,707,124,124,0,1.597914813517013,13.55087005850812,24.604279267352883,12.96666985843689,3.55266650275062,12.966212236665466,0.004109509969097758,5,1,0.02422215773768829,0.011419180031681124,0.05900618573518161,2.436041676145613,True,True,1.312131443737577e-14,7.742959950613002e-15,1.0593180059249863e-14,True,0.05025397784024472,0.3886290146990729,True,A-E|B-A|C-E|D-B|D-D|E-C
vertical-parallelepiped,base-trapezoid,360,10,True,52,1477,193,193,0,1.6561915502586677,14.778053279675872,21.62822164757295,14.64010704332079,1.943399890651604,14.640089591059997,0.0013300104122979661,7,1,0.023918456519561437,0.026487512470914392,0.05236161774788478,2.4050381690978075,True,True,1.4099395310285296e-14,1.1512108063996359e-14,8.140289677804162e-15,True,0.0912387348698662,0.4668891668184871,True,A-B|B-E|C-B|D-C|E-A|F-D
rectangle-same,rhombus-int,34,10,True,8,75,18,18,0,2.0496669604914866,14.003800367972682,25.45994586978667,12.606366919595681,4.875482017943046,12.606319326600419,0.036803348059059715,3,1,0.023852410672725574,0.02510355115095312,0.06111256600701928,2.57314823020778,True,True,4.825161335303558e-15,4.7175497946880374e-15,1.0133636298719597e-15,True,0.20422836922613147,0.39028483721018153,True,A-B|A-C|B-D|C-A|C-B|D-C
hexagon,wave,360,10,True,56,573,250,250,0,1.5633841276796978,14.19766928658478,23.858797063266223,14.131388638586587,1.1807652908643202,14.131388624261659,0.0013311465461942618,1,1,0.023536915774392472,0.0077422679487287255,0.05698033549332743,2.4208921865336532,True,True,7.586379528086453e-15,5.829481393124134e-15,4.854925440353203e-15,True,0.1025502432253864,0.5030247861548097,True,A-B|B-E|C-D|D-A|E-C|F-C
pentagon,arrow,168,10,True,0,618,135,135,0,1.6706717645666727,13.764391101338447,23.94776743632647,13.505504677645934,2.1980232690921655,13.50544458152463,0.0019159509911261807,2,1,0.023497203658794333,0.017563498721449543,0.05677295503884845,2.416157933652669,True,True,7.494651091031679e-15,6.2419545103429955e-15,4.148228401029899e-15,True,0.05668030598150012,0.3886873512957292,True,A-C|B-E|C-B|D-D|E-A|E-C
rhombus-ext,parallelepiped-int,34,10,True,10,90,14,14,0,9.119422778051861,13.998159368381629,22.60420308490843,13.819427230653469,1.5244157636277182,13.819391177501199,0.0034479786164931525,7,1,0.02349662766357114,0.00995242313812437,0.05688110049581922,2.4208197580628528,True,True,6.726807672500622e-15,5.369137022949229e-15,4.0524448289408114e-15,True,0.22684285785270392,0.4828768357435626,True,A-A|A-C|B-B|C-B|D-C|D-D
arrow,parallelepiped-int,78,10,True,8,244,48,48,0,1.5814370328862903,13.691088499106797,23.71921098750278,13.473556000175858,1.8709355864499193,13.473554293988578,0.0005933018925219358,4,1,0.023151153998553525,0.00584148124202321,0.056414582676594396,2.4367935473160065,True,True,7.076215825079607e-15,3.2584442899046766e-15,6.281351065869083e-15,True,0.31090969144678093,0.5495699539427199,True,A-C|B-B|C-A|C-B|D-C|E-D
central-parallelepiped,trapezoid-ext,78,10,True,12,327,44,44,0,1.5896772969324884,14.534358533442813,22.76671482304152,14.478429958880668,1.210969969800458,14.478392342169936,0.0008485483951119477,2,1,0.023146216428784772,0.004540188201818373,0.0559061819330571,2.4153486210183295,True,True,7.151317104999128e-15,5.024928311517375e-15,5.088362388859921e-15,True,0.07311049522106648,0.48878242500098273,True,A-C|B-A|C-B|C-D|D-A|E-D
wave,arrow,168,10,True,60,212,85,85,0,1.5732514623759148,14.096821057070848,23.836463491049397,13.956626275486148,1.5738805958108317,13.956609182941136,0.0013650542065217763,3,1,0.023003325794471452,0.006573152383923307,0.055525387983717214,2.4137982689903916,True,True,6.0402662910232525e-15,5.687116766346677e-15,2.0350724194510405e-15,True,0.13834593641938572,0.41981971932396717,True,A-C|B-D|C-A|C-E|D-B|E-C
trapezoid-int,vertical-parallelepiped,180,10,True,28,752,112,112,0,1.9142330896970012,15.132613071281188,22.328219473582486,14.07770043362404,5.240637963281126,14.077640234432085,0.005891099781386799,9,1,0.022890045190917474,0.009031333692267617,0.05912438397832818,2.5958163830325254,True,True,9.272854936269104e-15,5.329070518200751e-15,7.588599744428075e-15,True,0.08217843836096399,0.4824672296799091,True,A-C|B-A|B-D|C-E|C-F|D-B
cross,trapezoid-ext,78,10,True,0,313,59,59,0,1.6126790151950035,14.458714668423847,24.095858507251286,13.962434564957457,3.49558845652138,13.961973064436405,0.021368294279856315,2,1,0.022852739076706347,0.003012272254080888,0.05635162628590918,2.4658587356536197,True,True,7.264978839125256e-15,6.786919322263606e-15,2.5918417478740246e-15,True,0.07226341431600729,0.5316003664269159,True,A-B|B-D|C-C|D-A|D-D|E-A
cross,rhombus-int,78,10,True,26,131,38,38,0,1.65451869308918,13.714203199190129,24.62856376260407,13.131896966955008,3.6697158122062263,13.131867369978236,0.02099986429679923,7,1,0.022851261471654425,0.0033891570310584816,0.05622415650732925,2.4606661516238715,True,True,9.337101047893072e-15,5.99211958652363e-15,7.160723346098895e-15,True,0.2889221216501803,0.49463167676755143,True,A-C|B-B|C-D|D-A|D-B|E-C
wave,central-trapezoid,168,10,True,14,510,115,115,0,1.505489732421882,14.072013213556158,23.877423957081326,13.965761099491942,1.3870098305611838,13.965753153370649,0.0010097279963705574,1,1,0.02279498414571874,0.006229650737548774,0.055168950501269645,2.420223245105053,True,True,8.607565737352036e-15,7.9041799059867e-15,3.4079506945718548e-15,True,0.09379799337059261,0.4964675099329778,True,A-A|B-D|C-C|C-E|D-B|E-D
3X2,trapezoid-ext,180,10,True,18,679,120,120,0,1.7021291881323148,14.64477983829946,23.221591127186862,14.575907089844154,1.1917860632449735,14.575866709803789,0.0007592289875830716,5,1,0.022572300320681568,0.002176529028874572,0.055021463278563325,2.4375656223282944,True,True,5.121486610213742e-15,2.5121479338940403e-15,4.463041323674983e-15,True,0.08306065469200058,0.5205851617528318,True,A-A|B-C|C-A|D-D|E-D|F-B
arrow,rhombus-int,78,10,True,6,510,50,50,0,1.5443415056100531,13.757868647465493,23.436060597906756,13.676707112277047,1.3913621065834167,13.676705517256881,0.0008246084593483971,3,1,0.02228328352529229,0.010034381695416528,0.053811536605707824,2.422497459610255,True,True,9.272854936269104e-15,7.53644380168212e-15,5.4025784115714076e-15,True,0.082289015009576,0.45336865794965664,True,A-A|B-D|C-B|C-C|D-B|E-C
central-parallelepiped,arrow,168,10,True,24,975,62,62,0,1.5816267479813664,13.772156365847486,23.42690278378015,13.582079693310972,1.8366163897453778,13.582078414748468,0.0011371095688836874,9,1,0.02226709164156985,0.014775835218576814,0.05372892722576512,2.412929721161249,True,True,6.855290934456682e-15,4.2241410707765214e-15,5.399226427019241e-15,True,0.31024794016876034,0.41981971932396717,True,A-C|B-E|C-A|C-C|D-D|E-B
wave,pyramid,360,10,True,24,723,273,273,0,1.6402841149750718,13.02868465728968,25.653979566458542,12.883760036241476,1.641353072971631,12.883760036241476,0.0013382813714439834,5,1,0.022144545332655585,0.0060862864939319776,0.05368744972211619,2.424409664575306,True,True,7.401168791364089e-15,6.164550209923769e-15,4.095805194048e-15,True,0.2123947128374097,0.41981971932396717,True,A-B|B-F|C-A|C-D|D-E|E-C
central-parallelepiped,central-trapezoid,168,10,True,18,517,109,109,0,1.5957390621629906,13.943621666363605,23.694440115123964,13.6784782460986,2.0857697446322763,13.67847517725641,0.0010464159784859817,6,1,0.022057770267503874,0.011117894340983418,0.05328820500707828,2.415847311891899,True,True,8.625511238393738e-15,8.152394204457378e-15,2.817430187029739e-15,True,0.10363989750816169,0.49573600680125657,True,A-C|B-D|C-A|C-E|D-B|E-D
wave,2X3,360,10,True,88,424,236,236,0,1.5300460700493108,13.935950503783893,23.341642886730142,13.80033299304793,1.7354938759747298,13.800330620174735,0.0010979942232687279,16,1,0.022048482038768105,0.006825364874845813,0.053597360221915274,2.4308866310013726,True,True,1.5903097121789368e-14,1.052858656207399e-14,1.191878194573507e-14,True,0.3400698167108189,0.5174116091873102,True,A-D|B-B|C-A|C-C|D-E|E-F
triangle,central-parallelepiped,36,10,True,4,193,19,19,0,1.8144306752344568,13.881082800444732,23.61004535705379,13.838959091069277,1.2321421307243519,13.838959074845485,0.0008620184063534708,7,1,0.02180531835455053,0.003276994418098502,0.052472582494610814,2.415426184885065,True,True,1.1649541153591124e-14,8.211335882852398e-15,8.263520563790825e-15,True,0.06526630705919795,0.35550131757420805,True,A-B|A-E|B-A|B-C|C-C|C-D
central-parallelepiped,parallelepiped-ext,78,10,True,18,218,38,38,0,2.381569976966656,13.846348056710092,23.20664298272709,13.64729093610002,2.197255895845583,13.647289636867859,0.0014995663219092847,2,1,0.02157416929394766,0.020715914211658647,0.051880887428188555,2.4047687176879173,True,True,0.3507273907707301,0.015988785569121505,0.35036275682907436,True,0.07784754766705095,0.4652866157331114,True,A-A|B-A|C-C|C-D|D-D|E-B
parallelepiped-int,trapezoid-int,34,10,True,6,67,22,22,0,2.1173033401997046,12.689181246098885,25.043565637388983,12.591149490070356,1.7425233421762023,12.591135741515863,0.000890363970112773,3,1,0.021495920842047222,0.004814645282622853,0.05186040586908014,2.412569633566862,True,True,1.03578512786223e-14,8.140289677804162e-15,6.4047456679787536e-15,True,0.2186089017181428,0.483783135624614,True,A-A|B-B|B-C|C-B|C-D|D-C
trapezoid-ext,pentagon,78,10,True,0,263,55,55,0,1.6994470164092768,13.690309986215404,24.703612748432935,13.21145987407296,3.704760016265382,13.21126759754559,0.021169374941262475,12,1,0.021412799409202727,0.0009283344166885867,0.05236818987637605,2.445648925934897,True,True,0.31848654953558353,0.04914463426665065,0.31467203110203307,True,0.12706474281754596,0.5030596781314208,True,A-A|A-B|B-E|C-E|D-C|D-D
parallelepiped-ext,arrow,78,10,True,6,280,52,52,0,1.6872253301735463,13.952386874399638,23.653091873365895,13.75857282829191,1.9064408928570897,13.758572213685069,0.0011670543042354709,4,1,0.021259873575511342,0.0076064510069898655,0.05340909698827681,2.5122020033927797,True,True,5.226309294643547e-15,2.7465400791133423e-15,4.446439748506845e-15,True,0.12766196525935378,0.4182034220705242,True,A-A|A-E|B-C|C-B|D-C|D-D
arrow,trapezoid-int,78,10,True,8,226,50,50,0,2.211105115915869,12.9058319066141,24.449571544035752,12.724727615811373,2.111198444176183,12.724727615811373,0.0008232866283481854,1,1,0.02113228934297268,0.011368860686971806,0.05107038677883475,2.416699201396164,True,True,1.386279212885334e-14,1.3439203156353491e-14,3.40070935689254e-15,True,0.15524834114383293,0.4801727562418158,True,A-B|B-A|C-B|C-C|D-D|E-C
base-trapezoid,central-trapezoid,168,10,True,0,616,119,119,0,1.5211629459498544,14.159024848641298,25.960345559589243,12.77852440441309,5.946639392172957,12.777668303820743,0.04022962341918568,10,1,0.020983472415201446,0.008413223291275947,0.05378065588836962,2.5630007667085786,True,True,1.6834437329493627e-14,1.533876673602434e-14,6.936895214610187e-15,True,0.05688709905271903,0.44904494826803076,True,A-D|B-C|B-E|C-A|D-D|E-B
wave,central-parallelepiped,168,10,True,52,560,92,92,0,1.602903040782097,13.844818330273576,23.169332852410246,13.766969373487488,1.3911067521997456,13.766969056033027,0.0008730457423613558,4,1,0.02092962752724244,0.006630547173575309,0.05063590347540827,2.419340879788688,True,True,5.045105563317948e-15,4.530199718267439e-15,2.220446049250313e-15,True,0.08806730563699748,0.4387982942468777,True,A-C|B-B|C-A|C-D|D-E|E-C
rectangle-same,rectangle-opposite,34,10,True,14,39,16,16,0,1.9127010699607616,14.333343289180563,25.570734074859057,12.647782747416008,5.721201704090409,12.647739393837947,0.021629377193830734,4,1,0.020827365485338655,0.04931258054003759,0.05340495561844977,2.581149914373441,True,True,1.542211279053992e-14,1.0923150274288002e-14,1.0886980803209723e-14,True,0.3385076755251187,0.4531133653291396,True,A-A|A-B|B-C|C-A|C-D|D-D
arrow,3X2,360,10,True,44,1600,253,253,0,1.528445436234388,13.871588246681926,23.799074151727908,13.76459516430744,1.4945121847026774,13.764570101808998,0.0008898409064705959,8,1,0.0208240925329201,0.00746000422275482,0.05033341664742934,2.4170761135381507,True,True,6.559776487156795e-15,4.640496513756105e-15,4.636427468134552e-15,True,0.06388997079492646,0.3846245126357791,True,A-E|B-F|C-B|C-D|D-A|E-C
central-trapezoid,hexagon,360,10,True,24,1092,276,276,0,1.6119227944360615,13.87932775268682,23.790457567959187,13.817780379376437,1.4148489151706354,13.817780219779046,0.0007641900329042883,12,1,0.020785410239008574,0.007255211460054444,0.0506151901203447,2.4351306776401134,True,True,0.9327171338127889,0.05687544338843428,0.9309814367898605,True,0.1389911784186026,0.5100712246168457,True,A-B|B-A|C-C|D-D|D-E|E-F
cross,rectangle-same,78,10,True,10,110,56,56,0,1.7385061484141493,14.79400157884492,22.380971957876188,14.24061560037769,3.602121348440709,14.240615587753652,0.0215776691919789,7,1,0.0207288913838418,0.01328253920096736,0.0507054929994992,2.4578127998530306,True,True,4.491946442396235e-15,2.094764613337708e-15,3.973605926116015e-15,True,0.21208042512686553,0.41981971932396717,True,A-A|B-D|C-B|D-A|D-C|E-C
rectangle-opposite,triangle,15,10,True,2,52,9,9,0,9.056412662418134,13.886378277318379,22.332595559795955,13.830696522715261,1.1580317775715385,13.830682922238715,0.0022607685716824477,1,1,0.02068187844198673,0.009734642095963414,0.05004148932966892,2.419581445178529,True,True,1.709328885687008e-14,1.4261018636255233e-14,9.423580604036868e-15,True,0.12184551932853434,0.47087587555643834,True,A-B|A-C|B-B|C-A|D-A|D-C
cross,parallelepiped-int,78,10,True,8,346,37,37,0,1.5712235505433754,13.53024424774836,24.486510872432277,12.96018280813631,3.452881395985672,12.959716151494625,0.020619113790496968,8,1,0.020611565178225526,0.005991407954536818,0.04841300256616116,2.4402689225732437,True,True,9.579011719714615e-15,2.8780270159990897e-15,9.136433988247785e-15,True,0.1285493135301853,0.4499078879065762,True,A-C|B-C|C-A|D-B|D-D|E-B
rectangle-same,triangle,15,10,True,3,46,8,8,0,2.988066257267281,14.256750681970287,24.486826444050322,12.957702555116565,4.503364296152835,12.957702555116565,0.042277759012651295,2,1,0.020559576387938754,0.009424062376584084,0.05332604646359771,2.593732743194133,True,True,0.21100380229245663,0.06612914676569015,0.20037350256437586,True,0.12184551932853434,0.44570029637104946,True,A-B|A-C|B-B|C-A|C-C|D-A
rhombus-int,arrow,78,10,True,6,365,45,45,0,1.5609284050726886,13.809010774688,23.409822843232014,13.73707810221688,1.4492587453721792,13.73707665080703,0.0008107552654710304,4,1,0.02036430476152033,0.00993541271768415,0.048990178808874886,2.417140834610387,True,True,6.472764479741243e-15,5.3740557378997505e-15,3.607797795906347e-15,True,0.11672274849545541,0.4179157688864527,True,A-E|B-B|B-C|C-A|C-C|D-D
3X2,trapezoid-int,180,10,True,12,723,124,124,0,1.8380116364355696,12.63697506608857,25.5300735271664,12.487343005136546,1.7190237722919148,12.487315141077852,0.0009141399687262464,1,1,0.020221993879014247,0.008372046539249488,0.04889624802866283,2.417973634113589,True,True,7.975623935981047e-15,4.8660994112586915e-15,6.319149759891882e-15,True,0.09578081332976841,0.47041518912220753,True,A-C|B-D|C-B|D-A|E-B|F-C
pyramid,trapezoid-int,180,10,True,16,414,136,136,0,2.070575093295799,14.45951378363727,23.938694846626728,13.954961266494685,4.540573427454822,13.954724761747466,0.005132833776846368,2,1,0.020170740265890916,0.014540722731448253,0.051006421647128174,2.52873325295755,True,True,9.272854936269104e-15,6.4047456679787536e-15,6.705600017716362e-15,True,0.09226581586328261,0.41427204311211313,True,A-A|B-B|C-C|D-B|E-D|F-C
rectangle-opposite,trapezoid-ext,34,10,True,4,105,22,22,0,2.432781694534122,14.433859055092723,22.052115735975168,14.274583705343971,1.2429282002924709,14.274542190377435,0.001310976358265492,3,1,0.02000170634911238,0.005027333362096618,0.048408081712476715,2.420197600522464,True,True,1.5695741631556581,0.9262955065688865,1.267098925954905,True,0.18079348370578258,0.43963889103736126,True,A-A|A-D|B-B|C-D|D-A|D-C
2X3,trapezoid-int,180,10,True,60,187,109,109,0,2.3292560518012273,12.711266445220028,25.03927448727152,12.527696887729284,2.009880561733393,12.527696887729284,0.0010798344073954524,1,1,0.01957705570900409,0.014809114894446371,0.04698695340293761,2.4001031667559114,True,True,6.296051182078799e-15,4.440892098500626e-15,4.463041323674983e-15,True,0.05877026231621629,0.43871064769360363,True,A-B|B-A|C-C|D-D|E-B|F-C
trapezoid-int,arrow,78,10,True,8,228,53,53,0,1.7104358436324016,15.074335728827876,21.433864483096006,13.502524244385746,5.198277159249044,13.502524229099496,0.004010603750803199,1,1,0.0195705598234554,0.011572321422117431,0.05068035403845649,2.5896220903050446,True,True,6.217248937900877e-15,3.2023728339893768e-15,5.329070518200751e-15,True,0.1786912493449266,0.447246773371714,True,A-B|B-A|B-C|C-C|C-E|D-D
rhombus-ext,horizzontal-parallelepiped,180,10,True,40,423,103,103,0,1.6250232935282454,13.987517331058287,23.390711250678745,13.848382874666358,1.7676908382538732,13.848379260946269,0.0010876033027553689,5,1,0.019384369011026876,0.01409826245353214,0.046635008796679964,2.417048905297327,True,True,3.3430057923736653e-15,2.5451451442372705e-15,2.1674694744354124e-15,True,0.17843133590106888,0.4179157688864527,True,A-A|A-D|B-F|C-B|D-C|D-E
base-trapezoid,parallelepiped-ext,78,10,True,0,207,64,64,0,2.2539756890459812,14.193249317808542,25.784199577199256,13.056631222810617,5.986008502487656,13.056631222810617,0.035373131212852016,3,1,0.019324390818194405,0.01282474974479869,0.04943704665339681,2.5582719330459085,True,True,1.219179907888837,0.28047351974084667,1.1864797733311823,True,0.27016142610227295,0.4182034220705242,True,A-D|B-A|B-D|C-B|D-A|E-C
horizzontal-parallelepiped,trapezoid-int,180,10,True,12,571,124,124,0,2.129225305463469,12.910066122472054,25.47139636181037,12.632764841165816,2.3439753304230866,12.632764841165816,0.0012224266718448007,1,1,0.019271329366491792,0.01654175870995372,0.046404591144203915,2.4079600458124255,True,True,1.3596974629729524e-14,7.286195447764425e-15,1.147994228985866e-14,True,0.06424041954825122,0.4531133653291396,True,A-C|B-B|C-A|D-C|E-D|F-B
cross,trapezoid-int,78,10,True,0,344,56,56,0,2.0973006330294863,13.656337430838363,25.920053100273137,13.351675800447609,3.625620763299401,13.351675800447609,0.012400275229577318,1,1,0.019206601201478126,0.007161433295113528,0.0470219976014396,2.4482206460256397,True,True,6.023919126296978e-15,4.070144838902081e-15,4.440892098500626e-15,True,0.0922658158632826,0.41427204311211313,True,A-A|B-B|C-D|D-B|D-C|E-C
triangle,wave,36,10,True,2,64,27,27,0,1.6496088757895837,14.4679551833513,23.91055767145954,14.320839165753345,1.2965162094740583,14.32082466350635,0.0009043952888143636,1,1,0.019152748374807096,0.0024681787211004247,0.04639546786612354,2.4251922945201194,True,True,8.62265274246159e-15,7.32410687763558e-15,4.550560269027492e-15,True,0.1130554754212355,0.47155867269229795,True,A-B|A-C|B-C|B-D|C-A|C-E
wave,triangle,36,10,True,2,64,27,27,0,1.58136553516412,14.41742597578442,23.998124455955598,14.317928577601762,1.3036292953299162,14.317922987768782,0.0016762216510910477,2,1,0.01909141122369902,0.002134199848998063,0.0462872892110034,2.424508522112023,True,True,7.486406109691278e-15,5.505594172120132e-15,5.072938916559092e-15,True,0.15520682681973466,0.45763061220724666,True,A-C|B-A|C-B|C-C|D-A|E-B
vertical-parallelepiped,trapezoid-int,180,10,True,28,599,109,109,0,1.8983269763134638,12.766161617595548,25.392138452747435,12.594619747970272,1.782861476235104,12.594619747970272,0.0010366804300598886,4,1,0.019042482051683834,0.012199247600120665,0.045532508582752276,2.3911015622423055,True,True,8.106909038975678e-15,7.108895957933346e-15,3.8968670012594065e-15,True,0.08217142070459152,0.3844888679056581,True,A-B|B-B|C-C|D-D|E-C|F-A
trapezoid-int,base-trapezoid,78,10,True,14,109,57,57,0,2.740467084258818,14.798487881083055,21.85712689189401,13.489247255606784,5.401841040049488,13.489246904225425,0.006237406594204131,1,1,0.018883535152889014,0.013433447560834762,0.048998708841389134,2.5947847394396786,True,True,1.198632815900493e-14,8.95094721571336e-15,7.971988878370802e-15,True,0.27835994375359996,0.4824672296799091,True,A-B|B-A|B-D|C-C|C-E|D-B
trapezoid-int,central-trapezoid,78,10,True,6,280,50,50,0,2.024036619986092,15.505002589227445,22.73111279644274,14.208411896041891,5.415143640362993,14.208411885174751,0.007031365363160624,2,1,0.01884395253056012,0.006089435090504316,0.048930914550279425,2.5966375403953004,True,True,1.488082201060832e-14,1.3869794095326625e-14,5.391444654695778e-15,True,0.0655219212595971,0.4531133653291396,True,A-D|B-B|B-C|C-D|C-E|D-A
3X2,parallelepiped-int,180,10,True,52,475,103,103,0,1.6289583383619317,13.778003164442614,23.661341387722384,13.726156325299714,1.2774813825322193,13.726156216821646,0.0007747080033357889,5,1,0.018730488451117605,0.0073934687363252415,0.04524346339334909,2.415498320368122,True,True,5.747482092719374e-15,2.3603665272841412e-15,5.2404408462462845e-15,True,0.06383651854737839,0.42664682117134556,True,A-B|B-C|C-D|D-B|E-C|F-A
3X2,rectangle-opposite,180,10,True,76,112,92,92,0,2.017068912073385,13.822256144997022,23.094130723955466,13.517187359684263,1.9870498808097774,13.517173759631905,0.0015280797115488909,9,1,0.01863339819096872,0.006802970085931339,0.04526178654821824,2.4290677462233288,True,True,6.342680431043199e-15,6.0825253169780394e-15,1.7979101253009106e-15,True,0.39166485185885364,0.4798447096600806,True,A-A|B-C|C-B|D-A|E-D|F-D
3X2,parallelepiped-ext,180,10,True,48,505,83,83,0,1.7604346367866055,13.740149148257736,23.577082435098,13.674730148826175,1.436003640343606,13.674709746503515,0.0013571761927817505,5,1,0.018632975806472548,0.009645977817095861,0.04482983218530262,2.4059405567268572,True,True,1.564429914840607e-14,1.5131651520584218e-14,3.972054645195637e-15,True,0.16084522438471513,0.46011384452647847,True,A-A|B-D|C-B|D-D|E-A|F-C
hexagon,triangle,90,10,True,18,198,54,54,0,2.0006230146171853,14.184964649970498,24.13743769734812,14.09404416516378,1.3364978801191532,14.094030878616032,0.0011166761450169815,2,1,0.018560601407393528,0.0036883597195782403,0.044921247564600066,2.427536759527744,True,True,8.779189918803538e-15,5.2404408462462845e-15,7.043575467574348e-15,True,0.18147259173219446,0.45763061220724666,True,A-A|B-B|C-C|D-A|E-C|F-B
wave,trapezoid-ext,78,10,True,6,109,60,60,0,1.7884313122121807,14.974234061321416,23.12752982283207,14.884200522704235,1.1715721326853143,14.88420042670629,0.0016178480249191551,1,1,0.018509217392737958,0.001703518765014077,0.04493554264224462,2.4277386606240285,True,True,1.0158389004375822e-14,6.3155981126285585e-15,7.95651227888113e-15,True,0.15563040977013698,0.48348173005233935,True,A-B|B-D|C-A|C-D|D-A|E-C
rectangle-same,parallelepiped-int,34,10,True,6,85,22,22,0,2.1861189118789515,14.262177059877587,25.174247633354124,12.778863780203224,4.733334815350546,12.778863780203224,0.02363763456211032,5,1,0.018496042503172175,0.012519717648652725,0.04825880371834098,2.6091421291913837,True,True,1.4492663575168142e-14,1.3359747800544924e-14,5.617333549722722e-15,True,0.49944565598208013,0.43871064769360363,True,A-A|A-B|B-C|C-B|C-C|D-D
parallelepiped-int,rectangle-same,34,10,True,6,99,19,19,0,2.641793491054065,14.771156585687336,20.66114673920265,14.567964847627444,1.933387117627923,14.567963158852244,0.0012024508202106432,8,1,0.018346781559177527,0.011147437558051494,0.043919055458896766,2.403160942992024,True,True,5.564421850464315e-15,3.8968670012594065e-15,3.972054645195637e-15,True,0.08446371459322005,0.41302574003819187,True,A-A|B-B|B-C|C-A|C-C|D-D
trapezoid-ext,arrow,78,10,True,8,208,49,49,0,1.879384090365031,13.642883817672768,24.883032849508865,13.115396611589741,3.783068277785973,13.115155872273494,0.021697131398756397,8,1,0.0183176256458245,0.001876737886051513,0.04492709717564216,2.45267034299739,True,True,7.391117485641469e-15,3.552713678800501e-15,6.481268641478987e-15,True,0.06342420034739121,0.46513388365735514,True,A-A|A-C|B-C|C-B|D-D|D-E
rectangle-same,hexagon,180,10,True,20,562,108,108,0,2.0600112943283264,14.095554854452008,25.8934901868861,12.619910725575057,5.1933765520730155,12.61971283599691,0.03505033972404625,5,1,0.018170122834186515,0.01902222821830671,0.0471762987535252,2.5963665289463247,True,True,9.74975584715494e-15,9.61737704039743e-15,1.6011864169946884e-15,True,0.0781355750194554,0.4863183374889321,True,A-B|A-D|B-C|C-A|C-E|D-F
parallelepiped-int,central-parallelepiped,78,10,True,18,332,42,42,0,1.8617671526261284,13.649348917830022,23.27183353116092,13.483408293422865,2.008778371060689,13.48338160536264,0.0011735259286060895,7,1,0.018068483338525076,0.005630417361054924,0.04377698230098202,2.4228365757540957,True,True,8.747542958250513e-15,7.32410687763558e-15,4.782987168225453e-15,True,0.2418760494118388,0.49573600680125657,True,A-B|B-A|B-D|C-C|C-E|D-C
3X2,cross,360,10,True,62,470,251,251,0,1.7596029346324558,14.788754715914072,23.238383581845017,14.7256603615286,1.3038327257988969,14.72566026335342,0.0014616590740592628,3,1,0.017950103835479955,0.005994746623507511,0.043632593995270835,2.430771119497771,True,True,8.495926837474684e-15,5.420799638382024e-15,6.5418425621716e-15,True,0.1964415530981128,0.5174116091873102,True,A-A|B-D|C-C|D-B|E-D|F-E
trapezoid-ext,parallelepiped-ext,34,10,True,6,57,24,24,0,2.1651765735350788,13.558679404844538,24.261499867092358,13.006086725684101,3.781540262949065,13.005691748748205,0.01891039179873033,1,1,0.017899109501314448,0.0030814677710185724,0.043746895111245125,2.4440822102369117,True,True,9.499383768766125e-15,1.8610729195778454e-15,9.315293853352738e-15,True,0.10038204965404882,0.4760297036032109,True,A-A|A-D|B-A|C-C|D-B|D-D
parallelepiped-ext,central-trapezoid,78,10,True,2,275,55,55,0,1.66405357874487,13.864034257541217,23.56536647685874,13.730034853126478,1.8565467576743668,13.730033706776196,0.0011780117218265218,4,1,0.017623608662438537,0.006987095624721566,0.04314720648656465,2.509726029646743,True,True,8.747542958250513e-15,7.53644380168212e-15,4.440892098500626e-15,True,0.09327122418547384,0.4446994208396341,True,A-B|A-C|B-D|C-A|D-D|D-E
pyramid,trapezoid-ext,180,10,True,13,501,125,125,0,1.9918608891963658,16.81557710285147,21.72852845841972,16.284824834085608,4.696821960815266,16.284794472563025,0.034307196507432636,7,1,0.017348889163467905,0.004761197180189745,0.04438102858003782,2.558148142043142,True,True,6.88696318607943e-15,5.687116766346677e-15,3.884194229483362e-15,True,0.051872115015222965,0.4730200026041888,True,A-C|B-A|C-D|D-B|E-D|F-A
triangle,triangle,6,10,True,3,18,1,1,0,9.35409232530622,14.39894903837468,23.6349598148313,14.342840769894515,1.308766656768781,14.34282661765914,0.0025172432106002063,1,1,0.017145840209299726,0.0016071445080880124,0.04171180271260259,2.4378330645081823,True,True,6.279449791294159e-15,6.200436561231637e-15,9.930136612989092e-16,True,0.3602769820575082,0.509013898993621,True,A-A|A-B|B-B|B-C|C-A|C-C
base-trapezoid,trapezoid-int,78,10,True,14,92,58,58,0,3.168089221711343,14.417848121481384,26.602893413038235,13.53309864861166,5.892220665307006,13.53309864861166,0.004451574759473331,4,1,0.016942557005463058,0.003300056883835585,0.04217089659020092,2.6028990772255707,True,True,8.152394204457378e-15,1.831026719408895e-15,7.944109290391274e-15,True,0.3075739125689256,0.4801727562418158,True,A-A|B-B|B-C|C-D|D-B|E-C
wave,3X2,360,10,True,40,1155,263,263,0,1.502664716630197,13.99627529464812,23.88501686916204,13.933595130859821,1.257402499276851,13.933594655693764,0.0008110623563197805,11,1,0.016765606371526486,0.0038022175778374616,0.04068415900116706,2.4266440532841176,True,True,4.5288390936029406e-15,2.6645352591003757e-15,3.66205343881779e-15,True,0.11788891875680212,0.4766607863708305,True,A-E|B-A|C-C|C-D|D-B|E-F
hexagon,trapezoid-int,180,10,True,12,422,138,138,0,2.000569309173757,12.990366910708396,25.371546581188387,12.853081224973685,1.8358070045844435,12.853081224973685,0.0010434412126514303,1,1,0.016633705178274828,0.005191542749487875,0.03846457421979942,2.4209444184652047,True,True,5.891509130072236e-15,2.5121479338940403e-15,5.329070518200751e-15,True,0.12749230098403389,0.41427204311211313,True,A-C|B-A|C-D|D-B|E-C|F-B
horizzontal-parallelepiped,triangle,90,10,True,6,223,62,62,0,1.689408814850789,14.085082967428534,23.724029374424166,14.02790080723629,1.3577379591130412,14.027900127812874,0.0015865811099029514,3,1,0.016457363232565168,0.004978355112034621,0.039987598777405674,2.4297694723222625,True,True,6.2303694284619764e-15,4.9404924595819466e-15,3.795923796907354e-15,True,0.23373934116623202,0.5415070311565382,True,A-B|B-B|C-A|D-A|E-C|F-C
trapezoid-ext,rhombus-int,34,10,True,0,186,23,23,0,1.9311709933296273,13.58071459930331,25.023169071725217,13.090934887173301,3.672424530708497,13.090513220251228,0.02258668951709275,2,1,0.01625496736418301,0.0033429670840097337,0.03977467316286652,2.4507540518149806,True,True,1.896630097780749e-14,1.7222418539888655e-14,7.944109290391274e-15,True,0.14135801917613589,0.44137944136830126,True,A-B|A-C|B-C|C-B|D-A|D-D
rectangle-opposite,central-parallelepiped,78,10,True,22,154,40,40,0,1.7106781262135466,13.624418011206249,23.111361047813293,13.254827161784394,2.8358859830712833,13.254823712981047,0.0027940552624929893,9,1,0.016224094279890543,0.024320314876687132,0.038283193971345136,2.38525305565226,True,True,6.512688924888075e-15,5.982386001364085e-15,2.5741357312781357e-15,True,0.1808648404091292,0.32651322683833955,True,A-C|A-E|B-C|C-A|D-B|D-D
trapezoid-int,cross,78,10,True,0,375,54,54,0,2.233931644267039,16.0382245950752,22.008723770004224,15.750470230997678,5.311611526725433,15.750346465453541,0.011979925339643316,5,1,0.016203470094222707,0.0038104209814807818,0.04212234286938592,2.599587781163277,True,True,0.9887546937162964,0.11895767571210927,0.9815726747088979,True,0.08356135843670388,0.4804999201258812,True,A-E|B-A|B-D|C-C|C-D|D-B
rectangle-same,parallelepiped-ext,34,10,True,6,85,20,20,0,1.7266398424278773,14.012955942123721,25.342477034999085,12.563536869806132,5.266018678855636,12.563494155778967,0.02767296839180311,5,1,0.015672083308501148,0.023561041861123077,0.03969913913456475,2.5331117984186817,True,True,8.363798292846546e-15,5.192477978024385e-15,6.5567746896743805e-15,True,0.11017192059405818,0.4182034220705242,True,A-C|A-D|B-A|C-A|C-D|D-B
rhombus-ext,rhombus-ext,34,10,True,18,37,12,12,0,1.5537657290500553,14.221918204868206,23.16068437875057,14.101527774808261,1.7311259812821231,14.10151733645294,0.0026036317610813597,4,1,0.015431427156867674,0.005877828545647585,0.03733848756423689,2.428373012979701,True,True,6.913882687223268e-15,5.4175478033424315e-15,4.295573257574037e-15,True,0.39896112321659294,0.49463167676755143,True,A-A|A-D|B-A|C-C|D-B|D-D
pentagon,trapezoid-ext,78,10,True,0,280,55,55,0,1.7475193693482,14.506265739719186,23.193278342037242,14.406143147349663,1.6634764941028708,14.406141504946955,0.003202282157533709,3,1,0.01468128615293207,0.003551867227546237,0.035570979349088,2.422878961594516,True,True,9.238725528334316e-15,5.725719660086601e-15,7.250529895255517e-15,True,0.062217622715013646,0.4715401760512909,True,A-C|B-D|C-B|D-A|E-A|E-D
cross,triangle,36,10,True,2,156,23,23,0,1.6149884520025337,13.657877818304186,24.81396021578534,13.108622572865816,3.5256944577157556,13.108156684417981,0.018437956175558767,5,1,0.014578936900736942,0.0017285808374431738,0.036062670584542336,2.473614559832509,True,True,1.4548582117584954e-14,1.1957467920563633e-14,8.287351963130584e-15,True,0.23583704958871907,0.4758850463581296,True,A-B|B-C|C-A|D-A|D-B|E-C
trapezoid-int,rectangle-opposite,34,10,True,8,99,21,21,0,2.844062178948666,14.721238868743196,21.53191366678626,13.386467031935235,5.399046206013931,13.386467024375461,0.005369897301383375,1,1,0.014549223514933094,0.01551749569327295,0.03552119941835332,2.5842863747837876,True,True,1.2933979113692383e-14,9.650641979819565e-15,8.611209269944328e-15,True,0.17312435927950837,0.4182034220705242,True,A-D|B-A|B-B|C-C|C-D|D-A
wave,parallelepiped-ext,78,10,True,22,105,48,48,0,1.5386018039757547,13.790381766262318,23.026147542343065,13.75439978572306,1.2735787331361144,13.7543997827605,0.00048495955062044516,3,1,0.014400347404677084,0.0027951986678491246,0.034817315070830114,2.4178107716708146,True,True,8.188600426433445e-15,7.993605777301127e-15,1.7763568394002505e-15,True,0.12478898323235044,0.4931674019475872,True,A-D|B-A|C-A|C-D|D-C|E-B
trapezoid-int,central-parallelepiped,78,10,True,12,387,40,40,0,1.8964449094269942,15.277350982011127,22.531689969070083,14.216742489880717,4.959178962914274,14.216675380255895,0.007127731707367246,1,1,0.01420062133203688,0.013014326248282295,0.03669855557909657,2.5842922447557917,True,True,9.769962616701378e-15,9.272854936269104e-15,3.076740298213702e-15,True,0.11585177022886682,0.447246773371714,True,A-C|B-A|B-B|C-D|C-E|D-C
base-trapezoid,wave,168,10,True,26,339,115,115,0,2.0577785400682247,14.37058307439229,25.6858091745451,13.458796452311587,5.792834188969348,13.458796452311587,0.043989493147565284,9,1,0.014019804674438755,0.004257764327334019,0.03662176506513156,2.6121451700323073,True,True,1.0745674246026892e-14,8.750360656168091e-15,6.237042840057389e-15,True,0.365210538528447,0.5100712246168457,True,A-C|B-B|B-C|C-E|D-A|E-D
cross,central-trapezoid,168,10,True,4,699,116,116,0,1.6120639956077814,13.575329438909902,24.975441597231498,13.040960396180369,3.5452325174715704,13.040507663829132,0.006945273575540867,5,1,0.013995542000358562,0.005988002399115675,0.032628093552874014,2.447760721116387,True,True,9.240897845457147e-15,6.217248937900877e-15,6.836666485528232e-15,True,0.05462130444795897,0.4759218661878611,True,A-C|B-D|C-A|D-B|D-E|E-D
trapezoid-ext,wave,78,10,True,6,110,60,60,0,2.1902460188732866,14.003590161179396,24.943856614914445,13.450439084106993,3.787405049119403,13.450010497227442,0.022814397239998563,4,1,0.013623993812286852,0.000974340189260592,0.03361944706195882,2.467664586843763,True,True,6.778727589240029e-15,4.463041323674983e-15,5.102196573270515e-15,True,0.07793765126916138,0.4653064871098684,True,A-B|A-C|B-D|C-A|D-C|D-E
pyramid,triangle,90,10,True,8,289,55,55,0,1.7249768548458333,16.177385831450234,22.4349220388675,15.583942482112858,4.649898718404285,15.583656879204156,0.03161891708717768,9,1,0.013558438667468862,0.00408729780344748,0.03467865968313605,2.557717782530633,True,True,1.0968194384045365e-14,9.41008164741723e-15,5.634860374059478e-15,True,0.18201144411447737,0.47087587555643834,True,A-B|B-C|C-B|D-A|E-C|F-A
base-trapezoid,pyramid,360,10,True,21,997,260,260,0,1.93420531304251,15.0421116665034,27.05014626325344,14.244199286797508,5.675269336070939,14.244199286797508,0.006386825517314065,10,1,0.01347611992576394,0.013997138461513575,0.03213964774628682,2.5956215999061745,True,True,6.466036496704424e-15,4.782987168225453e-15,4.351167857633658e-15,True,0.2715720980467403,0.3892155522973273,True,A-C|B-A|B-E|C-D|D-F|E-B
trapezoid-ext,hexagon,180,10,True,12,431,129,129,0,1.7221901691512396,13.611110185127217,25.206540883040873,13.116313280483533,3.7664671682658373,13.115898842857995,0.01875648663385121,3,1,0.013174430813328322,0.0027432137584666987,0.03227407330154828,2.454162458443973,True,True,9.005989301900502e-15,6.125373197167204e-15,6.602094099705935e-15,True,0.07530661615374537,0.4990480645036683,True,A-C|A-E|B-A|C-D|D-B|D-F
3X2,rhombus-int,180,10,True,72,200,86,86,0,1.5646522741564444,14.19871742112938,23.773145803137453,14.172114736016184,1.23049645841706,14.17210077923865,0.0017572195399031543,11,1,0.013156460990405764,0.003488097293825455,0.0314448516232279,2.439857923310782,True,True,7.549516567451064e-15,3.580361673049448e-15,6.646518689688359e-15,True,0.29737210357215305,0.5174116091873102,True,A-A|B-B|C-C|D-B|E-D|F-C
trapezoid-ext,triangle,15,10,True,3,37,8,8,0,9.808921367879098,13.9357889328837,24.798459129824792,13.427844056620094,3.7738630049810564,13.427446226836741,0.022276593544496848,4,1,0.012960750861250677,0.0010436292161655858,0.030949241554447848,2.467372418712063,True,True,1.0854240061008946e-14,7.342805593171424e-15,7.993605777301127e-15,True,0.12754216014809294,0.5252994381220996,True,A-A|A-B|B-B|C-C|D-A|D-C
central-trapezoid,trapezoid-int,78,10,True,6,255,54,54,0,2.0609738556487383,12.755908372295037,25.648512721235218,12.613542858771192,1.914704425039405,12.613542848148727,0.000827783749741684,3,1,0.012885836973698593,0.005814424496682158,0.030934334423593914,2.400646111442686,True,True,6.879800455918813e-15,4.351167857633658e-15,5.329070518200751e-15,True,0.17285223652305814,0.3844888679056581,True,A-B|B-B|C-C|D-A|D-C|E-D
base-trapezoid,parallelepiped-int,78,10,True,8,148,61,61,0,2.178293611209998,14.213872028001486,25.903019089435027,13.040743601433073,6.024150992299521,13.040743601433073,0.03877649936020244,3,1,0.012774457926050841,0.005064123411429844,0.033208684021847276,2.599615906529004,True,True,9.604592259760943e-15,6.361357529606935e-15,7.19592404467786e-15,True,0.3617310608779557,0.4499078879065762,True,A-A|B-B|B-D|C-B|D-C|E-C
rhombus-int,3X2,180,10,True,72,197,87,87,0,9.219920873879875,14.214663721990124,23.7394038684956,14.173985891782628,1.1797042917595475,14.173956993996272,0.002460168424356368,8,1,0.012746515344270994,0.00499968336686585,0.030769084931782067,2.420746482640342,True,True,7.588599744428075e-15,7.32410687763558e-15,1.9860273225978185e-15,True,0.188846568378553,0.44904494826803076,True,A-A|B-C|B-D|C-E|C-F|D-B
central-parallelepiped,trapezoid-int,78,10,True,12,333,44,44,0,2.004102410930322,12.621087621867218,25.471026813331203,12.487406073448044,1.782534323899886,12.487406073448044,0.00095081711917544,2,1,0.012699990104889971,0.008864223665249901,0.030661475071290356,2.4142912567691326,True,True,9.875993892241513e-15,8.998287412055164e-15,4.070144838902081e-15,True,0.11120098750677546,0.4531133653291396,True,A-C|B-B|C-B|C-D|D-A|E-C
wave,rectangle-opposite,78,10,True,22,210,47,47,0,1.9921131993004269,13.685047999027237,23.055134501360243,13.59791625549896,1.5112168775418486,13.59788471440359,0.0009205272842471857,6,1,0.012562429081259504,0.006548392605119562,0.030242032160749215,2.4125396638843295,True,True,1.4808893667368986e-14,1.464821375527116e-14,2.175583928816829e-15,True,0.24870918497841224,0.41981971932396717,True,A-A|B-C|C-B|C-D|D-D|E-A
parallelepiped-ext,wave,78,10,True,22,124,46,46,0,1.6027700785886518,14.142789230151514,23.267829556352783,14.072097023153686,1.4227393138531643,14.072093535405974,0.0008430996741015662,6,1,0.012560545459587968,0.002550312401291939,0.031498214635627284,2.5077107309526463,True,True,0.2796753595750007,0.023344565402339684,0.27869936853100663,True,0.34388065294550874,0.432603075572651,True,A-B|A-C|B-C|C-A|D-D|D-E
trapezoid-int,parallelepiped-int,34,10,True,6,71,21,21,0,2.211356847617689,15.461140979862384,21.567592141279444,15.23784182417338,5.277759378991927,15.237841254729554,0.005864977916379743,1,1,0.012247856128822973,0.006048632837339816,0.03162723477357441,2.582300460143675,True,True,1.2685725232129475e-14,7.53644380168212e-15,1.020439314654103e-14,True,0.07483410232282892,0.43871064769360363,True,A-B|B-A|B-C|C-B|C-D|D-C
rhombus-ext,triangle,15,10,True,1,51,10,10,0,9.19759145990051,14.114724338456199,23.41812980244283,14.106087729976945,0.8894784821422689,14.106087546249734,0.0014917772894911252,4,1,0.012246843247104908,0.0024975067868412866,0.029767902921318912,2.4306592581199156,True,True,1.0583867371683362e-14,9.057678187205881e-15,5.475099487534308e-15,True,0.07252816243454502,0.4758850463581296,True,A-B|A-C|B-A|C-B|D-A|D-C
rectangle-same,trapezoid-int,34,10,True,10,79,18,18,0,2.4175122846884585,13.007739452401033,26.32621520410531,11.423646238780124,4.895286611649255,11.422480713153606,0.005842598891582895,2,1,0.012140999644898827,0.009774052857494128,0.031547699260633326,2.5984433064281025,True,True,1.1388230977569747,0.5344029706584358,1.0056497963686122,True,0.3452479729998525,0.43871064769360363,True,A-A|A-B|B-B|C-C|C-D|D-C
triangle,vertical-parallelepiped,90,10,True,18,289,46,46,0,1.5709750843438777,13.990299572019875,23.65127397022946,13.884985710220414,1.3819446919891973,13.884966369950922,0.0011159146172161627,17,1,0.01203937857880913,0.0023100413282645875,0.029165985962725082,2.430481934291273,True,True,3.025352649333097e-14,2.864633583298495e-14,9.729507111180988e-15,True,0.15424155535638404,0.42238175706989983,True,A-B|A-E|B-A|B-D|C-C|C-F
wave,trapezoid-int,78,10,True,6,161,57,57,0,1.863967048885605,13.09620787157156,25.19652580546493,12.956007634498262,1.740240439639279,12.956007634498262,0.0009925527979568471,4,1,0.011700764372861423,0.002870159277093457,0.028340051887644064,2.422068420878174,True,True,6.573795438263846e-15,5.329070518200751e-15,3.84912897629868e-15,True,0.1782543191758728,0.47512357000631994,True,A-A|B-C|C-B|C-D|D-B|E-C
trapezoid-int,rhombus-ext,34,10,True,6,108,19,19,0,2.877591078064692,15.65474064220688,21.851416673352816,15.001306839876207,5.2905837349072,15.001243500401653,0.0145030981123071,2,1,0.01147736708118925,0.005433794980050625,0.028641070342776735,2.602455614872118,True,True,1.1747135464924149e-14,6.186692278008837e-15,9.985991702805712e-15,True,0.18548168520513933,0.432603075572651,True,A-D|B-A|B-C|C-A|C-D|D-B
rectangle-opposite,trapezoid-int,34,10,True,8,102,18,18,0,2.1829528306061348,12.680540731648595,24.43537872533102,12.162540414967658,2.3939604219436896,12.162540414967658,0.0019594817158727906,1,1,0.011350225008844682,0.015108536485853077,0.0270881517234324,2.3865739844209175,True,True,9.186760107838995e-15,8.171271630289389e-15,4.198437950358411e-15,True,0.06693180894676432,0.3926817942954417,True,A-B|A-D|B-B|C-C|D-A|D-C
parallelepiped-int,arrow,78,10,True,8,258,59,59,0,2.023414968438813,13.947441731240223,23.7007176481908,13.723723000756014,1.8518386170501508,13.723722364558109,0.000937469573598193,8,1,0.010927778892692688,0.0018395815002619717,0.02638468723075887,2.4144602018258334,True,True,6.858618395760461e-15,5.862556439690052e-15,3.5596458096434965e-15,True,0.177264057512267,0.41302574003819187,True,A-C|B-A|B-B|C-C|C-D|D-E
arrow,parallelepiped-ext,78,10,True,6,258,58,58,0,1.5737352287070658,13.5377961662223,23.47830173144304,13.409335813834613,1.7704561657487798,13.409334384167794,0.0005829124497012117,2,1,0.010670919965899061,0.008508844724195249,0.02352749590619418,2.4088308971500774,True,True,9.937736465627695e-15,7.519456209015266e-15,6.497413668604471e-15,True,0.06077144584341966,0.48728827906722066,True,A-A|B-D|C-A|C-C|D-B|E-D
trapezoid-int,hexagon,180,10,True,12,473,135,135,0,1.9661650139426492,15.51011200773004,22.39272673992662,14.180871774626542,5.561786741283433,14.180871761770895,0.014802680510038968,4,1,0.010281983729038853,0.004394452304506844,0.02658477857980669,2.595334148720684,True,True,1.3928088630985452e-14,6.779327753040044e-15,1.2166855309793375e-14,True,0.06265859274247343,0.432603075572651,True,A-E|B-B|B-D|C-A|C-C|D-F
parallelepiped-int,central-trapezoid,78,10,True,2,304,57,57,0,2.0596831948271026,13.828987996090923,23.674326973120635,13.706793347341812,1.8319773000685506,13.706784005254512,0.0010108778865856038,9,1,0.009998319136600594,0.003468369037162189,0.02405737219139352,2.4061416586841387,True,True,8.152394204457378e-15,6.89411847443645e-15,4.351167857633658e-15,True,0.14193784036516224,0.4446994208396341,True,A-C|B-B|B-D|C-A|C-E|D-D
parallelepiped-int,triangle,15,10,True,2,25,12,12,0,9.260596967592862,13.990686647275218,23.08387203516048,13.958018745511694,0.8617871273792689,13.957997028188222,0.0005653398172125179,1,1,0.009004019783092454,0.001225272356084851,0.021912015279635818,2.4335814233529014,True,True,8.183330329534392e-15,6.320475399719376e-15,5.197930934883577e-15,True,0.14744934501810236,0.47087587555643834,True,A-B|B-A|B-B|C-A|C-C|D-C
triangle,two-triangles,90,10,True,8,376,47,47,0,1.5940706424226596,14.050957632974733,23.843650495800635,13.965517212160712,1.2962389924166566,13.965516202698566,0.001103446292957777,10,1,0.008634774866293738,0.004185520619693649,0.019679610591574994,2.418764926631487,True,True,0.22415517862059703,0.0354494573898388,0.2213343174322449,True,0.07449841166953249,0.4789466625014645,True,A-A|A-F|B-C|B-D|C-B|C-E
parallelepiped-ext,trapezoid-int,34,10,True,6,66,22,22,0,2.4445218349592537,12.905691985378693,24.973377761682578,12.614102269039716,2.3342795350294594,12.614095727945477,0.0014889632253440865,3,1,0.008057179029279197,0.003614694076587118,0.019640490168387,2.4947526288326576,True,True,1.629082649264985e-14,1.5033404695609562e-14,6.2759677398506975e-15,True,0.24054096468991065,0.483783135624614,True,A-A|A-B|B-C|C-B|D-C|D-D
central-trapezoid,trapezoid-ext,78,10,True,2,216,60,60,0,1.5345977740148367,14.680144090794066,23.011315074300782,14.605688487188157,1.3155325774171545,14.605673414174372,0.0008084845379698891,6,1,0.007969474586153972,0.001287472417266191,0.019381245563344477,2.431935173871703,True,True,5.329070518200751e-15,3.972054645195637e-15,3.552713678800501e-15,True,0.1229854003855814,0.5823434580765492,True,A-A|B-D|C-A|D-B|D-C|E-D
trapezoid-int,3X2,180,10,True,12,755,126,126,0,1.5789857718106866,15.399088123624447,22.602894708194782,14.009331640630789,5.197552901627379,14.009331629243238,0.006239261441947974,11,1,0.00783109314423472,0.0027384281325645156,0.020291509923279098,2.603906971613997,True,True,7.87756878084676e-15,5.948338468781517e-15,5.164625771320267e-15,True,0.19758867529312965,0.45010767143417935,True,A-A|B-C|B-F|C-D|C-E|D-B
arrow,arrow,168,10,True,61,112,97,97,0,1.591582342726443,14.10726786619679,23.708579513654715,13.928395954791128,1.8528144852187576,13.928395471256216,0.0013601945691004147,9,1,0.00763613499898399,0.0023780662993340947,0.018603703922773857,2.4400714703172253,True,True,1.004985662303475e-14,5.548963649086681e-15,8.379058453350832e-15,True,0.31061424934822596,0.5561871804678725,True,A-A|B-D|C-B|C-C|D-C|E-E
trapezoid-ext,cross,78,10,True,0,325,62,62,0,1.6960087579371936,14.358003343228765,24.186863482161723,13.913950103866812,3.6445708958216394,13.913930956968754,0.021664742403988413,12,1,0.007066058067811521,0.0008648404529902084,0.01703251214675615,2.4623160100306714,True,True,3.824585380804122e-14,3.5060554838174505e-14,1.5280799322856756e-14,True,0.1587183520907853,0.5707265701349618,True,A-A|A-C|B-E|C-D|D-B|D-D
pentagon,trapezoid-int,78,10,True,0,271,53,53,0,2.333201011925195,13.046424647896586,25.05691943984939,12.904836340497933,2.234994774522627,12.904836340497933,0.0021960682547828014,9,1,0.007027173056917403,0.00513994195043306,0.016968335980191835,2.414674555864048,True,True,9.122806359492374e-15,7.401168791364089e-15,5.333694441429199e-15,True,0.17654434850950082,0.42839650385605366,True,A-B|B-C|C-C|D-A|E-B|E-D
base-trapezoid,triangle,36,10,True,6,85,25,25,0,1.8372585496717693,14.348994849614659,24.900162300178405,13.369051347541463,5.559459339411643,13.369051347541463,0.041735113567341386,4,1,0.006559517808487664,0.0011143848656044648,0.01707740057499029,2.608074282057779,True,True,1.1899602198694359e-14,1.1137700720795299e-14,4.189529226675416e-15,True,0.37343263566395823,0.5203922556056874,True,A-B|B-B|B-C|C-A|D-C|E-A
parallelepiped-ext,rectangle-opposite,34,10,True,14,70,18,18,0,1.9229763237336026,13.49647750235501,21.527345552693482,13.290488490678214,2.32448849430734,13.290486357092686,0.0005672043100508617,1,1,0.006242438567182709,0.0042220791861747615,0.015440529649275342,2.4734772289867877,True,True,6.716849298982197e-15,3.2258618500352913e-15,5.891509130072236e-15,True,0.2903549707895947,0.3926817942954417,True,A-A|A-B|B-C|C-D|D-A|D-D
parallelepiped-ext,central-parallelepiped,78,10,True,18,214,46,46,0,1.8662178610949833,13.821862426568199,23.342445608589742,13.574567616956042,2.1811453638118254,13.574553229515034,0.0008982619751272125,9,1,0.006162283720895548,0.0035798474973436365,0.015369241532765702,2.500171372699809,True,True,1.4235553061974497e-14,1.0681822614574393e-14,9.41008164741723e-15,True,0.08918746693267764,0.32651322683833955,True,A-A|A-C|B-E|C-C|D-B|D-D
trapezoid-ext,base-trapezoid,78,10,True,14,110,55,55,0,2.1199965629295696,14.84345097211245,22.299922866229238,14.467467418201542,3.611517772663424,14.46744503793036,0.01947995248025336,4,1,0.005483545701625748,0.0012672088072642356,0.012775300765759428,2.452847442478833,True,True,5.036011902256474e-15,3.68982167087547e-15,3.4273359795629357e-15,True,0.0939552756333043,0.42047603591856025,True,A-A|A-B|B-E|C-C|D-B|D-D
parallelepiped-ext,parallelepiped-ext,34,10,True,18,34,14,14,0,9.124645778642792,13.963491677457446,21.85730772411576,13.882465494873511,1.4143629188911229,13.882455618330388,0.001301619628762296,2,1,0.0051865758287531405,0.001055591956563616,0.012835582269589032,2.4747700011309237,True,True,7.277679177773948e-15,6.3980063621400115e-15,3.4684476073050936e-15,True,0.11017192059405818,0.4182034220705242,True,A-A|A-D|B-A|C-C|D-B|D-D
trapezoid-ext,horizzontal-parallelepiped,180,10,True,16,435,125,125,0,1.5594212563061565,13.46892405946032,24.477462238793994,13.001840897084112,3.6603304250822255,13.001812370086459,0.021342613218910955,17,1,0.00475257671823646,0.0016395739713131825,0.011583271627193092,2.443140884221175,True,True,7.837412319592684e-15,5.8063078701963544e-15,5.264201818300573e-15,True,0.09432908994771767,0.46513388365735514,True,A-B|A-C|B-D|C-A|D-E|D-F
trapezoid-int,triangle,15,10,True,3,14,11,11,0,10.526183371863016,16.21278849109927,21.97365233983684,15.1904137287857,5.369849693965119,15.190393583580237,0.02084435053758682,1,1,0.004081027286837833,0.0008888519929514026,0.010650974755431654,2.6098758981061643,True,True,1.2948788496219092,0.6626367885221384,1.112485380441121,True,0.232027272422633,0.5447889932147856,True,A-B|B-B|B-C|C-A|C-C|D-A
triangle,rhombus-int,15,10,True,0,109,10,10,0,9.17670833433193,13.927978446342037,23.289853325072333,13.897152801134613,0.9587422054453093,13.897135142986837,0.0008388307173472498,4,1,0.0032643832192044645,0.0009062196874480389,0.007478018893461835,2.4271525343337297,True,True,5.0937342108501144e-15,4.741575244451873e-15,1.8610729195778454e-15,True,0.12545757718432313,0.47155867269229795,True,A-B|A-C|B-B|B-D|C-A|C-C
trapezoid-int,2X3,180,10,True,60,175,109,109,0,2.4044128309778716,14.978570343576413,21.826468908118592,13.773465524702118,5.394526106735735,13.773465512910503,0.005879623347718521,11,1,0.002673161394393795,0.0016324974214767525,0.0066733186479751,2.592849208216507,True,True,7.569083381868373e-15,3.210061615366513e-15,6.854671959125871e-15,True,0.189187017579052,0.4824672296799091,True,A-D|B-A|B-E|C-B|C-F|D-C
parallelepiped-ext,rectangle-same,34,10,True,6,82,22,22,0,2.5541430684130995,14.124982821459586,20.94949536851689,13.630749054339105,2.171021045792741,13.630184844495748,0.001287313702615478,5,1,0.0018805253395882272,0.004060897572844964,0.004296380298404979,2.4914100996731285,True,True,5.238253687696718e-15,4.7443567571417876e-15,2.220446049250313e-15,True,0.17174779189395545,0.32651322683833955,True,A-A|A-C|B-D|C-A|D-B|D-C
base-trapezoid,trapezoid-ext,78,10,True,14,105,56,56,0,1.6680818824333647,14.77486567311382,24.090385056510858,13.10907749079329,5.23787154106141,13.107460759349161,0.00655254916978798,3,1,0.0017018936700711168,0.0012573382436032298,0.00426476617310604,2.608035378460604,True,True,5.541699261121338e-15,4.320969147462131e-15,3.469820791826743e-15,True,0.11924400456749604,0.4505064537163253,True,A-A|B-A|B-D|C-B|D-C|E-D
trapezoid-int,horizzontal-parallelepiped,180,10,True,13,557,131,131,0,2.0308709171545134,15.36298307308324,22.54348358736462,13.563816104216023,5.610149652821255,13.563816088794468,0.004905835715417695,16,1,0.0013774587109673642,0.0030711130552545686,0.0033631193025673587,2.597840640483194,True,True,1.7583370739887368e-14,1.6308662301483614e-14,6.572857864924091e-15,True,0.320381594636484,0.447246773371714,True,A-F|B-B|B-E|C-C|C-D|D-A
trapezoid-int,rhombus-int,34,10,True,0,243,19,19,0,2.2177692635078996,15.279069733821919,22.054234285381302,14.723958143104863,5.2463511978643735,14.72395161762452,0.01044369144722701,12,1,0.0008248205413127595,0.0009622113057551022,0.0020787248506932135,2.5971132641519015,True,True,1.0986160316453369e-14,8.140289677804162e-15,7.377764055609925e-15,True,0.08356135843670388,0.4804999201258812,True,A-C|B-A|B-D|C-B|C-C|D-B
parallelepiped-int,wave,78,10,True,18,122,52,52,0,1.6085609021176626,14.190253745924968,23.28388127459898,14.14754893635963,1.3125669629526153,14.147531513389662,0.0009427765995422277,7,1,0.0005105202289986552,0.00016487478523206431,0.0012358659845953844,2.427540734829106,True,True,7.29713033338574e-15,4.463041323674983e-15,5.773159728050814e-15,True,0.19958586306742188,0.49573600680125657,True,A-B|B-A|B-E|C-C|C-D|D-C
trapezoid-int,wave,78,10,True,6,158,57,57,0,1.979762520822143,15.511230462780368,22.353309592151156,13.961081001649738,5.6082331315213025,13.96108098952361,0.0063663662513793184,14,1,0.0001365257043459281,6.276769861727569e-05,0.00035474457748530517,2.6048529827734015,True,True,6.560892060461937e-15,6.060892457985406e-15,2.5121479338940403e-15,True,0.24401054095097624,0.4825720176884886,True,A-B|B-A|B-D|C-C|C-E|D-C
line,line,6,10,False,6,0,0,0,0,,,,,,,,0,0,,,,,,,,,,,,,,
line,diagonal,6,10,False,6,0,0,0,0,,,,,,,,0,0,,,,,,,,,,,,,,
line,triangle,6,10,False,6,0,0,0,0,,,,,,,,0,0,,,,,,,,,,,,,,
line,rectangle-same,15,10,False,15,0,0,0,0,,,,,,,,0,0,,,,,,,,,,,,,,
line,rectangle-opposite,15,10,False,15,0,0,0,0,,,,,,,,0,0,,,,,,,,,,,,,,
line,rhombus-ext,15,10,False,15,0,0,0,0,,,,,,,,0,0,,,,,,,,,,,,,,
line,rhombus-int,15,10,False,15,0,0,0,0,,,,,,,,0,0,,,,,,,,,,,,,,
line,parallelepiped-ext,15,10,False,15,0,0,0,0,,,,,,,,0,0,,,,,,,,,,,,,,
line,parallelepiped-int,15,10,False,15,0,0,0,0,,,,,,,,0,0,,,,,,,,,,,,,,
line,trapezoid-ext,15,10,False,15,0,0,0,0,,,,,,,,0,0,,,,,,,,,,,,,,
line,trapezoid-int,15,10,False,15,0,0,0,0,,,,,,,,0,0,,,,,,,,,,,,,,
line,pentagon,36,10,False,36,0,0,0,0,,,,,,,,0,0,,,,,,,,,,,,,,
line,arrow,36,10,False,36,0,0,0,0,,,,,,,,0,0,,,,,,,,,,,,,,
line,cross,36,10,False,36,0,0,0,0,,,,,,,,0,0,,,,,,,,,,,,,,
line,central-trapezoid,36,10,False,36,0,0,0,0,,,,,,,,0,0,,,,,,,,,,,,,,
line,wave,36,10,False,36,0,0,0,0,,,,,,,,0,0,,,,,,,,,,,,,,
line,base-trapezoid,36,10,False,36,0,0,0,0,,,,,,,,0,0,,,,,,,,,,,,,,
line,central-parallelepiped,36,10,False,36,0,0,0,0,,,,,,,,0,0,,,,,,,,,,,,,,
line,2X3,90,10,False,90,0,0,0,0,,,,,,,,0,0,,,,,,,,,,,,,,
line,two-triangles,90,10,False,90,0,0,0,0,,,,,,,,0,0,,,,,,,,,,,,,,
line,vertical-parallelepiped,90,10,False,90,0,0,0,0,,,,,,,,0,0,,,,,,,,,,,,,,
line,pyramid,90,10,False,90,0,0,0,0,,,,,,,,0,0,,,,,,,,,,,,,,
line,horizzontal-parallelepiped,90,10,False,90,0,0,0,0,,,,,,,,0,0,,,,,,,,,,,,,,
line,3X2,90,10,False,90,0,0,0,0,,,,,,,,0,0,,,,,,,,,,,,,,
line,hexagon,90,10,False,90,0,0,0,0,,,,,,,,0,0,,,,,,,,,,,,,,
diagonal,line,6,10,False,6,0,0,0,0,,,,,,,,0,0,,,,,,,,,,,,,,
diagonal,diagonal,6,10,False,6,0,0,0,0,,,,,,,,0,0,,,,,,,,,,,,,,
diagonal,triangle,6,10,False,6,0,0,0,0,,,,,,,,0,0,,,,,,,,,,,,,,
diagonal,rectangle-same,15,10,False,15,0,0,0,0,,,,,,,,0,0,,,,,,,,,,,,,,
diagonal,rectangle-opposite,15,10,False,15,0,0,0,0,,,,,,,,0,0,,,,,,,,,,,,,,
diagonal,rhombus-ext,15,10,False,15,0,0,0,0,,,,,,,,0,0,,,,,,,,,,,,,,
diagonal,rhombus-int,15,10,False,15,0,0,0,0,,,,,,,,0,0,,,,,,,,,,,,,,
diagonal,parallelepiped-ext,15,10,False,15,0,0,0,0,,,,,,,,0,0,,,,,,,,,,,,,,
diagonal,parallelepiped-int,15,10,False,15,0,0,0,0,,,,,,,,0,0,,,,,,,,,,,,,,
diagonal,trapezoid-ext,15,10,False,15,0,0,0,0,,,,,,,,0,0,,,,,,,,,,,,,,
diagonal,trapezoid-int,15,10,False,15,0,0,0,0,,,,,,,,0,0,,,,,,,,,,,,,,
diagonal,pentagon,36,10,False,36,0,0,0,0,,,,,,,,0,0,,,,,,,,,,,,,,
diagonal,arrow,36,10,False,36,0,0,0,0,,,,,,,,0,0,,,,,,,,,,,,,,
diagonal,cross,36,10,False,36,0,0,0,0,,,,,,,,0,0,,,,,,,,,,,,,,
diagonal,central-trapezoid,36,10,False,36,0,0,0,0,,,,,,,,0,0,,,,,,,,,,,,,,
diagonal,wave,36,10,False,36,0,0,0,0,,,,,,,,0,0,,,,,,,,,,,,,,
diagonal,base-trapezoid,36,10,False,36,0,0,0,0,,,,,,,,0,0,,,,,,,,,,,,,,
diagonal,central-parallelepiped,36,10,False,36,0,0,0,0,,,,,,,,0,0,,,,,,,,,,,,,,
diagonal,2X3,90,10,False,90,0,0,0,0,,,,,,,,0,0,,,,,,,,,,,,,,
diagonal,two-triangles,90,10,False,90,0,0,0,0,,,,,,,,0,0,,,,,,,,,,,,,,
diagonal,vertical-parallelepiped,90,10,False,90,0,0,0,0,,,,,,,,0,0,,,,,,,,,,,,,,
diagonal,pyramid,90,10,False,90,0,0,0,0,,,,,,,,0,0,,,,,,,,,,,,,,
diagonal,horizzontal-parallelepiped,90,10,False,90,0,0,0,0,,,,,,,,0,0,,,,,,,,,,,,,,
diagonal,3X2,90,10,False,90,0,0,0,0,,,,,,,,0,0,,,,,,,,,,,,,,
diagonal,hexagon,90,10,False,90,0,0,0,0,,,,,,,,0,0,,,,,,,,,,,,,,
triangle,line,6,10,False,6,0,0,0,0,,,,,,,,0,0,,,,,,,,,,,,,,
triangle,diagonal,6,10,False,6,0,0,0,0,,,,,,,,0,0,,,,,,,,,,,,,,
triangle,rectangle-same,15,10,False,3,46,8,8,0,2.7193464975220696,15.000325323929204,20.619423310080666,14.981789150834388,1.7601620153853068,14.981776945430017,0.0009505303356380779,4,0,,,,,,,,,,,,,,
triangle,rhombus-ext,15,10,False,1,69,9,9,0,9.205580603107864,14.075813279027349,23.390160767043156,14.055434398162284,0.949183247990508,14.055434358849256,0.0010512485029146035,5,0,,,,,,,,,,,,,,
triangle,parallelepiped-ext,15,10,False,2,27,11,11,0,1.6328953120549754,13.894591862233401,22.80110165510218,13.859666809284466,1.1687596723407594,13.859653963667698,0.0006699075723570758,2,0,,,,,,,,,,,,,,
triangle,parallelepiped-int,15,10,False,2,27,10,10,0,9.239844269599313,14.0204664185315,23.23924810645022,14.00089043515172,0.735656845675659,14.000875664327966,0.0011851879195479142,3,0,,,,,,,,,,,,,,
triangle,trapezoid-ext,15,10,False,3,38,8,8,0,9.287760083514835,14.899869426948465,22.821860567287857,14.873785381598541,1.1326053114610022,14.873785154519162,0.0022893998623709777,4,0,,,,,,,,,,,,,,
triangle,trapezoid-int,15,10,False,3,14,11,11,0,9.61915467392692,13.183030203806922,24.902831896819826,13.095022704684052,1.1803464308704168,13.095022704684052,0.0008579368699113132,1,0,,,,,,,,,,,,,,
triangle,pentagon,36,10,False,0,169,25,25,0,1.8525051087930278,14.096779929204903,23.54542025615109,14.03256575179832,1.151727777159441,14.032565276112203,0.0006999927895812164,11,0,,,,,,,,,,,,,,
triangle,cross,36,10,False,2,185,27,27,0,1.717903325282359,14.58173545546119,22.884877413729292,14.549780712699755,0.9584657871863749,14.549780712360624,0.0006515502639228288,7,0,,,,,,,,,,,,,,
triangle,3X2,90,10,False,6,366,67,67,0,1.581629651456861,13.99269455251472,24.08240380179459,13.946969060572048,1.1058683592755512,13.946961574965854,0.0007475852378595604,17,0,,,,,,,,,,,,,,
rectangle-same,line,15,10,False,15,0,0,0,0,,,,,,,,0,0,,,,,,,,,,,,,,
rectangle-same,diagonal,15,10,False,15,0,0,0,0,,,,,,,,0,0,,,,,,,,,,,,,,
rectangle-same,rectangle-same,34,10,False,19,38,11,11,0,3.0723916898544994,15.061262282667897,22.619876254315656,13.395175319096062,5.911186523332028,13.395067069834884,0.03543238011502137,4,0,,,,,,,,,,,,,,
rectangle-opposite,line,15,10,False,15,0,0,0,0,,,,,,,,0,0,,,,,,,,,,,,,,
rectangle-opposite,diagonal,15,10,False,15,0,0,0,0,,,,,,,,0,0,,,,,,,,,,,,,,
rhombus-ext,line,15,10,False,15,0,0,0,0,,,,,,,,0,0,,,,,,,,,,,,,,
rhombus-ext,diagonal,15,10,False,15,0,0,0,0,,,,,,,,0,0,,,,,,,,,,,,,,
rhombus-ext,rhombus-int,34,10,False,18,0,16,16,0,,,,,,,,0,0,,,,,,,,,,,,,,
rhombus-ext,parallelepiped-ext,34,10,False,10,33,21,21,0,9.06533602695746,13.725940026822494,22.388017337379075,13.654317883697225,1.48488911350473,13.654317745951452,0.0019394971315485066,3,0,,,,,,,,,,,,,,
rhombus-ext,trapezoid-int,34,10,False,6,97,20,20,0,2.247933124185611,12.867707561500906,24.8157673397157,12.797522320941548,1.2934120078064295,12.797522320941548,0.001048372413221088,8,0,,,,,,,,,,,,,,
rhombus-int,line,15,10,False,15,0,0,0,0,,,,,,,,0,0,,,,,,,,,,,,,,
rhombus-int,diagonal,15,10,False,15,0,0,0,0,,,,,,,,0,0,,,,,,,,,,,,,,
rhombus-int,triangle,15,10,False,0,81,9,9,0,9.188472752476875,14.018415942272304,23.088270468719244,14.002605402535318,1.0525013744876843,14.002605096786068,0.000662887481189145,6,0,,,,,,,,,,,,,,
rhombus-int,rectangle-opposite,34,10,False,10,37,21,21,0,2.6399825939785386,13.773685355177669,22.389028084493667,13.486510231573993,2.220987471794003,13.486482776394062,0.0013237672475394646,3,0,,,,,,,,,,,,,,
rhombus-int,rhombus-ext,34,10,False,18,0,16,16,0,,,,,,,,0,0,,,,,,,,,,,,,,
rhombus-int,rhombus-int,34,10,False,18,38,12,12,0,1.525441680173364,14.09886875858204,22.876086237157704,13.960234186549094,1.7339602673189352,13.960228551290994,0.0028951067053748503,4,0,,,,,,,,,,,,,,
rhombus-int,trapezoid-ext,34,10,False,0,175,23,23,0,9.15913665381141,14.627952570590793,23.07259283598621,14.566827969246308,0.9271776089725938,14.566827844721372,0.0007009753481845848,11,0,,,,,,,,,,,,,,
rhombus-int,trapezoid-int,34,10,False,0,198,25,25,0,1.9372065761682187,12.658852904601895,25.07499374638255,12.416699502934481,1.7747288216929862,12.416692588865704,0.0008843545207328773,9,0,,,,,,,,,,,,,,
rhombus-int,cross,78,10,False,26,130,38,38,0,1.6464860790654114,14.655656821229922,22.59669121271849,14.555077335982908,1.7676817075160638,14.555058620757984,0.002725296275829514,14,0,,,,,,,,,,,,,,
parallelepiped-ext,line,15,10,False,15,0,0,0,0,,,,,,,,0,0,,,,,,,,,,,,,,
parallelepiped-ext,diagonal,15,10,False,15,0,0,0,0,,,,,,,,0,0,,,,,,,,,,,,,,
parallelepiped-ext,triangle,15,10,False,2,26,11,11,0,9.181037544027964,14.000884441036927,22.739107867071002,13.915767829363755,1.4529368662487587,13.915762364804351,0.0008574358454742637,2,0,,,,,,,,,,,,,,
parallelepiped-ext,parallelepiped-int,34,10,False,18,0,16,16,0,,,,,,,,0,0,,,,,,,,,,,,,,
parallelepiped-ext,trapezoid-ext,34,10,False,6,59,24,24,0,1.835966501793686,14.610459470206303,22.12547289430288,14.537660413010196,1.3330441493439091,14.537660408863442,0.0009645543213565588,4,0,,,,,,,,,,,,,,
parallelepiped-int,line,15,10,False,15,0,0,0,0,,,,,,,,0,0,,,,,,,,,,,,,,
parallelepiped-int,diagonal,15,10,False,15,0,0,0,0,,,,,,,,0,0,,,,,,,,,,,,,,
parallelepiped-int,parallelepiped-ext,34,10,False,18,0,16,16,0,,,,,,,,0,0,,,,,,,,,,,,,,
parallelepiped-int,parallelepiped-int,34,10,False,18,34,14,14,0,9.269761875703923,14.036698132217069,21.98862903555371,13.943382540937002,1.3790725556929395,13.943365441047273,0.0015182442158812037,2,0,,,,,,,,,,,,,,
parallelepiped-int,trapezoid-ext,34,10,False,6,50,26,26,0,9.190715887913337,14.643059004628256,22.308055025890365,14.521783076033188,0.9292095824712323,14.521783073448944,0.000474973936801959,2,0,,,,,,,,,,,,,,
trapezoid-ext,line,15,10,False,15,0,0,0,0,,,,,,,,0,0,,,,,,,,,,,,,,
trapezoid-ext,diagonal,15,10,False,15,0,0,0,0,,,,,,,,0,0,,,,,,,,,,,,,,
trapezoid-ext,rectangle-same,34,10,False,10,83,17,17,0,2.39425655886346,14.675527252104411,21.966160530214967,14.247811666100455,3.5752093046525517,14.247811664574648,0.017853937394693986,7,0,,,,,,,,,,,,,,
trapezoid-ext,parallelepiped-int,34,10,False,6,45,25,25,0,9.71630614823855,13.868269906665246,24.48087149851445,13.383868565131214,3.6908815273098914,13.383490193217101,0.023062126129332228,3,0,,,,,,,,,,,,,,
trapezoid-ext,trapezoid-ext,34,10,False,16,72,10,10,0,9.702558050419082,14.782243359979429,24.078125215093536,14.279818940655623,3.69440644872573,14.279450102525544,0.023607351336854876,8,0,,,,,,,,,,,,,,
trapezoid-ext,trapezoid-int,34,10,False,16,0,18,18,0,,,,,,,,0,0,,,,,,,,,,,,,,
trapezoid-ext,central-trapezoid,78,10,False,2,218,60,60,0,1.5329758034105283,13.576319042632274,24.960188285615484,13.102224492651043,3.6695368180799077,13.101998574122955,0.01987214554589034,16,0,,,,,,,,,,,,,,
trapezoid-ext,central-parallelepiped,78,10,False,12,322,46,46,0,1.5673124323181113,13.482014041012066,24.754573280550805,13.00609221331478,3.6133006893011492,13.005855917891905,0.021263164078037633,20,0,,,,,,,,,,,,,,
trapezoid-ext,2X3,180,10,False,48,207,116,116,0,2.497338089622631,13.38050081958957,24.695895196220714,12.827917413159495,3.663661321705715,12.827897457262141,0.021478519128832474,16,0,,,,,,,,,,,,,,
trapezoid-ext,pyramid,180,10,False,13,479,129,129,0,2.0614585261786615,14.23341550867124,26.347348137329742,13.69341351854622,3.7778702893066356,13.69341351854622,0.02156994637081766,20,0,,,,,,,,,,,,,,
trapezoid-ext,3X2,180,10,False,18,681,125,125,0,1.5731202167442422,13.586149899393376,25.19223380862187,13.087640059432971,3.629972798631657,13.087612731223242,0.02112659348685675,20,0,,,,,,,,,,,,,,
trapezoid-int,line,15,10,False,15,0,0,0,0,,,,,,,,0,0,,,,,,,,,,,,,,
trapezoid-int,diagonal,15,10,False,15,0,0,0,0,,,,,,,,0,0,,,,,,,,,,,,,,
trapezoid-int,rectangle-same,34,10,False,10,82,20,20,0,2.380661511152773,14.17592371091454,21.33757859996711,13.306681223686624,5.1177524928859075,13.306680644535895,0.005184718116788112,4,0,,,,,,,,,,,,,,
trapezoid-int,parallelepiped-ext,34,10,False,6,68,22,22,0,2.1060904237756373,15.312260772671252,21.442442379480287,14.414576752586665,5.5535447564825065,14.414534142103888,0.006554309741814812,6,0,,,,,,,,,,,,,,
trapezoid-int,trapezoid-ext,34,10,False,16,0,18,18,0,,,,,,,,0,0,,,,,,,,,,,,,,
trapezoid-int,trapezoid-int,34,10,False,16,70,11,11,0,3.152730110845229,15.30925883969892,22.81220422801124,14.104564484863054,5.32925279116282,14.104563807460194,0.007100382176333575,7,0,,,,,,,,,,,,,,
pentagon,line,36,10,False,36,0,0,0,0,,,,,,,,0,0,,,,,,,,,,,,,,
pentagon,diagonal,36,10,False,36,0,0,0,0,,,,,,,,0,0,,,,,,,,,,,,,,
arrow,line,36,10,False,36,0,0,0,0,,,,,,,,0,0,,,,,,,,,,,,,,
arrow,diagonal,36,10,False,36,0,0,0,0,,,,,,,,0,0,,,,,,,,,,,,,,
cross,line,36,10,False,36,0,0,0,0,,,,,,,,0,0,,,,,,,,,,,,,,
cross,diagonal,36,10,False,36,0,0,0,0,,,,,,,,0,0,,,,,,,,,,,,,,
central-trapezoid,line,36,10,False,36,0,0,0,0,,,,,,,,0,0,,,,,,,,,,,,,,
central-trapezoid,diagonal,36,10,False,36,0,0,0,0,,,,,,,,0,0,,,,,,,,,,,,,,
central-trapezoid,rhombus-int,78,10,False,2,244,61,61,0,1.6516676463702942,13.984257315415176,23.601613511972758,13.882342044750938,1.428576737505812,13.882328578117594,0.0010121084063872132,15,0,,,,,,,,,,,,,,
wave,line,36,10,False,36,0,0,0,0,,,,,,,,0,0,,,,,,,,,,,,,,
wave,diagonal,36,10,False,36,0,0,0,0,,,,,,,,0,0,,,,,,,,,,,,,,
base-trapezoid,line,36,10,False,36,0,0,0,0,,,,,,,,0,0,,,,,,,,,,,,,,
base-trapezoid,diagonal,36,10,False,36,0,0,0,0,,,,,,,,0,0,,,,,,,,,,,,,,
central-parallelepiped,line,36,10,False,36,0,0,0,0,,,,,,,,0,0,,,,,,,,,,,,,,
central-parallelepiped,diagonal,36,10,False,36,0,0,0,0,,,,,,,,0,0,,,,,,,,,,,,,,
2X3,line,90,10,False,90,0,0,0,0,,,,,,,,0,0,,,,,,,,,,,,,,
2X3,diagonal,90,10,False,90,0,0,0,0,,,,,,,,0,0,,,,,,,,,,,,,,
two-triangles,line,90,10,False,90,0,0,0,0,,,,,,,,0,0,,,,,,,,,,,,,,
two-triangles,diagonal,90,10,False,90,0,0,0,0,,,,,,,,0,0,,,,,,,,,,,,,,
vertical-parallelepiped,line,90,10,False,90,0,0,0,0,,,,,,,,0,0,,,,,,,,,,,,,,
vertical-parallelepiped,diagonal,90,10,False,90,0,0,0,0,,,,,,,,0,0,,,,,,,,,,,,,,
pyramid,line,90,10,False,90,0,0,0,0,,,,,,,,0,0,,,,,,,,,,,,,,
pyramid,diagonal,90,10,False,90,0,0,0,0,,,,,,,,0,0,,,,,,,,,,,,,,
horizzontal-parallelepiped,line,90,10,False,90,0,0,0,0,,,,,,,,0,0,,,,,,,,,,,,,,
horizzontal-parallelepiped,diagonal,90,10,False,90,0,0,0,0,,,,,,,,0,0,,,,,,,,,,,,,,
3X2,line,90,10,False,90,0,0,0,0,,,,,,,,0,0,,,,,,,,,,,,,,
3X2,diagonal,90,10,False,90,0,0,0,0,,,,,,,,0,0,,,,,,,,,,,,,,
hexagon,line,90,10,False,90,0,0,0,0,,,,,,,,0,0,,,,,,,,,,,,,,
hexagon,diagonal,90,10,False,90,0,0,0,0,,,,,,,,0,0,,,,,,,,,,,,,,
