pay_layout,gnd_layout,n_routings_checked,n_poses_checked,feasible,n_wcc_fail,n_wfc_fail,n_ifc_fail,n_ifc_fail_cable_cable,n_ifc_fail_exit_angle,wfc_fail_residual_min,wfc_fail_residual_median,wfc_fail_residual_max,wfc_fail_residual_force_median,wfc_fail_residual_moment_median,wfc_fail_residual_force_lateral_median,wfc_fail_residual_force_vertical_median,n_wfc_verify_attempted,n_wfc_verify_rescued,conditioning_index,manipulability,sigma_min,sigma_max,rank_ok,wfc_ok,max_wfc_residual,max_wfc_residual_force,max_wfc_residual_moment,ifc_ok,min_cable_cable_dist,min_exit_angle_margin,wfc_rescued_by_reposition,best_routing
two-triangles,2X3,720,10,True,72,2315,485,485,0,1.59821693059193,13.605146837420907,24.18042233071413,13.449119562491287,1.913948149321524,13.449118563295846,0.013103477683968023,1,1,0.08196115971492667,0.0628001870753773,0.19649920582880626,2.3974673676197393,True,True,7.383661320357003e-15,2.8972354183975677e-15,6.791500675411789e-15,True,0.06381402746950593,0.4431883781158899,True,A-D|B-F|C-A|D-B|E-C|F-E
two-triangles,pentagon,360,10,True,0,1296,249,249,0,1.5260970506948484,14.056714220850118,24.042323971263784,13.814798002628127,1.898599923748546,13.814770953265636,0.013436347711609287,1,1,0.08182541487084713,0.04291501755928883,0.19786888161803753,2.4181836649450896,True,True,1.2848030544315634e-14,8.273629362460385e-15,9.829493681787523e-15,True,0.08362358299111744,0.4331407140208836,True,A-E|B-A|C-C|D-D|E-B|F-E
two-triangles,vertical-parallelepiped,720,10,True,64,2555,507,507,0,1.619508501368385,13.730600098252278,24.110243131196068,13.570876115525992,1.8744220065508175,13.570876016184187,0.012595604450057252,1,1,0.07971141614239602,0.044999846697151034,0.19112061180842763,2.397656710389022,True,True,1.927849892154657e-14,1.2538700354033592e-14,1.4643821704044002e-14,True,0.06381402746950593,0.4431883781158899,True,A-C|B-D|C-A|D-E|E-B|F-F
rhombus-ext,2X3,180,10,True,52,296,97,97,0,2.1341952432716544,13.87897061414397,23.174431942909173,13.688158205152893,1.5332576561030762,13.688155889367279,0.013376292241010113,1,1,0.07934576768425124,0.040596190192042206,0.19249861794691503,2.4260729156083607,True,True,2.1352391560731846e-14,1.7688818007004536e-14,1.1959529375267435e-14,True,0.2057413590396566,0.4179157688864527,True,A-B|A-E|B-A|C-D|D-C|D-F
two-triangles,rectangle-same,180,10,True,6,792,110,110,0,1.8555627828576478,14.48498929237391,21.832649856865785,14.159294140991658,2.2049940008652817,14.159255271943266,0.014912803109299766,2,1,0.07929366181677094,0.07403124162695397,0.18929262055138615,2.3872351990603864,True,True,7.007609531788139e-15,5.329070518200751e-15,4.550560269027492e-15,True,0.09819260648924258,0.32651322683833955,True,A-D|B-C|C-A|D-A|E-C|F-B
2X3,rectangle-same,180,10,True,60,147,106,106,0,1.9353045203701713,14.854940779365794,21.703280754211267,14.619564512271902,1.9678912667299295,14.619396716973988,0.01764504255765864,3,1,0.07897373159916832,0.089578567507194,0.18850936377499367,2.4023883618667004,True,True,1.2840246461466052e-14,7.53644380168212e-15,1.0395861869767154e-14,True,0.2720719740097186,0.4179157688864527,True,A-D|B-A|C-C|D-A|E-B|F-C
parallelepiped-int,2X3,180,10,True,52,342,102,102,0,2.5088198975854525,13.724821770452056,22.425577165784123,13.612673997595095,1.8603762267367387,13.61265544369058,0.015670251674794855,1,1,0.07839517805178851,0.03436818559504472,0.18915447943936697,2.4128330866779835,True,True,3.76822190084106e-15,3.2023728339893768e-15,1.9860273225978185e-15,True,0.32134017747260035,0.3914966099903299,True,A-E|B-A|B-C|C-B|C-D|D-F
rhombus-int,rectangle-same,34,10,True,8,75,19,19,0,2.1406945636271804,14.78009033211961,21.49599696567087,14.01716368019874,1.7950454729785152,14.011355583378144,0.013028250812583408,1,1,0.07730757313581761,0.05214091184106792,0.18632873124041832,2.410226109582656,True,True,1.1562528671410162,0.5108994840123279,1.0372571571253473,True,0.21208042512686553,0.4633533918727237,True,A-B|B-A|B-C|C-A|C-C|D-D
parallelepiped-ext,pyramid,180,10,True,8,598,135,135,0,1.7290391439928507,12.850489351264052,25.30438142337293,12.649071452341243,2.0449504874492224,12.649071452341243,0.01617459835333257,2,1,0.07431273302044109,0.024146584311194926,0.1811344754622413,2.504126174409558,True,True,7.734199591988304e-15,2.5989654674417885e-15,7.284450688127219e-15,True,0.15075393119658123,0.4182034220705242,True,A-A|A-E|B-C|C-B|D-D|D-F
parallelepiped-int,rectangle-opposite,34,10,True,14,84,16,16,0,8.82397620779657,13.323340548767604,21.684789197465093,13.20987250488399,1.6117016983220647,13.209831345052525,0.017348969918566937,1,1,0.07415316916327826,0.032461400254312454,0.1774213760701493,2.3926337616061186,True,True,7.771561172376096e-15,5.183683495748049e-15,5.7902148899581444e-15,True,0.06381402746950593,0.4431883781158899,True,A-B|B-A|B-D|C-A|C-C|D-D
pentagon,rectangle-same,78,10,True,0,400,42,42,0,2.4389043109142015,14.557658523096354,22.41417588135005,13.567600589347927,2.787887481194055,13.567248302032791,0.026685783152078812,1,1,0.07264073947063907,0.08863467488336661,0.17541963231495694,2.4148932622837695,True,True,8.487217530380238e-15,4.6204489227285734e-15,7.119291619286993e-15,True,0.051796682337130966,0.5076261603200616,True,A-B|B-A|C-C|D-D|E-A|E-C
base-trapezoid,rectangle-same,78,10,True,18,140,47,47,0,2.5909351908845255,16.348077642489763,23.503003865416403,13.977938517699481,6.666990495402638,13.97499936225145,0.08646374341245888,1,1,0.0716834539880307,0.074787634283528,0.18476360155933402,2.5774930096167634,True,True,1.2537166161668537e-14,1.1512108063996359e-14,4.965068306494546e-15,True,0.06417136132970501,0.4652866157331114,True,A-B|B-A|B-C|C-D|D-A|E-C
horizzontal-parallelepiped,2X3,720,10,True,168,1546,442,442,0,1.626505108777853,13.648717989323423,23.86513084546397,13.292485045424666,2.653854855647099,13.29244818665683,0.011966350502104817,1,1,0.07123315456286541,0.05764461762881021,0.1715457028122393,2.408228357496719,True,True,6.936895214610187e-15,3.972054645195637e-15,5.687116766346677e-15,True,0.1695960347742556,0.49625046035832693,True,A-D|B-F|C-C|D-B|E-A|F-E
vertical-parallelepiped,central-parallelepiped,360,10,True,76,967,223,223,0,1.601956554498902,13.82847104992077,23.823143159430927,13.505522768890506,2.324212454243763,13.505446112923657,0.011160249164769098,1,1,0.07037160584580698,0.04888918261954693,0.16951181889431358,2.4088098723473106,True,True,9.025172592474797e-15,3.902003558218231e-15,8.138065406201311e-15,True,0.12466421747600853,0.42339245367800304,True,A-D|B-C|C-E|D-C|E-A|F-B
rectangle-opposite,pyramid,180,10,True,10,541,122,122,0,1.9292939678178174,12.855645669684032,25.44124114681667,12.539636361629597,2.086854914566899,12.539636361629597,0.014574259795216093,3,1,0.07035476550943466,0.05630645647472626,0.169676839564761,2.411732003314077,True,True,1.0525046389742766e-14,6.886082236494398e-15,7.95980357411372e-15,True,0.18204014879660296,0.4182034220705242,True,A-A|A-E|B-B|C-C|D-D|D-F
two-triangles,rectangle-opposite,180,10,True,28,710,100,100,0,1.8933404917173906,13.604654418647781,23.736412994961505,13.390731706896489,1.8586147500800836,13.390725435069019,0.013582219753374147,2,1,0.0698889565502984,0.060400101468632325,0.167316125531864,2.3940280952892494,True,True,5.634860374059478e-15,4.351167857633658e-15,3.580361673049448e-15,True,0.0682571759871168,0.41302574003819187,True,A-A|B-B|C-D|D-D|E-A|F-C
central-parallelepiped,vertical-parallelepiped,360,10,True,76,1180,172,172,0,1.5500885545525722,13.867787356392185,23.895530645365387,13.545926954335062,2.227795139408593,13.545903468558457,0.012006228365417648,1,1,0.0680338901899311,0.04888918261954705,0.16388626197572168,2.4088915321202164,True,True,7.188211828540968e-15,4.782987168225453e-15,5.365950338995594e-15,True,0.05194102651214602,0.41981971932396717,True,A-B|B-D|C-A|C-C|D-E|E-F
parallelepiped-int,rectangle-same,34,10,True,6,100,19,19,0,2.0673359083054024,14.725715767756586,20.658547940147745,14.504753633711896,1.8551285103112294,14.5047152660275,0.01687307114232528,2,1,0.06777703446058507,0.038340387308028544,0.1629367077018019,2.4040105767176314,True,True,1.0630349226291202e-14,5.617333549722722e-15,9.024959194593041e-15,True,0.08446371459322005,0.41302574003819187,True,A-A|B-B|B-C|C-A|C-D|D-C
rhombus-ext,rectangle-same,34,10,True,14,56,14,14,0,1.9943653729130972,15.005626055059148,20.799825124697506,14.779982511648988,1.1214863926381233,14.776192429131047,0.011525761455651207,1,1,0.06747851126023864,0.05235597490673653,0.16265203581748064,2.4104271534710415,True,True,5.687116766346677e-15,5.329070518200751e-15,1.9860273225978185e-15,True,0.2836895103023786,0.4633533918727237,True,A-B|A-C|B-A|C-A|D-C|D-D
hexagon,pyramid,720,10,True,0,1991,566,566,0,1.8012672722322796,12.927801212074735,25.885731856640888,12.706976315335734,1.7291188006221723,12.706972056526164,0.012081858141590018,1,1,0.06674076892725107,0.02783715713700321,0.16044046048658983,2.403934852196167,True,True,1.6378706041129145e-14,1.0841599276764049e-14,1.2276878133458423e-14,True,0.06047493661516633,0.36945378526400835,True,A-E|B-F|C-C|D-D|E-A|F-B
vertical-parallelepiped,rectangle-same,180,10,True,32,472,108,108,0,2.2725170150156395,14.501434835524348,21.290551419072237,14.173064411737238,2.715584970012366,14.173018378373955,0.01405164495899669,1,1,0.06651583850020336,0.06371917643815025,0.15864188454706507,2.4004431888250335,True,True,7.95651227888113e-15,3.972054645195637e-15,6.89411847443645e-15,True,0.13651573070173903,0.4182034220705242,True,A-D|B-C|C-A|D-C|E-A|F-B
hexagon,rectangle-opposite,180,10,True,24,632,114,114,0,1.7703008896874264,13.596201473949556,23.301489236262487,13.342263481051212,2.0255434244715556,13.342256755023254,0.012797790202648152,1,1,0.06637197002330822,0.05432310776832789,0.15926117761616587,2.399524642107764,True,True,1.0389065263721169e-14,9.226195587362353e-15,4.7759807409152394e-15,True,0.051927234131438064,0.4472121987926965,True,A-A|B-D|C-B|D-A|E-C|F-D
vertical-parallelepiped,pentagon,360,10,True,0,1714,242,242,0,1.5652781851022377,13.922131928155117,23.668889937032475,13.691576182027845,1.9736925903619928,13.691541555088111,0.012909488657770751,2,1,0.06604102471359283,0.044341467650602956,0.15889087537549745,2.4059420044521795,True,True,7.350787924618878e-15,6.04867803470605e-15,4.177029703651542e-15,True,0.08372800182256722,0.3581303928054846,True,A-D|B-E|C-E|D-B|E-A|F-C
vertical-parallelepiped,horizzontal-parallelepiped,720,10,True,172,2012,416,416,0,1.5986669799121345,13.766320888516663,23.897690778878953,13.451016494202099,2.163272859527713,13.451009488490541,0.011368930551884482,2,1,0.06599808596282812,0.04950044546399482,0.15888743275256167,2.407455162291393,True,True,1.372551802039154e-14,1.1006336936419929e-14,8.200633644425975e-15,True,0.11544057568647487,0.42339245367800304,True,A-C|B-E|C-D|D-F|E-A|F-B
two-triangles,horizzontal-parallelepiped,720,10,True,72,2647,480,480,0,1.5697719041985247,13.776875387287854,23.8646477273259,13.605725090071237,1.8550458944704158,13.605719766477883,0.013067907400493795,3,1,0.06580523735303088,0.03674218033198886,0.1584994720598368,2.408614852485394,True,True,6.951095629092365e-15,6.646518689688359e-15,2.0350724194510405e-15,True,0.06983174069331585,0.49625046035832693,True,A-B|B-F|C-A|D-E|E-C|F-D
rectangle-same,pyramid,180,10,True,24,425,118,118,0,2.255625458001489,14.801493017736052,27.25007279658326,13.566305506865717,5.869994581862722,13.566181305635258,0.08146614440944155,1,1,0.06571177367493274,0.07094398788852405,0.17025640365308084,2.59095736017287,True,True,7.447602459741819e-15,7.007609531788139e-15,2.5219419200973697e-15,True,0.07967377036950707,0.32651322683833955,True,A-C|A-F|B-D|C-B|C-E|D-A
2X3,2X3,720,10,True,268,511,411,411,0,1.5509757476453085,13.739254719447052,22.387454690628232,13.299445393774704,2.237432554058545,13.299371284625748,0.015274451566527958,1,1,0.06509381678433906,0.07449828527773422,0.15569474376897327,2.3918515069534516,True,True,7.562566735475685e-15,3.972054645195637e-15,6.435464048854839e-15,True,0.1129376939867447,0.4179157688864527,True,A-E|B-F|C-B|D-A|E-D|F-C
rhombus-ext,pentagon,78,10,True,0,277,58,58,0,1.8929790399644895,14.058260394318378,23.611540822587497,13.869773913719794,1.602961123747553,13.869757174396723,0.010995356844839321,1,1,0.0649071822151371,0.03414112964798133,0.1567946364092901,2.4156746766419293,True,True,4.5288390936029406e-15,3.972054645195637e-15,2.175583928816829e-15,True,0.1658594657538295,0.44672992321618066,True,A-B|A-D|B-E|C-A|D-C|D-E
hexagon,2X3,720,10,True,104,1648,487,487,0,1.5652060182220906,13.675080431514147,23.9331345426218,13.404908873942201,2.121757320318717,13.40481716462085,0.012107161208646744,2,1,0.06472679989102233,0.04799453299161762,0.15610631160947233,2.4117724323201775,True,True,8.296271088900922e-15,5.9580819677934555e-15,5.773159728050814e-15,True,0.051927234131438064,0.48362382133638654,True,A-A|B-E|C-B|D-D|E-C|F-F
horizzontal-parallelepiped,base-trapezoid,360,10,True,40,1135,233,233,0,1.648127629194906,14.647852443105744,22.084605495773392,14.483208531425895,2.009945600132381,14.483169944891111,0.013994354630186834,1,1,0.0642412490978701,0.04810859649917893,0.1539200367193829,2.395968927766164,True,True,0.1836532123939556,0.10759823510185161,0.14883253080420972,True,0.05851285294104078,0.503420624847555,True,A-D|B-A|C-B|D-B|E-C|F-E
horizzontal-parallelepiped,vertical-parallelepiped,720,10,True,172,1823,441,441,0,1.632853872728075,13.677752369090209,23.993566939367604,13.413747906328524,2.1634023114501244,13.413695110982305,0.010875913471577903,1,1,0.06399645951482462,0.049521212065440426,0.15309799273315214,2.4076011988869257,True,True,1.2742560280232328e-14,1.0083490224718918e-14,7.79076808686747e-15,True,0.05194102651214602,0.47538038908183505,True,A-B|B-D|C-E|D-F|E-C|F-A
arrow,rectangle-opposite,78,10,True,8,439,56,56,0,1.5938793262585937,13.468067495894969,23.39480474547693,13.222676891691673,1.8373602295962,13.2226604903177,0.014599350567676694,1,1,0.06383640288927554,0.056667207504681835,0.15315132055505448,2.399122031056417,True,True,6.778727589240029e-15,5.891509130072236e-15,3.352800008858181e-15,True,0.25844270592928886,0.36898991146262244,True,A-D|B-A|C-A|C-D|D-B|E-C
pentagon,2X3,360,10,True,0,1539,229,229,0,1.8989354038291242,13.61138249480097,24.51578374911941,13.151847221310645,2.7252803914404375,13.151693240023612,0.02379102153168766,2,1,0.06267937844365126,0.06366119798417628,0.15066406480182384,2.4037262101644927,True,True,1.4889514691832755e-14,9.1712754848598e-15,1.1729678330590021e-14,True,0.051060516802225384,0.3886873512957292,True,A-A|B-F|C-B|D-E|E-C|E-D
hexagon,rectangle-same,180,10,True,20,617,112,112,0,1.6482553251442018,14.388857064875477,22.087998950276514,13.767641700006719,2.192164026089757,13.761938007348684,0.014321798017613574,1,1,0.061604159193822124,0.0417988690366025,0.14687758731781395,2.39907368920932,True,True,9.922686215581825e-15,3.076740298213702e-15,9.433629782339637e-15,True,0.14865685688088548,0.36945378526400835,True,A-C|B-A|C-D|D-C|E-B|F-A
rectangle-opposite,pentagon,78,10,True,0,377,50,50,0,1.844219078599508,13.800760515400519,23.342587513130614,13.514783194886059,2.229966540212964,13.514732261088161,0.01553439167369497,1,1,0.06120852105848309,0.07120969408164526,0.1462018944956473,2.388587274571711,True,True,6.217248937900877e-15,1.7763568394002505e-15,5.9580819677934555e-15,True,0.06283121806132218,0.3581303928054846,True,A-A|A-C|B-E|C-D|D-B|D-E
horizzontal-parallelepiped,hexagon,720,10,True,96,1789,495,495,0,1.5036687294229472,13.920580403570083,23.858864070619557,13.782571911074395,1.5870338533028496,13.78256389082629,0.014124742546375302,3,1,0.06102639797517821,0.0312895861059704,0.1476491758230067,2.419431274365256,True,True,8.97016233590804e-15,5.329070518200751e-15,7.215595591812694e-15,True,0.13717021668898333,0.39300248433366436,True,A-C|B-B|C-F|D-D|E-E|F-A
rhombus-int,hexagon,180,10,True,28,690,105,105,0,1.6469758522465623,13.975685117472914,23.711458488047192,13.846915343689087,1.4960190412434264,13.846864523949774,0.012912041634631777,2,1,0.06042165639047734,0.020694188137990684,0.14589688900580652,2.414645637367869,True,True,6.556898606395034e-15,2.5510982866352577e-15,6.0402662910232525e-15,True,0.06540921570603536,0.49463167676755143,True,A-E|B-C|B-F|C-B|C-D|D-A
vertical-parallelepiped,rectangle-opposite,180,10,True,28,564,107,107,0,1.8651811637737745,13.6543441788718,23.654089589254696,13.248975946069105,2.8415603858372815,13.248967344339992,0.0121133307646355,8,1,0.060045549606847104,0.05509628141477341,0.14336094000918925,2.3875364776882906,True,True,1.260188719923746e-14,8.530675149520015e-15,9.27551305727433e-15,True,0.1462654266474555,0.4531133653291396,True,A-B|B-A|C-C|D-D|E-D|F-A
arrow,pentagon,168,10,True,0,696,119,119,0,1.6839380770697685,13.967405047469764,23.45958617243237,13.830038348477203,1.8692856062759566,13.829993540566544,0.011306916327630034,1,1,0.05938039538133976,0.038370800465728584,0.1428241433396467,2.405240693034002,True,True,9.499041634435286e-15,9.221202601432972e-15,2.280617143682994e-15,True,0.1187653942992405,0.3581303928054846,True,A-E|B-C|C-A|C-D|D-E|E-B
2X3,hexagon,720,10,True,104,1509,491,491,0,1.5893296382775683,13.891872879833253,23.83443869299399,13.62459686538513,2.127409073409915,13.624427309679318,0.01730945692274055,2,1,0.05900626887326407,0.047994532991617614,0.14229743191560484,2.4115646461435603,True,True,1.1533635664039512e-14,9.591710122360898e-15,6.404986226324272e-15,True,0.06356316069059975,0.39300248433366436,True,A-C|B-E|C-A|D-B|E-F|F-D
2X3,pentagon,360,10,True,0,1573,257,257,0,1.6529210774552856,13.861784651727065,23.862102871842975,13.550716528782642,2.252610649185827,13.550651286813238,0.015716973878802776,1,1,0.058860682426734624,0.06413601761229497,0.14129340632976717,2.400471766626876,True,True,1.5769124554381302e-14,1.3705325515145093e-14,7.799316747991725e-15,True,0.0888732057210834,0.3581303928054846,True,A-A|B-C|C-E|D-E|E-D|F-B
central-parallelepiped,rectangle-opposite,78,10,True,22,154,40,40,0,1.7974816835733192,13.680672606074811,23.180553160144974,13.202526447642272,2.7995366665470494,13.202522238538403,0.011730485990987027,1,1,0.058737313042940865,0.038435312674536724,0.1409836449381423,2.4136222463183143,True,True,1.6945364248090044e-14,1.2932072993408848e-14,1.0950198975068616e-14,True,0.32149061488116487,0.4531133653291396,True,A-B|B-D|C-A|C-C|D-A|E-D
horizzontal-parallelepiped,horizzontal-parallelepiped,720,10,True,212,1984,356,356,0,1.543449295600498,13.873769545663766,23.496730748278917,13.52293694471694,2.4473232563657317,13.522895585220695,0.01165033459439524,2,1,0.05865607162923758,0.0478933082435272,0.14080029763340565,2.4004385858534487,True,True,1.0695084443661336e-14,1.020439314654103e-14,3.2023728339893768e-15,True,0.11544057568647487,0.36898991146262244,True,A-C|B-D|C-E|D-F|E-A|F-B
pentagon,two-triangles,360,10,True,0,1314,252,252,0,1.6433654819489076,13.779423348628274,24.69749676791622,13.388309108474845,2.4465688422635994,13.388201387507312,0.023412352512011125,1,1,0.05829835838583659,0.04881569641747407,0.14106549039817384,2.419716340287984,True,True,5.4930801582266845e-15,3.2023728339893768e-15,4.463041323674983e-15,True,0.08417006367026594,0.42159434034221743,True,A-B|B-F|C-C|D-D|E-A|E-E
2X3,vertical-parallelepiped,720,10,True,112,2018,474,474,0,1.5095572489584488,13.670405375638401,24.057264835443714,13.336261052146723,2.476193380411854,13.336218674624789,0.015456192884967024,2,1,0.05818247740070173,0.057879089348515586,0.13937579427635644,2.3954943223967193,True,True,4.910148818092704e-15,3.774758283725532e-15,3.1401849173675502e-15,True,0.07611609640718162,0.4652866157331114,True,A-C|B-A|C-D|D-E|E-B|F-F
rectangle-opposite,arrow,78,10,True,8,456,35,35,0,1.7394421008844503,13.651521062007504,23.540245609666325,13.402190225897296,1.9069277796277722,13.401940991139828,0.015832596422017176,1,1,0.05806401812438698,0.05629342952489786,0.1393132051717743,2.399303556177118,True,True,6.346019658740025e-15,5.296590029624932e-15,3.4954398245703823e-15,True,0.05199775411844587,0.32651322683833955,True,A-B|A-C|B-D|C-E|D-A|D-C
2X3,two-triangles,720,10,True,72,2861,426,426,0,1.6963750646463238,13.718440840576822,24.0306562125966,13.527983277425859,1.9455175745446864,13.527975706239905,0.015257911195563523,1,1,0.056598901449469406,0.04684333168576995,0.13535303036537144,2.391442711767338,True,True,6.296051182078799e-15,3.972054645195637e-15,4.884981308350689e-15,True,0.05943624352311705,0.3918321979520063,True,A-B|B-F|C-C|D-E|E-A|F-D
parallelepiped-ext,rhombus-ext,34,10,True,10,30,22,22,0,9.080082363176562,14.034620629281713,22.701751428179854,13.968098547292275,1.8713557405996188,13.96808644678497,0.024644107419932837,1,1,0.05640549391696458,0.01814041036079214,0.1376062033178708,2.5029448348516263,True,True,1.0454976766099792e-14,7.53644380168212e-15,7.246278631392365e-15,True,0.24845726571145174,0.432603075572651,True,A-A|A-D|B-B|C-A|D-C|D-D
2X3,rectangle-opposite,180,10,True,72,147,94,94,0,1.7944942814169504,13.715156682596275,22.41416813616857,13.458819531050695,2.6611800686788314,13.45875714628637,0.013594386480876963,1,1,0.05639104554753601,0.09572875744328327,0.1333058502688248,2.3807129797512614,True,True,1.0870303850763992e-14,9.057678187205881e-15,6.010155710541054e-15,True,0.07611609640718162,0.32651322683833955,True,A-D|B-A|C-D|D-A|E-C|F-B
arrow,two-triangles,360,10,True,16,1453,239,239,0,1.6147701660020124,13.760277740314564,24.297080277620715,13.607299965715413,1.6698637561312657,13.607273982211476,0.012326392574115275,2,1,0.05605180538946997,0.028737723875818202,0.13467754473207516,2.40273339629799,True,True,4.407459562045625e-15,3.0201331455116262e-15,3.210061615366513e-15,True,0.0643693165910503,0.4499078879065762,True,A-B|B-E|C-A|C-F|D-C|E-D
hexagon,two-triangles,720,10,True,76,2482,445,445,0,1.5846305394310642,13.92687483076581,23.996344940963763,13.737758194230452,1.670091243012322,13.737726927066458,0.0114238284650936,3,1,0.055890867149137484,0.02732253368397967,0.13503906387857817,2.4161203925901535,True,True,7.927910239786097e-15,6.096267509209717e-15,5.068262347813025e-15,True,0.13658945791577065,0.4472121987926965,True,A-A|B-F|C-B|D-E|E-C|F-D
rectangle-opposite,hexagon,180,10,True,24,613,99,99,0,1.666379982032207,13.857052827909396,23.380077947420595,13.595263290552127,2.155344890071068,13.59524797083525,0.017697245100842807,2,1,0.05543825430027097,0.05406588447237029,0.13230047532156614,2.397921862031572,True,True,7.215595591812694e-15,4.782987168225453e-15,5.4025784115714076e-15,True,0.06462485078776249,0.4440348606456391,True,A-A|A-D|B-C|C-E|D-B|D-F
two-triangles,hexagon,720,10,True,76,2349,500,500,0,1.5190522982224512,13.921536259336758,23.937941699176797,13.761395057936525,1.65204215597571,13.761386295974475,0.013799105805007983,1,1,0.05539544355048448,0.027322533683979622,0.13384832158036924,2.416233412020376,True,True,5.9910909847502765e-15,1.9860273225978185e-15,5.65233285126159e-15,True,0.050933605817140015,0.39300248433366436,True,A-E|B-A|C-C|D-B|E-F|F-D
two-triangles,arrow,360,10,True,16,1571,251,251,0,1.5908840274086078,13.955066226538037,24.129065673234408,13.764788559187565,1.6171667836776442,13.764763491419739,0.012076574524952477,1,1,0.05512053993787103,0.029375808088323952,0.13301989113616156,2.413254501608558,True,True,1.8566721943058326e-14,1.7187767660011298e-14,7.021666937153402e-15,True,0.05449769045323954,0.3914966099903299,True,A-C|B-B|C-D|D-E|E-A|F-C
central-trapezoid,rectangle-same,78,10,True,4,339,48,48,0,1.798841647217432,14.564299065586571,21.73769430894312,14.413794029007951,2.115071741956813,14.41378855990507,0.01423866883708591,4,1,0.05498722111309214,0.030979953581731296,0.13146610616625132,2.3908483372139346,True,True,1.5368194796789675e-14,1.1375892786201702e-14,1.0332979949120067e-14,True,0.06417136132970501,0.4652866157331114,True,A-B|B-D|C-A|D-A|D-C|E-C
2X3,horizzontal-parallelepiped,720,10,True,168,1536,436,436,0,1.939517473615962,13.700486866965466,23.78053116736972,13.356801517492165,2.6641636810355642,13.356718325137933,0.018413426456602267,6,1,0.05483632233274773,0.05549590315100844,0.1311334254101207,2.3913606863421815,True,True,5.438959822042073e-15,5.4025784115714076e-15,6.280369834735101e-16,True,0.057352912171766864,0.31140856846121034,True,A-E|B-F|C-B|D-A|E-D|F-C
central-parallelepiped,2X3,360,10,True,68,1007,192,192,0,1.6561894816918925,13.674815370098584,23.744113114809263,13.340664390113291,2.5613243321455235,13.34066436232713,0.012327357041664655,1,1,0.054608735881311335,0.043968347234835295,0.13090868951009815,2.397211497343941,True,True,5.8621457832171254e-15,5.617333549722722e-15,1.6764000044290905e-15,True,0.08546886265131835,0.41981971932396717,True,A-E|B-A|C-D|C-F|D-B|E-C
vertical-parallelepiped,2X3,720,10,True,112,2191,437,437,0,1.508094012690824,13.660560998602827,24.182863091992157,13.332672364412966,2.3949143497757435,13.332643873905976,0.012543527340691085,6,1,0.05451910976883567,0.04621117283016664,0.13057710007761897,2.395070290605877,True,True,0.040757902445283996,0.03783748439698374,0.015150293272649832,True,0.2669272769273775,0.41115190529900336,True,A-D|B-E|C-F|D-C|E-B|F-A
vertical-parallelepiped,pyramid,720,10,True,22,2470,524,524,0,1.6851416360966454,12.862049845386085,25.557529384089975,12.663387053800655,1.9261304443772482,12.663366732644652,0.012347783347191665,1,1,0.05421632439059698,0.03392920593688698,0.13105304286919717,2.4172247813229917,True,True,7.205338876476098e-15,3.4684476073050936e-15,6.3155981126285585e-15,True,0.1158252361786886,0.45336865794965664,True,A-A|B-E|C-B|D-F|E-C|F-D
rectangle-same,vertical-parallelepiped,180,10,True,32,460,103,103,0,1.9874164848141151,15.298288426160447,26.13013686344705,13.279732213984186,6.373190458409125,13.277874308615527,0.0914012088396925,5,1,0.054143389439000295,0.05650213779488895,0.13854760314385148,2.5595854707728027,True,True,7.339237609222242e-15,4.2261452805446086e-15,6.000342052946044e-15,True,0.05964205579867091,0.32651322683833955,True,A-D|A-E|B-F|C-A|C-B|D-C
2X3,pyramid,720,10,True,64,1407,525,525,0,1.8747445486516365,12.893226434003013,25.17636597448884,12.68531808199322,2.1557684374962243,12.68531808199322,0.016272647553913444,1,1,0.054088527814936296,0.04454311496358743,0.13066443958232993,2.4157514515720937,True,True,5.8621457832171254e-15,4.189529226675416e-15,4.100316822212988e-15,True,0.05247567292217509,0.45336865794965664,True,A-A|B-C|C-E|D-B|E-D|F-F
3X2,two-triangles,720,10,True,56,3240,459,459,0,1.548583717635823,13.86858455168311,24.057810727101163,13.733550263883323,1.5046842182721645,13.73353954083409,0.013375745946653694,4,1,0.053902872454214906,0.020824684687742182,0.13014576064472308,2.414449448037651,True,True,9.019494489765868e-15,4.265337574760008e-15,7.94721185223203e-15,True,0.06383651854737839,0.42664682117134556,True,A-D|B-C|C-F|D-B|E-E|F-A
2X3,arrow,360,10,True,68,940,207,207,0,1.705523894347854,13.90037236973256,23.79254007418164,13.585548452486098,2.1633383989103745,13.585498151390242,0.016881500958527695,2,1,0.053841685027365166,0.04794672030635622,0.12951186275865267,2.4054199398259537,True,True,1.2102966658271066e-14,2.947845977841313e-15,1.1738483974608725e-14,True,0.05199775411844587,0.4179157688864527,True,A-C|B-B|C-E|D-D|E-A|F-C
pyramid,hexagon,720,10,True,0,2051,559,559,0,1.701708926550411,16.895433037835872,23.35502987723013,15.332227567835124,6.934501496832021,15.331653914517924,0.10417185469568757,7,1,0.05326158889602533,0.02305493260338826,0.13630342212300897,2.5591317297930005,True,True,0.6818428675370667,0.20309752521904692,0.6508925343411679,True,0.16330904830378734,0.45673777918439046,True,A-D|B-A|C-B|D-E|E-F|F-C
parallelepiped-int,pentagon,78,10,True,0,345,45,45,0,1.8877083797374519,14.055722590584764,23.461406312127284,13.790008777310117,2.148611495055635,13.790007913100135,0.0191760510470953,4,1,0.05270222246469882,0.019355432967309842,0.12613582698587086,2.409432806445038,True,True,9.755443231546613e-15,5.65669253787293e-15,7.947987303456223e-15,True,0.09377121442643964,0.4331407140208836,True,A-C|B-A|B-E|C-B|C-E|D-D
central-trapezoid,horizzontal-parallelepiped,360,10,True,16,1196,255,255,0,1.5077759891127804,13.78321138975548,23.57748783711582,13.583010478755762,2.023111083422509,13.582977174906123,0.012797981239653922,2,1,0.052544244350500084,0.029887198642841957,0.12661268253731336,2.409639421070261,True,True,6.78236327069704e-15,4.446439748506845e-15,5.121486610213742e-15,True,0.08096940055903461,0.3676539667191418,True,A-E|B-A|C-F|D-C|D-D|E-B
central-parallelepiped,horizzontal-parallelepiped,360,10,True,76,914,214,214,0,1.6573798358375433,13.857573586856182,23.756080815296304,13.546153414125964,2.3988730288445987,13.546093215003818,0.011344949286502981,2,1,0.05254227858326198,0.04009202599731811,0.12623706229604778,2.4025806588498853,True,True,6.705600017716362e-15,6.4047456679787536e-15,1.9860273225978185e-15,True,0.23457637813391888,0.41981971932396717,True,A-C|B-D|C-A|C-B|D-F|E-E
pentagon,rectangle-opposite,78,10,True,0,422,43,43,0,2.422552821277256,13.578637779218138,23.776550679197353,13.03234800437437,2.7370865840977903,13.0321728155603,0.023040121355620613,4,1,0.05217169244810333,0.06718643945190468,0.12468970255112109,2.389987686812221,True,True,1.9065878459263934e-14,1.0855801383086959e-14,1.567352218725554e-14,True,0.051796682337130966,0.3886873512957292,True,A-D|B-A|C-C|D-D|E-A|E-B
vertical-parallelepiped,base-trapezoid,360,10,True,52,1484,193,193,0,1.6520187896786949,14.72775195259017,21.593921633950963,14.608205776198135,1.997850956592444,14.608163541672125,0.015187720701939966,1,1,0.05205358039106246,0.037073683252047074,0.12436273299176545,2.3891292790518284,True,True,1.9661921253144925e-14,1.8630587706705476e-14,6.2842938400131246e-15,True,0.06837350382187522,0.4668891668184871,True,A-D|B-E|C-B|D-C|E-B|F-A
rectangle-same,arrow,78,10,True,12,383,38,38,0,2.0958710563413874,15.188421515326104,26.226845202092754,13.251564228808572,5.768893545215517,13.251356575536708,0.08823401207318682,1,1,0.05195986868340055,0.05773177132975887,0.1343718116237654,2.5883443458236424,True,True,9.144356508438812e-15,7.53644380168212e-15,5.17892563931115e-15,True,0.3128575991357919,0.42827695480702754,True,A-A|A-C|B-E|C-C|C-D|D-B
central-parallelepiped,central-parallelepiped,168,10,True,80,192,68,68,0,1.5908107403875378,14.063740331908711,23.170783216138446,13.832146479932025,2.130588361700168,13.832128577853119,0.012295911165164597,1,1,0.05179145744946393,0.03863041124495967,0.1244949052264544,2.4037729648355937,True,True,9.648087210223558e-15,4.782987168225453e-15,8.379058453350832e-15,True,0.16766592184114334,0.41981971932396717,True,A-D|B-E|C-A|C-B|D-C|E-C
rectangle-opposite,vertical-parallelepiped,180,10,True,28,571,96,96,0,1.7914546222550993,13.768875779474838,23.551438342983648,13.350097771784826,2.8162320448605174,13.35008734813218,0.016684816398685243,1,1,0.0517472766708961,0.06760527928929215,0.12362772536520057,2.3890672769400396,True,True,3.8421802821087644e-15,2.7350246895135394e-15,2.6985161233494137e-15,True,0.05964205579867091,0.32651322683833955,True,A-D|A-E|B-F|C-A|D-B|D-C
hexagon,horizzontal-parallelepiped,720,10,True,96,1839,474,474,0,1.5536575004818882,13.832031776932574,23.90368118321203,13.685116461526325,1.6318629205697064,13.685116203452266,0.012480610609495457,1,1,0.051674327769874955,0.031304781324668726,0.12460686601718803,2.420249844924487,True,True,1.280619068893681e-14,1.0603065827657502e-14,7.181470254465556e-15,True,0.0919558562718783,0.36945378526400835,True,A-D|B-E|C-A|D-F|E-B|F-C
wave,horizzontal-parallelepiped,360,10,True,68,743,226,226,0,1.5106695330350215,13.957367770025439,23.894645155590613,13.850785967398002,1.563269794529153,13.850785856056074,0.011641134943383591,1,1,0.05157248777060511,0.014537328008355138,0.12405634899789793,2.405475367984994,True,True,9.834547474359519e-15,5.642033365091879e-15,8.055171229255231e-15,True,0.10635896183184038,0.3676539667191418,True,A-D|B-F|C-A|C-C|D-B|E-E
vertical-parallelepiped,cross,360,10,True,20,1079,250,250,0,1.8142041248633323,14.569486329039554,22.73158451028163,14.447371645251886,1.511072886271017,14.447366475217022,0.014365177876390689,1,1,0.05141772349831337,0.018501243515255495,0.1240267778070517,2.412140588276338,True,True,0.9089949834837278,0.3613556450723931,0.8340827163854296,True,0.21312342260752237,0.36990647383846204,True,A-C|B-D|C-E|D-A|E-B|F-D
3X2,rectangle-opposite,180,10,True,76,112,92,92,0,2.0640565783418254,13.831471032562604,23.147475884295027,13.517196400719214,2.1050269795196517,13.517173759631905,0.01204255477527294,4,1,0.051392373910227086,0.03111852362680431,0.12291647374745023,2.391725938991696,True,True,7.096803564052191e-15,2.8435583831733384e-15,6.502214741780566e-15,True,0.1949230736446107,0.42664682117134556,True,A-C|B-B|C-D|D-D|E-A|F-A
horizzontal-parallelepiped,central-parallelepiped,360,10,True,76,1097,215,215,0,1.6349729227228804,13.782575475661565,23.76930172897426,13.536682992535289,2.207846431919743,13.53668214265866,0.011610174664300033,1,1,0.05130735523758083,0.040092025997318106,0.12326542564359677,2.402490346127005,True,True,2.144036025891617e-14,1.4177700440225029e-14,1.60835897193181e-14,True,0.16766592184114334,0.47538038908183505,True,A-D|B-E|C-C|D-C|E-B|F-A
vertical-parallelepiped,vertical-parallelepiped,720,10,True,212,1992,348,348,0,1.555749849778814,13.862428331613927,23.58398895657717,13.520305239585982,2.4680191552472657,13.520262781341469,0.013192908437510198,4,1,0.05128639784676252,0.03959826841378335,0.12380124417406144,2.4139196623628045,True,True,1.51544426170172e-14,1.1982181969500553e-14,9.278170416749356e-15,True,0.05194102651214602,0.42339245367800304,True,A-B|B-E|C-D|D-F|E-A|F-C
rhombus-ext,vertical-parallelepiped,180,10,True,44,547,87,87,0,2.1062472876349836,13.853833692552458,23.329923316163388,13.733938006646163,1.6513226790004405,13.733872687739826,0.01434885605146441,1,1,0.05086053793757928,0.02140266424865916,0.12290082843302318,2.416428009154334,True,True,7.246278631392365e-15,5.773159728050814e-15,4.379404155611337e-15,True,0.051551054684209126,0.4499078879065762,True,A-A|A-C|B-D|C-E|D-B|D-F
rectangle-opposite,two-triangles,180,10,True,28,840,97,97,0,1.5767452355961669,13.668865857552642,23.548103345479635,13.461776920941363,1.878855356877843,13.461747806406278,0.014851093073414035,1,1,0.0502574274977198,0.04958823115811414,0.12063011915137437,2.4002446037821454,True,True,1.4189832749325096e-14,9.576276950461626e-15,1.0471211640582782e-14,True,0.06389320095320437,0.4182034220705242,True,A-C|A-F|B-A|C-B|D-D|D-E
horizzontal-parallelepiped,rectangle-opposite,180,10,True,28,577,107,107,0,1.5826001143993595,13.598154787648198,23.16042514917926,13.216873950870179,2.7226769521588214,13.216856695333094,0.012519284290553045,12,1,0.050116202162176805,0.03752251719843359,0.12022356142032796,2.398896090156286,True,True,1.5345194042711614e-14,9.699054745056637e-15,1.1891312680308527e-14,True,0.18027562596783717,0.31140856846121034,True,A-A|B-D|C-B|D-C|E-A|F-D
hexagon,base-trapezoid,360,10,True,16,1185,248,248,0,1.7475724219315247,14.84416025824637,22.193783084546173,14.706992200073532,1.8137113321384921,14.706944645510802,0.011755245579191609,2,1,0.04998120375338916,0.029470440912645956,0.12039640131373497,2.4088335668700465,True,True,9.21805090464369e-15,7.951696912008668e-15,4.6629367034256575e-15,True,0.07737572622139118,0.4957516453777859,True,A-E|B-B|C-D|D-A|E-C|F-B
rectangle-opposite,horizzontal-parallelepiped,180,10,True,28,560,108,108,0,2.0800310917243623,13.656223564622259,23.21291040192208,13.314335333072133,2.824448517397271,13.314297112296583,0.016380421034071446,1,1,0.049779669813207056,0.06733109329739176,0.11877616764765242,2.386037675487753,True,True,7.70465983141898e-15,3.972054645195637e-15,6.6018607235733855e-15,True,0.07227372566323872,0.32651322683833955,True,A-D|A-E|B-A|C-F|D-B|D-C
pentagon,central-parallelepiped,168,10,True,0,736,117,117,0,1.6901926555957318,13.759947829077293,24.05601735861247,13.390295165849544,2.507737800692113,13.386114404972748,0.02058638901559373,2,1,0.049634375616053175,0.02900916375272754,0.11982162934930946,2.4140855578841154,True,True,7.755684626330685e-15,2.5121479338940403e-15,7.337557957613285e-15,True,0.1865735100919726,0.3181085628759252,True,A-C|B-E|C-C|D-B|E-A|E-D
parallelepiped-int,vertical-parallelepiped,180,10,True,28,697,114,114,0,1.8022287687102754,13.73522551807416,23.746689339264137,13.572516601389792,1.711149269728665,13.572483849784216,0.01638815820970585,3,1,0.049618497509754465,0.01941961148455684,0.11848163025365312,2.3878520350270764,True,True,7.601582815929793e-15,6.646518689688359e-15,3.688882027804963e-15,True,0.06381402746950593,0.4431883781158899,True,A-C|B-D|B-E|C-A|C-B|D-F
cross,pyramid,360,10,True,20,874,273,273,0,1.7460196219446475,14.047777691973057,26.78526170340111,13.393362402634384,4.735498341205744,13.393362402634384,0.0724827329417943,1,1,0.049423509779331125,0.015333914375803814,0.1213364996804342,2.4550360794323236,True,True,1.2576430793226386e-14,1.0019109251294436e-14,7.601582815929793e-15,True,0.07514272091914191,0.4179157688864527,True,A-F|B-D|C-C|D-B|D-E|E-A
2X3,central-parallelepiped,360,10,True,68,1070,196,196,0,1.6615749852212789,13.742145232610948,23.643279130476056,13.34418856701998,2.6077153689809114,13.344121078842807,0.016989261155341495,1,1,0.04933093804840742,0.043968347234835364,0.1182833525055951,2.3977519419867126,True,True,8.426000324584083e-15,7.32410687763558e-15,4.165926057296536e-15,True,0.23281973224301278,0.4179157688864527,True,A-C|B-E|C-C|D-A|E-B|F-D
rhombus-int,pyramid,180,10,True,12,559,121,121,0,1.9552233894059383,12.960325975178444,25.373646984216332,12.752985819263621,1.6348523238910713,12.752985819263621,0.01417795571436109,1,1,0.049230304560892786,0.019255454092701796,0.11911449097535451,2.419535934985375,True,True,6.023727294975535e-15,4.809008917875067e-15,3.627495520608034e-15,True,0.20066007570834374,0.4179157688864527,True,A-F|B-B|B-D|C-A|C-C|D-E
horizzontal-parallelepiped,two-triangles,720,10,True,72,2824,444,444,0,1.5375424597654581,13.748606954444579,23.869678781351286,13.564656052942048,1.8168491309218289,13.564630772498255,0.01181459892654324,5,1,0.04913866420629648,0.03287298098182948,0.11829975229098491,2.4074678097543063,True,True,1.629705988663867e-14,1.505464474658143e-14,6.241140320719878e-15,True,0.05112193428387655,0.4652866157331114,True,A-C|B-D|C-F|D-E|E-A|F-B
pentagon,arrow,168,10,True,0,620,135,135,0,1.8216725537682277,13.835171790587218,23.977796615360436,13.494729262827105,2.4456156298858955,13.490358600906816,0.020323446621540953,1,1,0.049078651387890346,0.03821990902226027,0.11811586626183723,2.406664872029901,True,True,1.784687421086664e-14,5.7942143125945785e-15,1.6880106622833307e-14,True,0.05668030598150012,0.3886873512957292,True,A-C|B-E|C-B|D-C|E-A|E-D
vertical-parallelepiped,central-trapezoid,360,10,True,37,1399,238,238,0,1.5246580266640921,13.888938262415506,23.827503162755537,13.616121433895486,1.9371843482251199,13.616036871583598,0.012328216973545025,1,1,0.04907427752220182,0.029973156280823563,0.11852412384305154,2.4151985485559053,True,True,8.390818541177929e-15,7.32410687763558e-15,4.0943002132167226e-15,True,0.12466421747600853,0.49573600680125657,True,A-B|B-D|C-E|D-D|E-A|F-C
pyramid,2X3,720,10,True,64,1455,548,548,0,1.692915023505756,16.501960888259557,22.589858185997585,14.785541265829732,6.946945549958388,14.785540962858375,0.09679263755053746,7,1,0.04889687545496153,0.030901068347868935,0.12490961804760702,2.5545521443933596,True,True,1.8288713016877624e-14,1.1374233532693354e-14,1.432144669219779e-14,True,0.19538214816951355,0.4475031594694418,True,A-D|B-B|C-A|D-E|E-C|F-F
parallelepiped-ext,rhombus-int,34,10,True,10,86,18,18,0,9.133292701523136,13.808663877707602,22.65089044589526,13.735330280509345,1.6095648883745475,13.735307563800134,0.019441077273933516,2,1,0.0488959179561489,0.01758822712192506,0.12023358744673694,2.500188456881021,True,True,5.0828333285666705e-15,2.220446049250313e-15,4.572178254219406e-15,True,0.12280317420997572,0.45336865794965664,True,A-A|A-B|B-C|C-D|D-B|D-C
horizzontal-parallelepiped,rectangle-same,180,10,True,26,563,107,107,0,1.8561855776317564,14.651570021304533,21.116121251154187,14.23016383698216,2.6231147850518126,14.230142552976337,0.014188513833577332,1,1,0.048781693375672425,0.05430366177451098,0.11641058135794943,2.4007140822133777,True,True,5.475099487534308e-15,3.972054645195637e-15,3.76822190084106e-15,True,0.07463135630357431,0.32651322683833955,True,A-A|B-C|C-C|D-B|E-D|F-A
arrow,2X3,360,10,True,68,914,236,236,0,1.6165620167856012,13.73018680838462,23.84828430570771,13.4776795673772,2.119460612454237,13.477624311409226,0.014493442731667194,3,1,0.04864820005302845,0.034706261481966545,0.11686875964048153,2.40232443364996,True,True,1.6857851022768872e-14,1.1916163935586911e-14,1.1924436178121269e-14,True,0.18739250944308322,0.32651322683833955,True,A-A|B-F|C-C|C-E|D-B|E-D
horizzontal-parallelepiped,central-trapezoid,360,10,True,16,1296,254,254,0,1.5172714035525494,13.83639607023931,23.653367781596398,13.633118779495092,1.9027289207794373,13.63309097611169,0.011647516204570607,1,1,0.048352340482000745,0.03001179517654712,0.11657315046517584,2.410910191794551,True,True,9.571328250492654e-15,6.050524502461777e-15,7.416298114543969e-15,True,0.16766592184114334,0.4341882410243255,True,A-B|B-E|C-D|D-D|E-A|F-C
parallelepiped-ext,horizzontal-parallelepiped,180,10,True,24,632,116,116,0,2.310376548560268,13.745996113672252,23.306106557335674,13.477331436176964,2.1990733633028814,13.477313166609273,0.018166853112315806,4,1,0.0482624568208284,0.019427253829535206,0.11826954083101485,2.4995209863169077,True,True,1.1673752772179549e-14,7.793734002518813e-15,8.691042174788464e-15,True,0.12417614469095416,0.3914966099903299,True,A-C|A-E|B-F|C-B|D-A|D-D
rhombus-int,pentagon,78,10,True,0,333,58,58,0,1.8112004334464324,13.84672327755157,23.12206133528442,13.648546456678078,1.9267404373214974,13.648494737092134,0.010415172894093772,4,1,0.04812161472656472,0.01675123405804545,0.1163585745440712,2.4180106009584383,True,True,1.4474792141303933e-14,7.416298114543969e-15,1.2430532161181423e-14,True,0.1658594657538295,0.44672992321618066,True,A-B|B-D|B-E|C-A|C-E|D-C
vertical-parallelepiped,hexagon,720,10,True,124,1829,449,449,0,1.5363375812461157,13.913801307988109,23.7536364089838,13.75682487352709,1.713834361869335,13.756810471384766,0.014566590117475187,1,1,0.04809900959938947,0.026576342504520612,0.11605458564854772,2.412826929601079,True,True,5.673185509119322e-15,2.6645352591003757e-15,5.00852130612343e-15,True,0.12158795657747613,0.39300248433366436,True,A-E|B-B|C-C|D-D|E-A|F-F
3X2,pyramid,720,10,True,30,1988,524,524,0,1.6524816212185531,12.884544487458161,25.71693546343436,12.71890261657262,1.7121141604460568,12.71890261657262,0.013373101485693262,1,1,0.04800580723707374,0.019391207674022453,0.11587470396487536,2.413764305485693,True,True,8.903960971090995e-15,8.140289677804162e-15,3.607797795906347e-15,True,0.05225963340424052,0.4387982942468777,True,A-A|B-B|C-D|D-E|E-C|F-F
central-parallelepiped,base-trapezoid,168,10,True,12,749,102,102,0,1.5645195170143498,14.760021053024445,21.82937218284774,14.56498821838759,2.0201861627935194,14.564933309267943,0.014091529786748325,3,1,0.047648579237747915,0.02494443016070701,0.1153592294905693,2.421042375995547,True,True,9.607118501968132e-15,1.7763568394002505e-15,9.441466109136565e-15,True,0.2143965850787662,0.4964675099329778,True,A-A|B-E|C-C|C-D|D-B|E-B
hexagon,rhombus-int,180,10,True,28,747,102,102,0,1.6311939921566974,13.959230367268443,23.780706104981405,13.865075905595793,1.402367721096857,13.865052023181027,0.011233171887154114,2,1,0.047525608505676976,0.020664174240496505,0.1147475890861528,2.414437030773548,True,True,1.320418819941187e-14,1.3166795732977762e-14,9.930136612989092e-16,True,0.052972451291152654,0.46758964805462283,True,A-C|B-A|C-B|D-D|E-C|F-B
two-triangles,rhombus-int,180,10,True,24,808,100,100,0,1.6032924579360341,13.912013805346051,23.69011929961933,13.81857228496098,1.6172885233313816,13.818526159913247,0.012674543652597237,1,1,0.04721337546113578,0.023741208681947696,0.11446656845427038,2.424452124769067,True,True,9.787720002583036e-15,5.569628445529447e-15,8.048521716918784e-15,True,0.12280317420997572,0.45336865794965664,True,A-B|B-C|C-A|D-B|E-D|F-C
rhombus-ext,base-trapezoid,78,10,True,18,192,41,41,0,2.2562915114675337,14.99897904598361,21.570362939147735,14.929283700855422,1.65764780937769,14.929254435395128,0.011157747405876606,1,1,0.046958563340284,0.0267671693626353,0.11368772486463176,2.421022211450479,True,True,6.466036496704424e-15,5.329070518200751e-15,3.66205343881779e-15,True,0.05386257358076716,0.5202372758899162,True,A-A|A-D|B-B|C-C|D-B|D-E
parallelepiped-ext,pentagon,78,10,True,0,376,43,43,0,2.2064747554496758,13.961428879081295,23.365432623894076,13.75535503734367,2.15663716767972,13.755325053039561,0.020124010494509292,3,1,0.04686940137739031,0.02698115387313591,0.11681945973436303,2.4924461653294436,True,True,6.0402662910232525e-15,4.3737714791252564e-15,4.165926057296536e-15,True,0.08362358299111744,0.3581303928054846,True,A-C|A-E|B-A|C-E|D-B|D-D
pentagon,3X2,360,10,True,0,1726,231,231,0,1.5812535341284217,13.847416916801203,24.596665691297062,13.582492699093624,2.3481763501944393,13.582340640456042,0.0225606438869006,2,1,0.04607919611730816,0.023126162450308047,0.1114006876859631,2.4175918217487964,True,True,8.89287949701369e-15,7.377764055609925e-15,4.965068306494546e-15,True,0.07000358557813392,0.44828351572191477,True,A-D|B-F|C-B|D-E|E-A|E-C
horizzontal-parallelepiped,rhombus-ext,180,10,True,40,525,100,100,0,1.6421540319378416,14.020167900178798,23.284585156123665,13.841892502864352,1.843118058829201,13.841889887245928,0.012792704010839984,2,1,0.04597538074700487,0.022899772243859046,0.11164383718362787,2.4283395889201214,True,True,8.212649231301463e-15,7.229248575812844e-15,3.8968670012594065e-15,True,0.13199573437863452,0.5089644839199717,True,A-A|B-A|C-B|D-D|E-D|F-C
base-trapezoid,pyramid,360,10,True,21,998,260,260,0,2.1237731960382615,15.168814306993454,27.46752126244701,14.625747208825338,6.127039830819725,14.625747208825338,0.08430858032571731,5,1,0.04590362366933384,0.017820717784405547,0.11918288305665517,2.597018545756178,True,True,1.145414463413002e-14,5.691449808321057e-15,9.940061789492645e-15,True,0.2896813514507822,0.4798447096600806,True,A-B|B-D|B-F|C-C|D-A|E-E
two-triangles,central-trapezoid,360,10,True,16,1515,245,245,0,1.553848441219131,13.839804976640902,23.936947526766406,13.679130783835971,1.8120132828372237,13.679106737993347,0.012650490660046643,1,1,0.045861684465828535,0.017781094469404703,0.11064878806016333,2.4126629745274086,True,True,5.9746092726847654e-15,4.351167857633658e-15,4.0943002132167226e-15,True,0.06115929668694396,0.48074338202529493,True,A-C|B-D|C-D|D-A|E-B|F-E
pentagon,horizzontal-parallelepiped,360,10,True,0,1230,270,270,0,1.7874825151328384,13.704853528516114,24.233008495348944,13.291949007002831,2.6107191039716513,13.291670235255868,0.02208293737329292,1,1,0.045859736814393696,0.04576962665421064,0.11027234861339273,2.416623795334142,True,True,9.211004649553817e-15,4.037076858493351e-15,8.279167657000278e-15,True,0.08731941453218817,0.3503071239504709,True,A-A|B-F|C-B|D-C|E-D|E-E
horizzontal-parallelepiped,pentagon,360,10,True,0,1306,260,260,0,1.5628874148489842,13.947542614237406,23.73852763842557,13.75190366295549,2.006454413039652,13.751831409652304,0.012345125825600434,7,1,0.0455851243565374,0.03020182076018127,0.11003579240733181,2.4138530707233112,True,True,7.666972244022373e-15,2.5121479338940403e-15,7.243726675464872e-15,True,0.1510187787524955,0.3581303928054846,True,A-A|B-D|C-E|D-B|E-E|F-C
2X3,rhombus-ext,180,10,True,52,307,97,97,0,2.3111535441880893,14.028684883845248,23.071527006773643,13.827358762114532,1.7349459624251133,13.827288627420698,0.0196714874584476,2,1,0.045535433987299125,0.04050936415116711,0.11044461457193776,2.42546528935561,True,True,6.7140961156588605e-15,5.687116766346677e-15,3.5687237965754525e-15,True,0.14232149778427988,0.45673777918439046,True,A-B|B-A|C-D|D-C|E-A|F-D
horizzontal-parallelepiped,arrow,360,10,True,46,906,247,247,0,1.5139028717372172,13.860426840688788,23.697153604210126,13.63832454229075,2.0167332389172214,13.638287035849384,0.013073809743946008,3,1,0.04550069264518813,0.028902399371643378,0.10955145048303003,2.407687534282305,True,True,1.0151106134037544e-14,7.971988878370802e-15,6.2842938400131246e-15,True,0.1260039589860245,0.32651322683833955,True,A-B|B-D|C-E|D-A|E-C|F-C
pentagon,pentagon,168,10,True,22,465,104,104,0,2.042664430081322,13.949770559944135,23.52049422122321,13.578171022562668,2.8426773735913087,13.577975202957695,0.022172571369528882,1,1,0.04537286356019566,0.029842878813963268,0.10860510093011158,2.4041527849582103,True,True,0.6252102772975886,0.2440802113259889,0.5755977252192613,True,0.061770518582597606,0.4160614448474135,True,A-C|B-A|C-E|D-D|E-B|E-E
horizzontal-parallelepiped,3X2,720,10,True,148,1848,458,458,0,1.5348699251665394,13.9005903150976,23.801154041145704,13.721127739681322,1.8509009972507553,13.72109569004918,0.012945997887784166,1,1,0.04518286158544096,0.022599750811664224,0.10874842297997778,2.406851163561965,True,True,4.3737714791252564e-15,4.070144838902081e-15,1.6011864169946884e-15,True,0.10318781976809567,0.4341882410243255,True,A-F|B-B|C-A|D-E|E-D|F-C
central-trapezoid,central-parallelepiped,168,10,True,18,585,109,109,0,1.52514318793741,13.867138140113209,23.76493390709823,13.621624143008054,2.10553827185187,13.621623635127449,0.012308996502286007,1,1,0.045089940550885624,0.0249077483778146,0.10868128481836736,2.4103222024814297,True,True,8.82366665486661e-15,7.784239094625047e-15,4.154842350067684e-15,True,0.16766592184114334,0.41981971932396717,True,A-D|B-C|C-E|D-A|D-B|E-C
rhombus-int,2X3,180,10,True,64,420,77,77,0,1.7720155309742938,13.785575489564932,22.924269416479447,13.522596827719179,2.078465495754327,13.522545253140624,0.013672414515316866,7,1,0.04505745363467801,0.028971495422639784,0.10809437719700392,2.407668559791931,True,True,1.8166994281439095e-14,1.477723111162884e-14,1.0567550420762112e-14,True,0.11002267832771204,0.3892155522973273,True,A-A|B-C|B-D|C-B|C-F|D-E
rectangle-opposite,rhombus-int,34,10,True,10,38,20,20,0,2.558561364792136,13.91262521387854,22.518179389850385,13.850626608695503,2.3689230216902923,13.850589322879372,0.014379885491279332,2,1,0.04502095388056394,0.03987956297510911,0.10895074777323928,2.4200008747543347,True,True,6.1700151408829406e-15,4.4001342181722645e-15,4.325263656795305e-15,True,0.24486350500313978,0.45336865794965664,True,A-A|A-B|B-C|C-D|D-B|D-C
3X2,3X2,720,10,True,268,489,414,414,0,1.9372344529223415,14.115448206764153,23.738982495146352,13.941584886414747,1.4185834943531497,13.941569171418818,0.012053256356518105,1,1,0.044857166261539475,0.010156824254022008,0.10883015511895133,2.4261486890281407,True,True,6.568167990716596e-15,4.910148818092704e-15,4.362484308104375e-15,True,0.1996871374912286,0.4361681820504353,True,A-E|B-F|C-B|D-A|E-D|F-C
rectangle-opposite,rhombus-ext,34,10,True,10,38,20,20,0,2.586548537628917,13.985432559793074,22.605170499371035,13.678741580565251,2.4413795338652973,13.678738925128856,0.01137772539924331,2,1,0.044802972474871486,0.03990282164283372,0.10840960323459292,2.419696668460922,True,True,9.272854936269104e-15,9.057678187205881e-15,1.9860273225978185e-15,True,0.40853405799163706,0.36990647383846204,True,A-A|A-B|B-C|C-D|D-A|D-D
two-triangles,central-parallelepiped,360,10,True,36,1715,198,198,0,1.5262353715240549,13.767275690508715,23.81910492207496,13.570066723764919,1.9528476729092625,13.570035477464636,0.01328024696108443,1,1,0.04450983640146523,0.023312138265982343,0.10682779723515859,2.4000941336113715,True,True,0.10241687137242746,0.049022355809538724,0.08992232299378912,True,0.05660086350271414,0.4431883781158899,True,A-B|B-E|C-A|D-C|E-C|F-D
3X2,vertical-parallelepiped,720,10,True,136,1507,462,462,0,1.6325077303126303,13.873933670332502,23.981084871536694,13.655125595665607,1.903863151108653,13.655105107312135,0.013536653220269201,5,1,0.04442364491195302,0.017870889190187814,0.10674907660448928,2.402978792399055,True,True,6.793258640404412e-15,5.617333549722722e-15,3.820199830714189e-15,True,0.05398926064880753,0.4355693119706838,True,A-D|B-C|C-E|D-A|E-F|F-B
hexagon,pentagon,360,10,True,0,1667,249,249,0,1.5587545949264325,13.975070723930244,24.225631351523145,13.839491445430856,1.7547155264734784,13.839456909955196,0.010969565817225302,10,1,0.04418858267433186,0.017498330385224133,0.09785856155101831,2.411353871300066,True,True,1.2886719772722113e-14,1.2497778171889607e-14,3.1421469200065623e-15,True,0.09779631036107492,0.35591057617214006,True,A-E|B-A|C-D|D-E|E-C|F-B
rectangle-opposite,base-trapezoid,78,10,True,0,245,60,60,0,2.365653619130427,14.836937521671901,21.32351611508364,14.500627438438602,2.4029856407247423,14.500592407924936,0.01796506637456652,1,1,0.044164765731956934,0.06494324511975423,0.10637982611432976,2.4087035072248777,True,True,1.1217099196438953e-14,1.0841599276764049e-14,2.8780270159990897e-15,True,0.07556782805543794,0.507168727450094,True,A-B|A-D|B-A|C-B|D-C|D-E
rectangle-opposite,2X3,180,10,True,72,148,94,94,0,2.587185777851382,13.785007260228067,22.303847452878692,13.49009390139932,2.6029860465761803,13.490051147861145,0.017877713234059733,3,1,0.04408063870362211,0.07099457603939921,0.10454655909672482,2.371711530761786,True,True,9.383847747341995e-15,8.926082647349967e-15,2.8951074449790722e-15,True,0.05199775411844587,0.3926817942954417,True,A-C|A-D|B-E|C-F|D-A|D-B
rhombus-ext,arrow,78,10,True,6,320,45,45,0,1.6987156957741543,13.938710757459525,23.782555365427413,13.811574466245492,1.5108306609628444,13.811545155226721,0.013427068251439245,1,1,0.04407448852589724,0.020063330302163448,0.10673297838178467,2.4216498466923926,True,True,9.049509529430658e-15,7.105427357601002e-15,5.60415245948141e-15,True,0.1032572795041736,0.45323801017551585,True,A-A|A-C|B-D|C-E|D-B|D-C
central-parallelepiped,rhombus-ext,78,10,True,22,75,48,48,0,1.5067718083865203,14.193662974303315,23.1317590371736,14.108522739743147,1.7873175832635744,14.108506438446545,0.009826215343410993,4,1,0.04395716819648071,0.013695185138119206,0.10696633124009462,2.43342179737271,True,True,5.347542221830668e-15,1.9860273225978185e-15,4.965068306494546e-15,True,0.5216818966423149,0.4944694914980932,True,A-A|B-C|C-A|C-B|D-D|E-D
pentagon,cross,168,10,True,1,812,116,116,0,1.770834764304127,14.355215068253983,23.105374623292114,14.08162793010466,2.312405734280081,14.081497680401228,0.020591243246891544,1,1,0.04390171967172726,0.01885921114118778,0.10622958405289473,2.41971350660568,True,True,8.51910812704787e-15,4.351167857633658e-15,7.32410687763558e-15,True,0.0654221785506943,0.4312665152281575,True,A-C|B-D|C-B|D-E|E-A|E-D
central-trapezoid,two-triangles,360,10,True,16,1524,243,243,0,1.535126554527203,13.834626263037599,24.100700936257486,13.673829630855057,1.6746112936154902,13.67382753842199,0.010835171219280681,1,1,0.043800966559713585,0.01770384117126567,0.10570002720617279,2.413189377044285,True,True,7.588599744428075e-15,6.646518689688359e-15,3.66205343881779e-15,True,0.06725787130427473,0.443009111449057,True,A-E|B-B|C-F|D-A|D-D|E-C
hexagon,3X2,720,10,True,96,2235,492,492,0,1.5833391277114996,13.953276480104632,24.02945156870486,13.859707964798151,1.542806963771332,13.859707083047251,0.011596163375511281,1,1,0.04359210891764173,0.018589170321302535,0.10555690123992026,2.421468101929828,True,True,1.0441409976237532e-14,4.213000162292041e-15,9.553725552076524e-15,True,0.056456766395305155,0.4836808458573047,True,A-E|B-C|C-A|D-F|E-B|F-D
2X3,base-trapezoid,360,10,True,100,586,210,210,0,1.9821323302652043,14.868170360971657,21.299374198143372,14.728506033870735,2.0084044693977168,14.728460750737412,0.019163912731604782,1,1,0.04314731978780528,0.038683421099747484,0.10379756543304043,2.4056549964982232,True,True,9.952464016755235e-15,4.274358644806853e-15,8.987847249501554e-15,True,0.14791625621687243,0.44904494826803076,True,A-B|B-D|C-B|D-A|E-C|F-E
vertical-parallelepiped,rhombus-ext,180,10,True,44,490,100,100,0,1.6276897314476624,14.039168275235362,23.246495978281533,13.91906477577664,1.5682541866527169,13.919034357869212,0.014070137596823074,2,1,0.043147000020165575,0.02130444726200238,0.10422404440725336,2.415557150173645,True,True,1.0372270119767732e-14,9.729507111180988e-15,3.594534575004821e-15,True,0.07550025565018365,0.503420624847555,True,A-A|B-D|C-A|D-B|E-C|F-D
rhombus-int,two-triangles,180,10,True,24,853,102,102,0,1.594142582744171,13.882207415598486,23.753621991631505,13.718641064611202,1.6403188893484668,13.718620597226652,0.013919141933369517,3,1,0.04308873168738876,0.01889422993659121,0.10395570520487518,2.415170212666092,True,True,1.841408307890564e-14,1.512475146686474e-14,1.0503349403995464e-14,True,0.08661362488053023,0.48728827906722066,True,A-D|B-A|B-E|C-C|C-F|D-B
vertical-parallelepiped,3X2,720,10,True,136,1534,474,474,0,1.510314435965115,13.918978195080548,23.96288259049263,13.70800456997421,1.8952182098659587,13.707987709545328,0.013487882416150399,1,1,0.04295984523251066,0.019672369729863762,0.10364171113937537,2.412525244875477,True,True,9.607118501968132e-15,9.057678187205881e-15,3.2023728339893768e-15,True,0.12008825600660163,0.3846245126357791,True,A-F|B-A|C-B|D-C|E-D|F-E
rectangle-same,central-parallelepiped,78,10,True,26,165,35,35,0,1.904392637587563,15.329610426295421,25.12986885311832,13.278983786477333,5.82645375531473,13.276854260015538,0.08018021357711547,1,1,0.04291476384721588,0.051887183263067696,0.11133484448088878,2.594324994476503,True,True,1.1690601003778219e-14,9.729507111180988e-15,6.481268641478987e-15,True,0.2011456302235052,0.4652866157331114,True,A-A|A-B|B-C|C-D|C-E|D-C
rectangle-same,rhombus-ext,34,10,True,14,56,14,14,0,2.256307034535968,15.394243734861494,25.06222355837946,13.761354416799538,6.239878175746004,13.761354416799538,0.10742350786878951,2,1,0.04287879967690554,0.05124107651957014,0.11058175893263748,2.5789378379497094,True,True,9.699054745056637e-15,8.140289677804162e-15,5.273267194922012e-15,True,0.20422836922613147,0.39028483721018153,True,A-B|A-C|B-A|C-A|C-D|D-D
triangle,vertical-parallelepiped,90,10,True,18,288,46,46,0,1.5754198733625078,14.000949079565562,23.6931292091662,13.890303207255775,1.435913708310146,13.890286939759424,0.012996897368538818,7,1,0.0428265920456799,0.007645139201577822,0.10383658397571556,2.424581994872739,True,True,4.550560269027492e-15,3.972054645195637e-15,2.220446049250313e-15,True,0.09271964487101808,0.4844774206952201,True,A-D|A-E|B-A|B-C|C-B|C-F
two-triangles,3X2,720,10,True,56,2895,478,478,0,1.5326904385320372,13.838155812503997,24.006046639663488,13.722348895765805,1.444067282902205,13.722348664727063,0.012811426290701533,7,1,0.042742243807344954,0.019503315401684183,0.10325084403426825,2.415662698936861,True,True,8.62265274246159e-15,6.4047456679787536e-15,5.773159728050814e-15,True,0.05118028238256919,0.507168727450094,True,A-C|B-E|C-B|D-A|E-D|F-F
rhombus-int,horizzontal-parallelepiped,180,10,True,44,441,102,102,0,1.5980778087966157,13.879779715212468,23.434482969314328,13.759135540203696,1.5542584123144902,13.759129332728618,0.012694664880736894,6,1,0.042428093996401864,0.01989081693128089,0.10266602582913455,2.4197652111792056,True,True,7.133128933837889e-15,6.466036496704424e-15,3.011959563148489e-15,True,0.17577866820037333,0.5320633063655716,True,A-B|B-A|B-F|C-C|C-E|D-D
central-parallelepiped,pyramid,360,10,True,10,1417,210,210,0,1.6478754748308708,12.865011328265497,25.465439382726537,12.680970683474046,1.87145361273796,12.680965165208859,0.01362378966713429,2,1,0.04223703587146702,0.02385676528124032,0.10203958167919852,2.4158793242432703,True,True,8.622574567153322e-15,4.287877122084161e-15,7.48083564530237e-15,True,0.16925383776255923,0.45336865794965664,True,A-A|B-B|C-C|C-D|D-E|E-F
rectangle-same,rhombus-int,34,10,True,8,76,18,18,0,2.486196603270282,15.254966123359242,26.032499031462525,13.665694396600932,6.399102201452642,13.665397860995935,0.09254959914759198,2,1,0.04221572597580644,0.027190805395456978,0.11011018381563778,2.608274079634239,True,True,8.106445771078866e-15,6.4540069282734405e-15,4.905125646631375e-15,True,0.7637502323695639,0.45336865794965664,True,A-A|A-B|B-C|C-B|C-D|D-C
triangle,2X3,90,10,True,30,125,48,48,0,1.8069602543924994,13.981087045810844,23.601977577727588,13.906648650988696,1.2817553528674672,13.906623347585118,0.013306130041788933,2,1,0.042197781766710754,0.014501214385939525,0.10202209178197312,2.417712199802335,True,True,5.425345383112397e-15,1.9860273225978185e-15,5.04876895886056e-15,True,0.18632900272679512,0.48333701435588255,True,A-C|A-E|B-B|B-D|C-A|C-F
2X3,rhombus-int,180,10,True,64,435,77,77,0,1.8531438841306023,13.905523976022018,22.906550951466613,13.639344204657062,2.097286281604021,13.639343870119529,0.016745642206638323,1,1,0.042156098763452186,0.033310072046423236,0.1020290786871536,2.4202685181962122,True,True,1.633660266045222e-14,1.500896706129956e-14,6.451007226652237e-15,True,0.152567359694524,0.45336865794965664,True,A-B|B-C|C-B|D-A|E-D|F-C
central-trapezoid,vertical-parallelepiped,360,10,True,36,1429,227,227,0,1.5134837452465342,13.82226013386334,23.98277887535783,13.567847611156832,1.9608199759202296,13.56774500820349,0.011571720690055187,3,1,0.04210568774399545,0.019998010667341984,0.10128011341419356,2.405378437943619,True,True,5.634860374059478e-15,4.351167857633658e-15,3.580361673049448e-15,True,0.2541559505323323,0.4652866157331114,True,A-C|B-D|C-F|D-A|D-B|E-E
hexagon,rhombus-ext,180,10,True,40,610,99,99,0,1.5094487113204198,14.032866875582164,23.778291606730487,13.898947785569238,1.5681190418517066,13.898927457958084,0.010727647085376546,3,1,0.04198348395768737,0.018026035965973693,0.10107275167674004,2.417087438625384,True,True,1.1563387195582508e-14,9.272854936269104e-15,6.90840681820861e-15,True,0.05431799011643127,0.4395566479806858,True,A-A|B-B|C-D|D-A|E-D|F-C
base-trapezoid,2X3,360,10,True,100,603,203,203,0,1.598148720592142,15.219321412139866,26.22497368627906,13.220653065304731,6.192454246674266,13.218516660836823,0.09485996750401249,2,1,0.04184993783185583,0.03787271472900759,0.10811513782497476,2.583400201437776,True,True,7.133128933837889e-15,5.329070518200751e-15,4.741575244451873e-15,True,0.11416721002847433,0.41115190529900336,True,A-D|B-A|B-C|C-E|D-B|E-F
two-triangles,pyramid,720,10,True,2,2870,527,527,0,1.644313062659246,12.876117246893363,25.75696201126461,12.734372017768841,1.6659853133491374,12.734370509614163,0.012912842295987659,4,1,0.04179924665576896,0.024018482702534715,0.10125088533236727,2.422313640391723,True,True,8.939659835698367e-15,5.723497793111739e-15,6.86724770124419e-15,True,0.12308281863267813,0.3914966099903299,True,A-C|B-B|C-E|D-F|E-A|F-D
base-trapezoid,vertical-parallelepiped,360,10,True,52,1197,226,226,0,1.938476034318893,15.297592466145076,26.26136017452547,13.318540620438744,6.287115639614322,13.316525895203032,0.09656838688876412,4,1,0.04179158838300099,0.027933000832659472,0.10758648894426066,2.5743574988889915,True,True,6.705600017716362e-15,6.646518689688359e-15,8.881784197001252e-16,True,0.07176213543832696,0.4499078879065762,True,A-C|B-A|B-D|C-F|D-E|E-B
pentagon,vertical-parallelepiped,360,10,True,0,1617,261,261,0,1.5870829170386245,13.588245579279514,24.25176220964795,13.194464058695718,2.5135150371006905,13.194425060353218,0.022457672909073523,2,1,0.04175668779572987,0.03979308468610016,0.10098568705341163,2.4184314509672062,True,True,7.444291678311382e-15,6.466036496704424e-15,3.688882027804963e-15,True,0.14749262368084873,0.3886873512957292,True,A-A|B-D|C-F|D-E|E-B|E-C
central-parallelepiped,rectangle-same,78,10,True,26,165,35,35,0,1.7269379649206205,14.63216376008581,20.618312639090504,14.093590362696144,3.0394006695664983,14.093544391146937,0.015513778225061614,3,1,0.041739264293237134,0.03778029951647676,0.09988767791863938,2.3931346086237517,True,True,1.148638265069618e-14,9.101120538054984e-15,7.007609531788139e-15,True,0.27450722661785504,0.3926817942954417,True,A-C|B-D|C-A|C-B|D-C|E-A
rectangle-same,horizzontal-parallelepiped,180,10,True,26,539,109,109,0,1.806055403358423,15.271157749979256,25.659897368663042,13.211171992414943,6.140227051700805,13.208574160460445,0.08535213106596196,3,1,0.04166622472286932,0.04565310816932786,0.10750386229586671,2.5802173937677666,True,True,5.116670918871208e-15,2.5219419200973697e-15,4.4519804855454974e-15,True,0.12417614469095416,0.3926817942954417,True,A-B|A-E|B-F|C-C|C-D|D-A
triangle,pentagon,36,10,True,0,171,25,25,0,1.5721705203334937,14.094552003523807,23.619036791419802,14.022924503900112,1.2408653464056685,14.022921036513932,0.012994058541176301,1,1,0.041337818316718906,0.0038087470225579463,0.10087772191963337,2.4403252524537273,True,True,4.803559250984066e-15,4.351167857633658e-15,2.0350724194510405e-15,True,0.6731468285184201,0.4673250444321651,True,A-D|A-E|B-A|B-E|C-B|C-C
triangle,central-parallelepiped,36,10,True,4,193,19,19,0,1.814205330218984,13.884617478181644,23.684494440930944,13.838990649011047,1.2505230192617558,13.838959074845485,0.012754251312065534,3,1,0.04120840282331416,0.005780059878357412,0.09983797780524498,2.4227577621319605,True,True,5.908222664730043e-15,5.329070518200751e-15,2.5510982866352577e-15,True,0.06499494250692572,0.4844774206952201,True,A-C|A-E|B-A|B-B|C-C|C-D
horizzontal-parallelepiped,rhombus-int,180,10,True,44,529,105,105,0,1.542270847460782,13.89521196944641,23.42249198768867,13.785894206112154,1.6313103568105614,13.78582643596869,0.012325940651413347,2,1,0.04115357730634605,0.021578719203708928,0.09897120143547368,2.4173142360156232,True,True,4.5288390936029406e-15,3.972054645195637e-15,2.175583928816829e-15,True,0.08608834522975141,0.4375415187649024,True,A-B|B-D|C-B|D-C|E-C|F-A
vertical-parallelepiped,two-triangles,720,10,True,64,2908,432,432,0,1.5429591534385556,13.771908601051468,24.09674106594662,13.586112492701975,1.8592756342129373,13.586085280696278,0.01302235230590032,5,1,0.04111628028035861,0.029581082951888066,0.0992887950225863,2.4148292196076135,True,True,1.0731900677991188e-14,7.32410687763558e-15,7.844179409424477e-15,True,0.06389320095320437,0.4652866157331114,True,A-C|B-F|C-A|D-E|E-B|F-D
central-parallelepiped,3X2,360,10,True,88,663,204,204,0,1.574926016349497,13.991906452820892,23.737348717382368,13.757966049501215,2.09722583604961,13.757948777178656,0.013658355205041772,2,1,0.04104719770120406,0.016516520644452103,0.09915252014730609,2.4155734301052565,True,True,1.1137700720795299e-14,3.9968028886505635e-15,1.0395861869767154e-14,True,0.22396553977378938,0.42827695480702754,True,A-D|B-F|C-A|C-C|D-E|E-B
3X2,2X3,720,10,True,228,648,434,434,0,1.7502800520007862,13.766983709984085,23.87860335185378,13.572720221684612,1.599772868282863,13.572713392122495,0.014422695012610731,8,1,0.041012388613880534,0.025495158050327513,0.09854525477961264,2.402816761232489,True,True,9.447339088588439e-15,7.444291678311382e-15,5.8167634697480146e-15,True,0.05160004824584425,0.34708706065927497,True,A-C|B-E|C-A|D-D|E-B|F-F
base-trapezoid,two-triangles,360,10,True,12,1185,260,260,0,1.8203736640334176,15.369646549215192,26.718242132204395,13.447222577839003,6.433905238684943,13.447222577839003,0.10736121906356466,3,1,0.04089015564960254,0.02743852193932317,0.10618750304768097,2.5968965233986125,True,True,8.530675149520015e-15,7.53644380168212e-15,3.9968028886505635e-15,True,0.23904449376922268,0.43871064769360363,True,A-C|B-A|B-D|C-E|D-B|E-F
rhombus-ext,triangle,15,10,True,1,51,10,10,0,9.197986638718143,14.133006026579425,23.43888709891022,14.106122590122505,1.0773476995753446,14.106087546249734,0.01134659731526888,1,1,0.0408363847824005,0.008527042602050972,0.09896535210056913,2.4234601722927445,True,True,1.0407711710465475e-14,8.484312441289354e-15,6.028010073543578e-15,True,0.07252816243454502,0.4758850463581296,True,A-A|A-C|B-B|C-B|D-A|D-C
central-parallelepiped,central-trapezoid,168,10,True,18,519,109,109,0,1.5525034118621,13.933287745463089,23.7065350714667,13.673095051950476,2.097448024206316,13.673091775109333,0.011911090877555708,1,1,0.04060663073395867,0.02491391435112618,0.09787287526943887,2.4102683108743954,True,True,3.941151002410555e-14,2.9134418374455476e-14,2.6541529503070533e-14,True,0.16766592184114334,0.49573600680125657,True,A-B|B-E|C-A|C-C|D-D|E-D
rhombus-ext,pyramid,180,10,True,16,466,123,123,0,1.8854420179950342,12.96084570530137,25.737129838996534,12.785735620492378,1.7345928002632172,12.785735620492378,0.013252132837361152,2,1,0.040341395595453085,0.019430577304487145,0.09769501510678476,2.421706380376093,True,True,5.2863989506124624e-15,3.352800008858181e-15,4.08714398640874e-15,True,0.2234242738207864,0.4475031594694418,True,A-A|A-C|B-D|C-E|D-B|D-F
base-trapezoid,horizzontal-parallelepiped,360,10,True,40,1201,226,226,0,1.8763858625851266,15.37392035078607,26.617937366355246,13.446372374792535,6.380026337846877,13.444416529787576,0.09457361009726206,10,1,0.04023841191688964,0.028367381373743082,0.10415157713197072,2.5883620195322425,True,True,9.627624648035926e-15,4.782987168225453e-15,8.355488621981334e-15,True,0.10193973891104174,0.4652866157331114,True,A-B|B-C|B-E|C-D|D-A|E-F
central-trapezoid,3X2,360,10,True,20,1393,269,269,0,1.5251328193565132,13.923734933357805,23.806998914211068,13.790468947643209,1.6085657062521286,13.790453206790936,0.01333884117106443,1,1,0.04016931808781008,0.012592610473282778,0.09734292207715811,2.423315274219159,True,True,1.7207404823680614e-14,8.810723208364066e-15,1.4780593266564833e-14,True,0.11788891875680212,0.4766607863708305,True,A-D|B-E|C-F|D-A|D-C|E-B
hexagon,hexagon,720,10,True,240,1450,354,354,0,1.586799847076315,14.034469052358874,23.691766151423394,13.924763185616026,1.5484669916689686,13.924755857561493,0.011949100395012735,2,1,0.04003490635308026,0.020110306145177913,0.09657105678273645,2.41217141688921,True,True,1.1422660795480942e-14,1.0851012468902817e-14,3.568292035180542e-15,True,0.11169564899195751,0.4475671044710627,True,A-F|B-C|C-E|D-A|E-D|F-B
wave,two-triangles,360,10,True,32,1024,248,248,0,1.5496871073754594,13.94647151930533,23.68474006275945,13.869606166593682,1.341485282093484,13.86957986846391,0.010422908754320837,6,1,0.03987220768552007,0.006340828479004942,0.09641613400107782,2.418128806950716,True,True,4.664258210240747e-15,1.7763568394002505e-15,4.312755619196869e-15,True,0.054991727625357804,0.5141693843650431,True,A-A|B-C|C-D|C-E|D-B|E-F
trapezoid-ext,2X3,180,10,True,48,208,116,116,0,1.7603274157263726,13.889801157695432,25.015878771860937,12.828532185586955,4.776615279797003,12.827424565995809,0.07744020949533414,4,1,0.03952741293468973,0.00787687635922981,0.09682893502974217,2.449665380067511,True,True,1.2374557903886485,0.5946284869260609,1.08522522809895,True,0.09652774999539024,0.46513388365735514,True,A-A|A-D|B-C|C-E|D-B|D-F
rectangle-same,two-triangles,180,10,True,6,947,104,104,0,1.7571442487617301,15.202065397061036,26.445930295938933,13.343784784611662,6.047023720817569,13.341749107456678,0.09226679104011737,5,1,0.039246066353205614,0.056198715146709675,0.10106295775943477,2.575110505340619,True,True,1.3552944121666965e-14,7.37861240375779e-15,1.1368305650365794e-14,True,0.19868794537520335,0.3926817942954417,True,A-C|A-D|B-E|C-B|C-F|D-A
rhombus-ext,trapezoid-ext,34,10,True,6,91,21,21,0,9.163419612560086,14.717106806671357,22.601313905553003,14.681000383457224,1.0437553071415608,14.680965579123228,0.009968961208778992,1,1,0.03921642808510347,0.006800099882851231,0.09514699033079371,2.426202358978627,True,True,1.5596954242656786e-14,1.0245379651382904e-14,1.1759982034278736e-14,True,0.1394761916589179,0.5104643952920104,True,A-B|A-D|B-A|C-A|D-C|D-D
two-triangles,triangle,90,10,True,8,314,62,62,0,1.5797002302263783,14.067347804245511,23.728005786016038,13.965748188778328,1.3031327316289962,13.96572093221314,0.013944989487856496,1,1,0.03914964634442195,0.009208801747351631,0.09489504525923922,2.4239055552224644,True,True,1.1546319456101628e-14,1.1374233532693354e-14,1.9860273225978185e-15,True,0.11424688218824429,0.49334734188897683,True,A-B|B-A|C-C|D-C|E-B|F-A
rhombus-int,3X2,180,10,True,72,199,87,87,0,1.5057105526371428,14.215103844451358,23.74425033506897,14.170362031813896,1.271292124046212,14.170359541745091,0.012939076068517963,1,1,0.03911433485996251,0.010305950480068866,0.09517520313154916,2.4332563361308908,True,True,1.1269720748118957e-14,9.057678187205881e-15,6.705600017716362e-15,True,0.1291823955440677,0.4993505740910072,True,A-A|B-B|B-E|C-C|C-F|D-D
cross,rectangle-same,78,10,True,10,110,56,56,0,2.813804880176761,15.099761868735769,22.687779930126368,14.240904986832444,4.53896398425829,14.240615587753652,0.076853465268659,6,1,0.039073161780124405,0.019928881207114182,0.09588569668741345,2.4540040354806467,True,True,1.0061463156659431e-14,6.469847894911436e-15,7.705459692291254e-15,True,0.213347066796022,0.32747907437451723,True,A-A|B-B|C-C|D-A|D-C|E-D
central-trapezoid,2X3,360,10,True,44,1186,227,227,0,1.555991477704206,13.639572656489257,23.560565950765042,13.432138945539695,2.069527298093198,13.432124386528656,0.013047896110549573,2,1,0.038983886123758346,0.022980363778766808,0.09309832701929964,2.3881233062232288,True,True,1.0305507306934954e-14,8.218650437240237e-15,6.217496750601531e-15,True,0.09263234916179225,0.41115190529900336,True,A-D|B-E|C-A|D-B|D-F|E-C
triangle,rectangle-same,15,10,True,3,46,8,8,0,2.7278443582512737,15.012634196080842,20.632722278613265,14.981801445154298,1.6276693860886775,14.981776945430017,0.012231451204564259,2,1,0.03890684836560316,0.009601481423241673,0.0939072853223335,2.4136441080988518,True,True,1.0886980803209723e-14,9.565974336450906e-15,5.197930934883577e-15,True,0.09271964487101808,0.483970554010485,True,A-C|A-D|B-A|B-B|C-A|C-C
2X3,triangle,90,10,True,30,127,46,46,0,1.814868554354538,14.149759071777085,23.309922403462878,14.017459280220429,1.4225886502839742,14.017377167061156,0.020967768957811828,1,1,0.03888181630040603,0.014566527753615222,0.09365973088913142,2.418515616431874,True,True,7.337557957613285e-15,6.936895214610187e-15,2.3914935841127266e-15,True,0.12184551932853434,0.47087587555643834,True,A-C|B-B|C-A|D-B|E-A|F-C
triangle,arrow,36,10,True,0,110,24,24,0,1.6197889311178848,14.14391450329544,23.74030228592045,14.023211467566297,1.3756308127394963,14.023210824358069,0.014601980840391882,1,1,0.038804733666038066,0.00927136860013759,0.09425628378119358,2.4289893236321,True,True,1.2980213277594252e-14,8.870023659276767e-15,9.4767408435445e-15,True,0.238359797770778,0.4844774206952201,True,A-C|A-E|B-A|B-C|C-B|C-D
2X3,3X2,720,10,True,228,631,451,451,0,1.773665193952169,13.775328546840932,23.815253610247858,13.571360220199498,1.5954541549017118,13.57133880139667,0.01801214385466743,2,1,0.03880128376860993,0.028479863360752384,0.09310478386513624,2.3995284388105116,True,True,2.870135885767504e-14,2.6467120807451997e-14,1.1102230246251565e-14,True,0.07288968176583842,0.42827695480702754,True,A-C|B-E|C-A|D-D|E-F|F-B
horizzontal-parallelepiped,pyramid,720,10,True,20,2002,562,562,0,1.5861110166331434,12.850221320910634,25.49524214035913,12.626892585523887,1.8558387921044124,12.626890112585144,0.013144897375820364,1,1,0.038665157737810124,0.03152864419583387,0.09322892145829531,2.411186890545853,True,True,1.3362515369646143e-14,1.1030947132061738e-14,7.541553047860125e-15,True,0.18204014879660296,0.45336865794965664,True,A-A|B-B|C-E|D-F|E-D|F-C
rectangle-opposite,trapezoid-ext,34,10,True,4,105,22,22,0,2.475824181065408,14.457567140569232,22.03626143407179,14.274572612560224,1.4635308652523915,14.274542190377435,0.018699090509370464,1,1,0.03861520414617882,0.012979183019136462,0.09296238473931616,2.4074036845022166,True,True,9.39959687352353e-15,2.5121479338940403e-15,9.057678187205881e-15,True,0.05233636082856346,0.43963889103736126,True,A-A|A-D|B-B|C-C|D-A|D-D
rectangle-opposite,3X2,180,10,True,76,111,93,93,0,1.7822974470518667,13.759606819401437,23.123187808405,13.58680947212616,2.1691711476815425,13.58676755147663,0.01599695528334344,2,1,0.03857607630655951,0.0313230176877648,0.09248469302470484,2.397462414003434,True,True,8.89287949701369e-15,8.140289677804162e-15,3.580361673049448e-15,True,0.22887341196288286,0.3846245126357791,True,A-E|A-F|B-B|C-A|D-C|D-D
pyramid,3X2,720,10,True,30,2035,560,560,0,1.692075992528692,16.84498413154501,22.967464923854415,15.289605787867654,6.7030931871763215,15.288952323440135,0.10360013797536816,2,1,0.038385931526053484,0.01752814807835226,0.09781187340413186,2.5481177482366038,True,True,1.1682163181672949e-14,7.32410687763558e-15,9.101120538054984e-15,True,0.052715937053042054,0.3832241553251438,True,A-F|B-D|C-A|D-C|E-E|F-B
hexagon,central-parallelepiped,360,10,True,68,1418,212,212,0,1.5927975953932991,13.807480026442647,23.771016741308188,13.645626208920012,1.710969846534525,13.645618658495637,0.0126299320474903,1,1,0.0382970461206952,0.019670370186166013,0.09252025482704308,2.415858772383137,True,True,1.0068351792066615e-14,3.9224825225513435e-15,9.272854936269104e-15,True,0.051927234131438064,0.5143179217989187,True,A-C|B-C|C-B|D-A|E-D|F-E
hexagon,vertical-parallelepiped,720,10,True,124,1874,455,455,0,1.587916975652831,13.791694545411204,23.799739507659577,13.58252806990955,1.8138968698497013,13.582487810830678,0.013222025940224924,4,1,0.03821453790183246,0.025804283066697603,0.092445272342284,2.419112657590217,True,True,8.09169049910734e-15,6.217248937900877e-15,5.17892563931115e-15,True,0.13780084533295597,0.36945378526400835,True,A-D|B-A|C-F|D-E|E-C|F-B
rhombus-int,base-trapezoid,78,10,True,12,431,30,30,0,1.7510938473028907,14.819299049060769,21.887789353178253,14.561075768616549,1.904093173877665,14.561020966021232,0.014599668376957808,6,1,0.03814647586712752,0.013181901211461412,0.09216246874904138,2.416015284611436,True,True,5.4025784115714076e-15,4.351167857633658e-15,3.2023728339893768e-15,True,0.05386257358076716,0.5202372758899162,True,A-D|B-A|B-B|C-B|C-C|D-E
horizzontal-parallelepiped,cross,360,10,True,28,1175,249,249,0,1.681257658022417,14.466763842246428,22.885475503812938,14.33821664668866,1.5331161627577363,14.338177877882341,0.013225046600075174,3,1,0.03789964220451142,0.016974636387263948,0.09102420105092815,2.4146561567569096,True,True,1.2210434516706244e-14,1.020439314654103e-14,6.705600017716362e-15,True,0.12481706842300791,0.4375415187649024,True,A-C|B-B|C-D|D-E|E-D|F-A
trapezoid-ext,vertical-parallelepiped,180,10,True,24,684,109,109,0,1.7331688789727935,13.897568221819325,25.073921663904315,12.898834354934982,4.8027555757545555,12.89819650217868,0.07754346447990912,10,1,0.03789653218383106,0.0061391562354812124,0.09290467207035173,2.451534921973427,True,True,7.215595591812694e-15,4.782987168225453e-15,5.4025784115714076e-15,True,0.07719237493572524,0.46513388365735514,True,A-A|A-C|B-B|C-F|D-D|D-E
rhombus-ext,central-parallelepiped,78,10,True,22,73,48,48,0,1.6845326017487536,14.069469752521568,23.193466166886957,13.994167357348857,1.7805093645751682,13.994143792093567,0.013782590844524378,1,1,0.03777303685718666,0.013695185138119223,0.09191840363363295,2.4334395982287735,True,True,6.620504818089212e-15,1.7763568394002505e-15,6.377745716588144e-15,True,0.46732105530054263,0.5604410305501056,True,A-B|A-C|B-A|C-C|D-D|D-E
3X2,pentagon,360,10,True,0,1724,276,276,0,1.5490492118476828,13.990102155038073,24.069827652128424,13.864654871202498,1.650186209447742,13.86460995024777,0.012566750502184476,14,1,0.03752643786087334,0.009942710670609612,0.08668896446404975,2.4263632331057763,True,True,6.943999051816924e-15,4.351167857633658e-15,5.411696693859521e-15,True,0.2526186922671476,0.403356028754083,True,A-E|B-D|C-B|D-E|E-C|F-A
two-triangles,cross,360,10,True,4,1657,247,247,0,1.5834233063512062,14.475670241912075,23.022177229594895,14.365940400959367,1.468386872360059,14.365896958095902,0.012931675149124189,6,1,0.03739257366600129,0.01255624663575109,0.09044470171757517,2.4187878193527728,True,True,8.426000324584083e-15,5.329070518200751e-15,6.526751786450488e-15,True,0.09570986267161359,0.47268283262199534,True,A-A|B-D|C-C|D-E|E-B|F-D
vertical-parallelepiped,triangle,90,10,True,18,283,46,46,0,1.6068020021153018,14.138630771745335,23.42664504293755,13.99917197617388,1.358013605627177,13.99916582014542,0.01608183064849733,2,1,0.0373856141454505,0.01142033824814803,0.09030857219055533,2.4155968613811063,True,True,9.537584764147468e-15,9.325873406851315e-15,1.9984014443252818e-15,True,0.12184551932853434,0.46477305989471923,True,A-C|B-B|C-B|D-C|E-A|F-A
parallelepiped-int,horizzontal-parallelepiped,180,10,True,28,609,116,116,0,1.8994152393023604,13.759182043198656,23.266814063318726,13.5065662833301,1.9485916501735374,13.506561164202978,0.01676779443693377,5,1,0.03731692757362498,0.015117502517649466,0.09048809418672077,2.424853814885777,True,True,3.233018248352212e-15,2.5121479338940403e-15,2.0350724194510405e-15,True,0.36263331958325923,0.49625046035832693,True,A-B|B-A|B-C|C-E|C-F|D-D
parallelepiped-ext,hexagon,180,10,True,24,482,116,116,0,1.7866419383722998,13.923174221782757,23.501554715566414,13.76436263248123,2.058852486486011,13.76432694139028,0.01953738203530264,5,1,0.037284393914824035,0.012458827918528951,0.0908340368869522,2.501446517225788,True,True,3.9968028886505635e-15,1.9860273225978185e-15,3.4684476073050936e-15,True,0.14295275831509116,0.39300248433366436,True,A-C|A-E|B-B|C-A|D-D|D-F
rhombus-ext,hexagon,180,10,True,40,551,101,101,0,1.5229206734552463,14.002205255527251,23.81262000986328,13.80294045944987,1.593618910453106,13.802925345233716,0.010670632134257119,8,1,0.03700658781555462,0.014361697778348505,0.0895005262183628,2.4185025289130797,True,True,1.0480881692492569e-14,3.972054645195637e-15,9.699054745056637e-15,True,0.07116829190167072,0.39527610412442066,True,A-B|A-C|B-E|C-F|D-A|D-D
wave,vertical-parallelepiped,360,10,True,36,1134,250,250,0,1.523085195712907,13.797816144696316,23.602020613578624,13.720280550157167,1.4821615695275838,13.720246266306438,0.010486552134599592,1,1,0.03685666610654334,0.012111868431296264,0.0889375906296629,2.4130666179237896,True,True,2.02779127832835e-14,1.3673332971056464e-14,1.497443529182562e-14,True,0.17653810056285266,0.3676539667191418,True,A-D|B-E|C-A|C-B|D-C|E-F
parallelepiped-int,base-trapezoid,78,10,True,8,152,54,54,0,1.9905697358337389,14.996967099219802,21.416846828003404,14.902451652958584,2.2605582961516797,14.902433388052994,0.018657476757184988,3,1,0.03665708558835521,0.0097982181484666,0.08848083315253835,2.413744347986188,True,True,1.0290994924006174e-14,7.32410687763558e-15,7.229248575812844e-15,True,0.25310366584673355,0.507168727450094,True,A-D|B-A|B-B|C-B|C-C|D-E
rhombus-int,central-trapezoid,78,10,True,2,252,53,53,0,1.7695490576830861,14.075765282623578,23.66243527696569,14.009284592925678,1.4886115981630836,14.009273689492222,0.013045793166293507,2,1,0.036655219196608003,0.011870170003501754,0.08897244533888668,2.427279042083044,True,True,0.33690811548338273,0.2446136233072466,0.23167057122359072,True,0.05375680564029892,0.3832241553251438,True,A-D|B-A|B-B|C-D|C-E|D-C
cross,two-triangles,360,10,True,4,1710,246,246,0,1.60426678354479,13.983709918343264,25.496295781393336,12.935209191390548,4.647413284716507,12.934897556553128,0.07077236158921174,5,1,0.036529447704365586,0.01149797379484525,0.08995751159094947,2.4626025643469767,True,True,8.398389557963173e-15,7.824709790404242e-15,3.0507153035406105e-15,True,0.1589181609584968,0.4055542535747792,True,A-B|B-C|C-E|D-A|D-D|E-F
2X3,cross,360,10,True,48,717,249,249,0,1.748148704044183,14.506180946541265,22.75621152873663,14.353419507479957,1.6289973632349168,14.353294099056747,0.017559283917792712,2,1,0.036478161375393316,0.02319048035999962,0.08817155597326483,2.4171052665154824,True,True,0.4927220671189701,0.13007535298921863,0.47524250438141685,True,0.18012921541633903,0.45673777918439046,True,A-D|B-C|C-B|D-E|E-A|F-D
wave,rectangle-same,78,10,True,6,241,57,57,0,1.997189103476239,14.803421561355755,21.48867804919593,14.76538858726861,1.6850406080907108,14.765366471642096,0.011562851653108552,1,1,0.03637737500758534,0.013376879515202222,0.08773944678216307,2.4225254070689743,True,True,7.834745636426877e-15,3.0201331455116262e-15,7.229248575812844e-15,True,0.16660526615856278,0.41981971932396717,True,A-A|B-A|C-B|C-D|D-C|E-C
parallelepiped-ext,vertical-parallelepiped,180,10,True,24,656,114,114,0,1.6292243155226747,13.752752572110207,23.72009366782341,13.565803781102332,2.1101802478013765,13.565778670860682,0.017216766991467125,8,1,0.03627063354034795,0.014764197466634875,0.0889589032635335,2.48462090863285,True,True,1.291681390491649e-14,1.2568587680026249e-14,2.9790409838967277e-15,True,0.10804230001358672,0.41302574003819187,True,A-A|A-E|B-C|C-D|D-B|D-F
two-triangles,rhombus-ext,180,10,True,24,682,108,108,0,1.8322154991899218,14.027818478566351,23.455774057128703,13.87947824604041,1.7802633994214379,13.879451135689246,0.01319040175920616,5,1,0.036030922075952224,0.01561757249033269,0.08703903708913799,2.415676093597106,True,True,9.283482853724433e-15,9.057678187205881e-15,2.0350724194510405e-15,True,0.10535472118021304,0.432603075572651,True,A-A|B-C|C-D|D-B|E-A|F-D
vertical-parallelepiped,wave,360,10,True,36,1325,228,228,0,1.6545024584369574,14.072514173454616,23.44764052844541,13.958446342134948,1.5322630226082117,13.958427395697663,0.01344813356566199,4,1,0.03600357122976845,0.011680916664393162,0.08646840220651476,2.413060242758353,True,True,3.0465458453781666e-15,1.807312143953211e-15,2.4525628233156873e-15,True,0.1037139264412211,0.4503388968118645,True,A-D|B-E|C-C|D-C|E-B|F-A
rectangle-same,pentagon,78,10,True,0,376,50,50,0,1.6509945890341964,15.28921920619297,26.303156039946185,13.370213437413224,5.819467302548631,13.368890492797824,0.07264105878935112,3,1,0.035973737234883105,0.04471177485889832,0.09159657914571881,2.5623792618623566,True,True,9.604802805323129e-15,7.865559915831807e-15,5.512277581871488e-15,True,0.05275536191809065,0.3581303928054846,True,A-C|A-E|B-D|C-A|C-E|D-B
rectangle-same,3X2,180,10,True,66,227,92,92,0,1.6195251294365307,15.446348221185238,25.33020709123727,13.401077225034792,5.942516907903636,13.400493710889117,0.08531959799477384,2,1,0.03577113496352432,0.0261165002230168,0.09331423294491412,2.608646134378075,True,True,0.8954186630572973,0.2583939266895124,0.8573255862280634,True,0.20930009548629244,0.3846245126357791,True,A-A|A-B|B-E|C-D|C-F|D-C
central-trapezoid,base-trapezoid,168,10,True,0,608,122,122,0,1.6332668153967673,14.659880853807909,21.925487607459537,14.53168247676049,1.9120298256508244,14.53164378017486,0.012784485585211058,4,1,0.035704066535687286,0.012028168902407377,0.085839289877338,2.4041880437215477,True,True,0.17781541995862166,0.11306426269682658,0.13723992158218384,True,0.05147797250563525,0.507168727450094,True,A-D|B-C|C-B|D-A|D-E|E-B
central-trapezoid,cross,168,10,True,4,703,123,123,0,1.580874972070077,14.499785026403663,22.965890132955767,14.378149597787631,1.461194033195231,14.378097130938357,0.013215939932402776,4,1,0.035624718715387624,0.008680060530754038,0.08638016668643649,2.424725578229639,True,True,0.047875423446203755,0.019693787281020215,0.043637265183364124,True,0.2816373446246999,0.41013716395797434,True,A-C|B-D|C-E|D-B|D-D|E-A
rhombus-ext,central-trapezoid,78,10,True,6,255,47,47,0,1.7043439812896681,14.038342606683468,23.731168148983457,13.92803409397273,1.641300662621718,13.927995835429892,0.011529254670392675,3,1,0.03550779625955637,0.012936265750473956,0.08599609051149186,2.4218932057307656,True,True,1.3790499566312382e-14,8.688869536365455e-15,1.0708941332759384e-14,True,0.05462130444795897,0.4759218661878611,True,A-A|A-C|B-E|C-D|D-B|D-D
arrow,triangle,36,10,True,0,109,25,25,0,1.635865832290483,14.215360901971644,23.65618593880683,14.12415479640048,1.4100967804177555,14.124152387988966,0.018729112376119517,2,1,0.03517482419092559,0.007036223347597518,0.08560201205702136,2.433615917804786,True,True,6.151477184166451e-15,4.6271133556207615e-15,4.053454519487839e-15,True,0.23373934116623202,0.47087587555643834,True,A-B|B-C|C-A|C-B|D-A|E-C
central-trapezoid,pyramid,360,10,True,10,1166,251,251,0,1.5034597324419772,12.859803525866154,25.35277100306458,12.702874976392502,1.7409949795725774,12.702874172914317,0.01245602526111167,3,1,0.03514589049561944,0.016083933402185883,0.08418822340969852,2.402812067478652,True,True,1.1382899616642114e-14,5.9580819677934555e-15,9.699054745056637e-15,True,0.05011714727292482,0.3676539667191418,True,A-F|B-B|C-D|D-C|D-E|E-A
central-trapezoid,rhombus-ext,78,10,True,6,257,52,52,0,1.7280704580752269,14.075906443708138,23.712906919854806,13.947730557123894,1.7053448652234793,13.947670596725755,0.011321357843231183,4,1,0.03498380698519719,0.009014797724922854,0.08516653340948678,2.4344558454008043,True,True,7.906783589979253e-15,5.617333549722722e-15,5.564421850464315e-15,True,0.5216818966423149,0.4944694914980932,True,A-A|B-D|C-C|D-A|D-B|E-D
arrow,horizzontal-parallelepiped,360,10,True,46,903,247,247,0,1.6849245430681663,13.885072644015175,23.709788444974453,13.659761344221776,2.0673280452499285,13.659687283278048,0.014406082235433715,8,1,0.03487150523295518,0.020647207976654765,0.0836057968280898,2.405393534611121,True,True,9.99694032842984e-15,8.884559321017418e-15,4.582949007081515e-15,True,0.17415604928405728,0.32651322683833955,True,A-A|B-F|C-D|C-E|D-C|E-B
pentagon,rhombus-int,78,10,True,0,421,47,47,0,1.698947225988873,13.776708947112477,23.79918114079055,13.503748682417248,2.4382755938095406,13.503537410697772,0.021093614512690095,5,1,0.034650573933389085,0.019324309999143568,0.08397049390909606,2.4233507378699604,True,True,1.2122134450698557e-14,1.0446204604974037e-14,6.15003682849396e-15,True,0.06923338944499526,0.39177453957125963,True,A-B|B-C|C-A|D-D|E-B|E-C
3X2,rhombus-ext,180,10,True,72,337,73,73,0,1.5358152424187943,14.114205524601376,23.57767575525436,13.98828163485902,1.7875739965560544,13.988272988916906,0.012011052709889114,6,1,0.0344160550392222,0.011886994049880884,0.08328508653588104,2.4286359144712093,True,True,1.013652469562605e-14,9.565974336450906e-15,3.352800008858181e-15,True,0.1621189302113503,0.5174116091873102,True,A-A|B-A|C-D|D-D|E-B|F-C
cross,wave,168,10,True,28,603,106,106,0,1.506729590755157,14.09053222169217,25.336790418407464,13.022897238523239,4.584905108468565,13.022490117629905,0.07768550396964713,1,1,0.03434539021613258,0.007156779372557166,0.08439470961772931,2.457235427713608,True,True,8.343678738167853e-15,4.070144838902081e-15,7.283604593613869e-15,True,0.09428800856835484,0.4944694914980932,True,A-D|B-C|C-A|D-B|D-E|E-C
pyramid,horizzontal-parallelepiped,720,10,True,20,2003,572,572,0,1.696101391446903,16.60535216302591,23.012939368769487,14.531073954079961,6.7933567781911055,14.525707919193268,0.09742058796184239,8,1,0.034170491863846755,0.023750813748467624,0.08631791200427535,2.536173709174212,True,True,9.900301382973689e-15,9.057678187205881e-15,3.9968028886505635e-15,True,0.2022870781677673,0.32747907437451723,True,A-A|B-C|C-E|D-B|E-F|F-D
pyramid,triangle,90,10,True,8,288,55,55,0,1.6528949499598196,17.38656081584124,22.886210274712923,15.99867294137235,6.992459840026863,15.997210115089452,0.10854719367436605,3,1,0.034119566638959195,0.008214744327466536,0.08718051487576695,2.5578761029667874,True,True,6.836666485528232e-15,2.5121479338940403e-15,6.358389842764979e-15,True,0.17751084053378574,0.4758850463581296,True,A-B|B-A|C-B|D-C|E-A|F-C
triangle,two-triangles,90,10,True,8,375,47,47,0,1.6712526009980748,14.041755697803756,23.896731204955902,13.965689701569444,1.3578653354993342,13.965675376973707,0.011691267612491174,6,1,0.0340394638923181,0.004988768922364416,0.08266504242773307,2.4285060037737143,True,True,1.1808097433448533e-14,9.325873406851315e-15,7.242875823676482e-15,True,0.08131627842601762,0.483970554010485,True,A-D|A-F|B-B|B-C|C-A|C-E
pentagon,rhombus-ext,78,10,True,0,342,51,51,0,1.7116764525532382,13.904043897043955,24.148274314590026,13.607129662542423,2.423449809063258,13.607018357245007,0.02125913865013107,5,1,0.03383241032151266,0.018902476562983262,0.08168221273377178,2.414318458470379,True,True,1.5900626406633618e-14,1.013652469562605e-14,1.2250746394334408e-14,True,0.10075593757821706,0.49436772221938136,True,A-C|B-A|C-B|D-D|E-A|E-D
arrow,vertical-parallelepiped,360,10,True,48,1279,249,249,0,1.5686865067564943,13.64585930484731,23.93444539852031,13.400204531793978,1.8849852095534503,13.400153735825077,0.010648384844840209,2,1,0.033787277447322246,0.02450740206202329,0.08149601290012534,2.412032547670815,True,True,1.3010081086577026e-14,7.072331453388242e-15,1.0919905571602925e-14,True,0.05964205579867091,0.32651322683833955,True,A-F|B-E|C-A|C-D|D-B|E-C
central-parallelepiped,pentagon,168,10,True,0,607,130,130,0,1.690232716283768,13.903637255994868,23.44094013243481,13.633670482195573,1.9675090335216026,13.633638414914744,0.00954881380679673,6,1,0.03376160349335808,0.02043852898556167,0.08159496061165122,2.4167975501431207,True,True,2.7231034701379804e-14,1.8202241076109967e-14,2.0253584144909416e-14,True,0.3373208412816436,0.45931210206367873,True,A-A|B-C|C-B|C-E|D-D|E-E
parallelepiped-int,rhombus-ext,34,10,True,10,86,18,18,0,9.140215669046565,13.92555167011507,22.700946248219957,13.840483128127936,1.544887902165551,13.840447645027188,0.015862963146339837,5,1,0.03371118224765386,0.009952423138124363,0.08160604692951455,2.420741175139117,True,True,9.283482853724433e-15,8.140289677804162e-15,4.463041323674983e-15,True,0.1911765011355286,0.5019626946589524,True,A-A|B-A|B-D|C-B|C-C|D-D
vertical-parallelepiped,arrow,360,10,True,48,1473,222,222,0,1.5350228010386002,13.802409476655738,23.967048003590197,13.55717097274565,1.8185570758003853,13.557122795997905,0.010336586906257494,9,1,0.03342674577375834,0.02367855912091057,0.08020634364124411,2.399466109686635,True,True,1.1858096658218189e-14,8.881784197001252e-15,7.856740153113387e-15,True,0.05199775411844587,0.40780415314814683,True,A-C|B-E|C-D|D-C|E-A|F-B
central-parallelepiped,hexagon,360,10,True,68,1296,215,215,0,1.5350475894259457,13.816692240990733,23.704382111585325,13.70416952759469,1.6200287322242044,13.704153271245186,0.012933773012573369,2,1,0.033378923973233963,0.019670370186165995,0.08063581075586049,2.4157702273602673,True,True,7.755684626330685e-15,4.351167857633658e-15,6.420123230733026e-15,True,0.08188232597417444,0.5123473140017061,True,A-C|B-B|C-D|C-E|D-F|E-A
vertical-parallelepiped,trapezoid-ext,180,10,True,24,621,114,114,0,1.7436919355985288,14.528066477246979,22.600092303298677,14.437553938679153,1.323667658284495,14.43751381602376,0.016532876317951306,2,1,0.03317482674680286,0.008283275342705518,0.08013695365360395,2.4155952422969906,True,True,1.3233560403725999e-14,1.3053503572900977e-14,2.175583928816829e-15,True,0.08102695329584397,0.46111470751115125,True,A-C|B-A|C-A|D-B|E-D|F-D
trapezoid-int,two-triangles,180,10,True,4,647,123,123,0,1.8523870461956768,15.86055039978329,22.74348775326114,15.240053161213579,5.481644696636924,15.240052664617261,0.06590948782311834,1,1,0.03317048163517781,0.015174856259338591,0.0860132045685671,2.5930646866866343,True,True,1.2852240193145063e-14,9.815903626348425e-15,8.296271088900922e-15,True,0.09709082326310556,0.4531133653291396,True,A-D|B-B|B-E|C-C|C-F|D-A
base-trapezoid,base-trapezoid,168,10,True,64,169,91,91,0,1.7221782462588,16.416251189835634,23.647137271679785,14.08779753226772,6.413750739323873,14.086892164120243,0.1169134006118302,3,1,0.033112060590830744,0.013138068513989682,0.08570641263035339,2.5934345610695115,True,True,1.0048591735576161e-14,7.53644380168212e-15,6.646518689688359e-15,True,0.3579819129095564,0.507168727450094,True,A-D|B-A|B-B|C-B|D-C|E-E
cross,vertical-parallelepiped,360,10,True,20,1125,234,234,0,1.6317990331376073,14.005043110702855,24.900794111357108,12.960956342934447,4.731553201996534,12.96031898261236,0.07575290507925381,14,1,0.03292581282765095,0.01081743670680184,0.08087681377507934,2.4563346149850958,True,True,7.91924503756958e-15,2.6645352591003757e-15,7.457525985075837e-15,True,0.05584051297036964,0.32747907437451723,True,A-F|B-C|C-E|D-A|D-B|E-D
rectangle-opposite,central-trapezoid,78,10,True,12,329,38,38,0,1.717893014163704,13.76175057147947,23.355138782889096,13.457792826322562,2.4748105968012837,13.457780415574028,0.014455913229665995,1,1,0.03282745752477389,0.04116766882607787,0.07878773511518385,2.4000559609505285,True,True,6.912865869094496e-15,4.39625888431457e-15,5.334849796027702e-15,True,0.07556782805543794,0.507168727450094,True,A-C|A-D|B-A|C-D|D-B|D-E
cross,pentagon,168,10,True,1,711,124,124,0,1.588528477997634,14.056271307460186,24.8010530411829,12.956617715747342,4.640119284917452,12.955425161136446,0.06641841898261625,11,1,0.0328249957716429,0.009820367766200405,0.0801218027971248,2.452206397412883,True,True,4.550560269027492e-15,3.972054645195637e-15,2.220446049250313e-15,True,0.17503533018225353,0.41673938331060273,True,A-A|B-C|C-D|D-B|D-E|E-E
central-trapezoid,rectangle-opposite,78,10,True,12,327,45,45,0,1.6656807025691598,13.630054224449907,23.357233606940977,13.334244986601052,2.2665374952758572,13.334231111440713,0.011715019576454822,8,1,0.0325441071450995,0.017697210214223727,0.07860476946912706,2.415330342868644,True,True,6.739520146748474e-15,3.66205343881779e-15,5.657781934616371e-15,True,0.2449483778980196,0.3676539667191418,True,A-A|B-D|C-A|D-C|D-D|E-B
parallelepiped-int,rhombus-int,34,10,True,10,150,14,14,0,9.164048206509575,13.827033051352931,22.721840562859775,13.707352310555791,1.7828646664263814,13.70730881542439,0.017966972300534678,4,1,0.032456533893279876,0.009973718272504758,0.07830798496213971,2.4204029622299,True,True,1.254502891951995e-14,1.112884370092863e-14,5.7902148899581444e-15,True,0.10535472118021304,0.432603075572651,True,A-B|B-B|B-C|C-A|C-D|D-C
rhombus-ext,parallelepiped-int,34,10,True,10,90,14,14,0,9.110624164014656,13.93056111337167,22.645696052673106,13.8193922439503,1.5185192201779683,13.819391177501199,0.011593412114194734,1,1,0.03241415303513757,0.017258692823657242,0.07781042502588276,2.400507733197124,True,True,9.577282471107683e-15,8.71365951409179e-15,3.974478255553062e-15,True,0.07599456487097621,0.4499078879065762,True,A-A|A-C|B-D|C-B|D-B|D-C
cross,hexagon,360,10,True,8,1282,257,257,0,1.658122479954065,14.085668272564991,25.507721113128387,13.047100791136918,4.646491966014548,13.0462564822067,0.07933910717518344,9,1,0.03215834193886127,0.009680539046176117,0.07929081572677667,2.465637559222506,True,True,1.500747247595454e-14,5.295299032096023e-15,1.4042223409318626e-14,True,0.09682454583137255,0.39527610412442066,True,A-C|B-D|C-A|D-B|D-F|E-E
rectangle-same,central-trapezoid,78,10,True,4,326,47,47,0,1.6676604682118004,15.31562649824654,26.384413124681085,13.301356552354346,6.1330258870185315,13.300291947129386,0.0916130995423714,2,1,0.032133311252832704,0.03170883340579633,0.08231656732934588,2.5676317663861763,True,True,1.0813663665295014e-14,7.212074829222417e-15,8.057375411622449e-15,True,0.11135698840353857,0.3846245126357791,True,A-D|A-E|B-D|C-A|C-B|D-C
2X3,parallelepiped-int,180,10,True,52,318,100,100,0,2.1448171506506046,13.747691887295392,22.086937896895584,13.597027624266627,1.9650887788332687,13.596960874594803,0.013875555297006237,1,1,0.03210821186866472,0.03436818559504466,0.07747115808499612,2.412814466339134,True,True,5.802774230976825e-15,3.1255538789004768e-15,4.889079844488006e-15,True,0.18937141944918748,0.4499078879065762,True,A-A|B-D|C-B|D-C|E-B|F-C
base-trapezoid,rectangle-opposite,78,10,True,0,239,56,56,0,2.0818027299852884,15.229441021411509,26.401337858955834,13.353078117851448,6.670273242609709,13.351064044960452,0.08871132959581907,5,1,0.03197815417510164,0.03604389056919644,0.08231510392015676,2.5741042922436006,True,True,1.9560100690747752e-14,1.6852000649168165e-14,9.930136612989092e-15,True,0.06417136132970501,0.4499078879065762,True,A-B|B-A|B-D|C-D|D-A|E-C
pentagon,base-trapezoid,168,10,True,0,656,113,113,0,2.1145975898199767,14.752988596196117,22.495300972122465,14.393510743371857,2.559275243889884,14.393231384672916,0.022950809359020496,4,1,0.03186754309771001,0.02376425418911146,0.07707751315751712,2.418683891669574,True,True,1.0959200373197812e-14,9.315293853352738e-15,5.773159728050814e-15,True,0.05606997359776881,0.4144789216915609,True,A-E|B-A|C-D|D-B|E-B|E-C
two-triangles,two-triangles,720,10,True,168,1516,456,456,0,1.5641542859160995,13.900022084420405,23.310379081271922,13.742419207063442,1.8801209150192,13.74238535176638,0.011504085206720305,7,1,0.03154413861755596,0.01618497843148471,0.07565729178183508,2.4133002290876107,True,True,1.100493697750657e-14,9.243065094059318e-15,5.972803826166874e-15,True,0.08149157868991837,0.4182034220705242,True,A-F|B-B|C-C|D-A|E-D|F-E
base-trapezoid,hexagon,360,10,True,16,1176,262,262,0,2.030571230740847,15.528503520640257,26.516554862868766,13.442384960156492,6.307511779672318,13.442166721251976,0.09702241615207363,7,1,0.031542903177263486,0.01399633472508488,0.08200530973944727,2.5998022210763945,True,True,9.068558285046774e-15,6.4047456679787536e-15,6.420123230733026e-15,True,0.07965743812537379,0.46883530201669293,True,A-B|B-D|B-E|C-F|D-C|E-A
base-trapezoid,3X2,360,10,True,48,998,242,242,0,1.6300470868353452,15.440927020298137,26.557999419627215,13.659018887952845,6.081596004517111,13.659018887952845,0.10791998121655055,12,1,0.03149256741636135,0.009116534668538477,0.08240364442683291,2.61660611335301,True,True,9.891582489707782e-15,7.602393521719537e-15,6.328271240363392e-15,True,0.12193495564408063,0.4361681820504353,True,A-A|B-B|B-D|C-F|D-E|E-C
3X2,hexagon,720,10,True,96,2123,466,466,0,1.5493262947229465,14.010410242921672,23.935160613624095,13.89746577503048,1.5865596747630686,13.897434411661836,0.013147053500484063,18,1,0.031298125510279516,0.008746697764874193,0.07616695716519362,2.4335948534738105,True,True,2.333053845504853e-14,2.2886756892726236e-14,4.5288390936029406e-15,True,0.07794866200597654,0.4447467282831025,True,A-B|B-E|C-C|D-F|E-A|F-D
pyramid,parallelepiped-int,180,10,True,4,650,124,124,0,1.9116937503729723,16.688921546369272,22.77469485312426,15.174055862134782,7.028818029349603,15.172368182213546,0.09674575944096198,4,1,0.031239560397727774,0.015922402410709642,0.07945128155985853,2.5516838371043074,True,True,0.9770557638182531,0.3033127434263727,0.9287837990004117,True,0.07599456487097621,0.4499078879065762,True,A-B|B-A|C-D|D-B|E-C|F-C
3X2,central-trapezoid,360,10,True,20,1379,245,245,0,1.5489244582024868,13.944254221971104,23.787746065169923,13.805903789539698,1.6576070379613712,13.805886859104179,0.013472330369088681,3,1,0.031171555503424434,0.009892208971849475,0.07542273494589509,2.4196012591546587,True,True,1.1851858290408151e-14,1.1497108568292108e-14,2.8780270159990897e-15,True,0.06296212478979178,0.5055609414679967,True,A-D|B-C|C-D|D-A|E-E|F-B
3X2,central-parallelepiped,360,10,True,88,673,206,206,0,1.683664291357609,13.95429620188803,23.742390407572554,13.7517871603798,2.1185344223713702,13.751774911583906,0.013444118573564978,5,1,0.031092305980535508,0.010212925608146363,0.0752985829791,2.428834959636897,True,True,1.3875796202356089e-14,1.03578512786223e-14,9.23323546430297e-15,True,0.11883491840235728,0.3676539667191418,True,A-A|B-E|C-C|D-D|E-C|F-B
arrow,central-parallelepiped,168,10,True,24,929,112,112,0,1.5515365968875583,13.695941563785812,23.334388696712036,13.490103562016065,1.8497245141339964,13.490093923217731,0.014171105857096578,3,1,0.031027964099416216,0.014907673525814742,0.0749919681527996,2.41691552537959,True,True,4.782987168225453e-15,4.351167857633658e-15,1.9860273225978185e-15,True,0.16299583285046107,0.36898991146262244,True,A-E|B-C|C-A|C-D|D-B|E-C
wave,rectangle-opposite,78,10,True,22,210,47,47,0,2.2036319456377558,13.67748163600252,23.106647304754627,13.597887756823201,1.55258065776755,13.59788471440359,0.009920541792778792,1,1,0.030984327680799156,0.01010898592889732,0.07506043735233373,2.4285207810289298,True,True,6.13625812280745e-15,4.617863869391694e-15,4.040915370740543e-15,True,0.3632615001126732,0.3676539667191418,True,A-A|B-A|C-C|C-D|D-B|E-D
cross,rhombus-ext,78,10,True,24,153,38,38,0,1.537049206740168,14.137017964934978,24.833980041966,13.041356416030705,4.738486974164095,13.040195766474213,0.08124077894309245,2,1,0.03096266267364177,0.009851764601344957,0.07600330720607633,2.454676072506427,True,True,9.648087210223558e-15,9.057678187205881e-15,3.3232593448441795e-15,True,0.11002267832771204,0.4475031594694418,True,A-A|B-C|C-D|D-A|D-D|E-B
pentagon,trapezoid-ext,78,10,True,0,281,55,55,0,1.7601364978597467,14.595807747371877,23.209438681508093,14.405072871580144,2.1415191277679906,14.404896624373569,0.029604504553892852,1,1,0.03038062053020823,0.00680777341270692,0.0739219599237944,2.433194537626113,True,True,1.3778008637477535e-14,5.5411836206154385e-15,1.2614626672915404e-14,True,0.06976484899795887,0.45961062016147974,True,A-A|B-C|C-D|D-B|E-A|E-D
parallelepiped-ext,2X3,180,10,True,60,248,102,102,0,3.944148567844155,13.799532150243447,22.114394936337977,13.622878949946593,1.8887051719041956,13.622864916305218,0.017438915509545794,5,1,0.03027610724773614,0.011990372707149647,0.0742147835852134,2.491104675084587,True,True,1.1278467137288124e-14,1.7763568394002505e-15,1.1137700720795299e-14,True,0.1978600816126999,0.3914966099903299,True,A-A|A-F|B-C|C-D|D-B|D-E
hexagon,cross,360,10,True,8,1385,262,262,0,1.773249232141431,14.557883685655781,23.329232668669114,14.45578778937365,1.349562979430314,14.455784614273268,0.010829727252462007,5,1,0.03024692023315023,0.01029358596525353,0.07300982947427899,2.413793831289348,True,True,7.575594422540623e-15,4.3737714791252564e-15,6.1854469444995704e-15,True,0.05744758409361301,0.3902008642505306,True,A-B|B-D|C-E|D-C|E-D|F-A
central-parallelepiped,wave,168,10,True,52,506,68,68,0,1.5257232419107287,14.008560764792797,23.355872138017073,13.919570221465557,1.3939906314944492,13.91952826654623,0.013881014465601638,3,1,0.03024110485339456,0.012324521763912208,0.07303085277279266,2.4149531945621012,True,True,4.130338302521457e-14,2.4177122818470056e-14,3.348785125307681e-14,True,0.10363989750816169,0.49573600680125657,True,A-A|B-B|C-D|C-E|D-C|E-C
central-parallelepiped,triangle,36,10,True,4,146,19,19,0,1.9074944743516895,14.128598573391425,23.57070525322027,13.973289240895733,1.3829701742879572,13.97324735316441,0.01526371161183171,1,1,0.030171884252948488,0.0065658169398838985,0.0728767910405685,2.4153874656816225,True,True,9.607118501968132e-15,9.272854936269104e-15,2.5121479338940403e-15,True,0.20486092728022343,0.44570029637104946,True,A-A|B-B|C-B|C-C|D-C|E-A
wave,wave,168,10,True,80,182,68,68,0,1.561606873372055,14.337471039237137,23.788634184452693,14.232865503394237,1.3191742291770763,14.232864986869838,0.01225126136615895,2,1,0.03015787809906082,0.005100398507660286,0.07324383903551393,2.42868012115862,True,True,1.9979079509372597e-14,9.057678187205881e-15,1.780792194218199e-14,True,0.13797074505444715,0.5202372758899162,True,A-C|B-A|C-B|C-E|D-C|E-D
pyramid,two-triangles,720,10,True,2,3029,490,490,0,1.7192970293456653,16.743491990454665,22.962282620389278,15.19257340056761,7.050354109466844,15.192011941567909,0.09688554237441416,15,1,0.030052074956716777,0.018881154981343382,0.07660688328611473,2.549137901341243,True,True,9.230220894641107e-15,7.32410687763558e-15,5.617333549722722e-15,True,0.15823799947898812,0.4305510598091942,True,A-E|B-C|C-D|D-A|E-F|F-B
wave,parallelepiped-ext,78,10,True,22,105,48,48,0,1.6148376822978383,13.782257052127914,23.085794236979453,13.691322248899633,1.3147472569851588,13.691294732051599,0.010351794956017457,2,1,0.030014111024966122,0.005477253104442293,0.07309466083443612,2.43534318819688,True,True,4.372802632163294e-15,2.1277866700554155e-15,3.820199830714189e-15,True,0.2874282890350446,0.5263781171411518,True,A-A|B-B|C-A|C-C|D-D|E-D
parallelepiped-ext,two-triangles,180,10,True,28,603,114,114,0,1.663636950424629,13.834553853329933,24.05387257396451,13.695670790889038,1.5973135435441819,13.695670635147513,0.015922792853105605,4,1,0.029916752231295026,0.011132298136863963,0.0724176031043335,2.5047405846117323,True,True,2.0731143188350506e-14,1.5772862906664613e-14,1.345351603200647e-14,True,0.12781087840009012,0.4446994208396341,True,A-C|A-D|B-B|C-A|D-E|D-F
vertical-parallelepiped,parallelepiped-ext,180,10,True,24,706,99,99,0,1.551260982676968,13.761055944410467,23.834914592228397,13.553872829746695,2.014396159741877,13.553837658724335,0.011683986081875375,2,1,0.029893541080727667,0.03186759841526062,0.07123712029427037,2.383027159676204,True,True,8.99845863678116e-15,5.329070518200751e-15,7.250742393017766e-15,True,0.1188707553359662,0.3926817942954417,True,A-C|B-D|C-A|D-A|E-B|F-D
central-parallelepiped,parallelepiped-int,78,10,True,18,316,36,36,0,1.5971410387854421,13.776187658794273,23.275292941694165,13.546733317114846,2.0599793349856705,13.54672899383657,0.011281854430039928,1,1,0.02981933927793145,0.014746185523442416,0.07249475361983816,2.4311321234903995,True,True,4.360364710777161e-15,1.9929972195927004e-15,3.8782396127220606e-15,True,0.1658786539501565,0.492171460355549,True,A-A|B-C|C-B|C-D|D-B|E-C
base-trapezoid,arrow,168,10,True,14,841,87,87,0,1.6913862639933879,15.433785685938453,26.424566850694365,13.416629712273313,6.212141283911595,13.41631266317162,0.09771774389746746,4,1,0.02978192020326852,0.021190377952958517,0.07741331443471768,2.599339260408793,True,True,9.366920800906797e-15,4.634100695053511e-15,8.140289677804162e-15,True,0.2142057170024877,0.3892155522973273,True,A-C|B-A|B-C|C-D|D-E|E-B
central-trapezoid,pentagon,168,10,True,0,672,120,120,0,1.5596051262871955,13.932616767682386,23.475572968113013,13.795423949476724,1.8139129147504194,13.795406634642024,0.011475935506021884,15,1,0.02976359979656765,0.011663270568154223,0.07187165053702162,2.4243388592749677,True,True,1.0546534389844024e-14,1.7763568394002505e-15,1.0395861869767154e-14,True,0.19265821512570624,0.45931210206367873,True,A-E|B-E|C-D|D-A|D-B|E-C
rhombus-ext,3X2,180,10,True,72,330,74,74,0,1.6932146527932181,14.055709858287756,23.62152942850394,13.933797195835044,1.7095981057619394,13.933792891152677,0.011895454183456167,5,1,0.02970993433579693,0.01189686116528927,0.07213894680304873,2.4281085911431957,True,True,6.560657218687885e-15,5.329070518200751e-15,3.8266474299528865e-15,True,0.1291823955440677,0.4993505740910072,True,A-A|A-F|B-B|C-C|D-D|D-E
3X2,parallelepiped-ext,180,10,True,48,506,83,83,0,1.6482156075522185,13.732678804248573,23.61303721789578,13.668468215076931,1.503657671738238,13.668464204154244,0.014713355744174095,1,1,0.029597316338682202,0.017663008548877063,0.07136178838489945,2.4110898288313116,True,True,8.473511766894887e-15,6.328408190734885e-15,5.634860374059478e-15,True,0.09384963176503709,0.46011384452647847,True,A-A|B-D|C-A|D-D|E-B|F-C
pyramid,cross,360,10,True,21,1062,267,267,0,1.7036677090758223,17.288489260197004,23.08710944365484,16.229100340052344,6.825323472856452,16.22797418857902,0.10901607561294746,2,1,0.02959157581876901,0.010526794233182389,0.07528088084127425,2.549405205008249,True,True,8.565282493038633e-15,7.53644380168212e-15,4.070144838902081e-15,True,0.0921745280346655,0.4475031594694418,True,A-C|B-D|C-A|D-E|E-B|F-D
cross,rectangle-opposite,78,10,True,14,127,50,50,0,3.001409714399002,13.922690352287319,24.287413517326744,12.892878161474606,4.6174695403321655,12.892587713956114,0.07125660623385777,4,1,0.029556031807769046,0.019372714328936218,0.06556702718254921,2.4352090519538674,True,True,1.192650334224846e-14,9.451904438592235e-15,7.273443782444743e-15,True,0.2246780838872156,0.4179157688864527,True,A-D|B-C|C-A|D-A|D-D|E-B
cross,2X3,360,10,True,48,697,247,247,0,1.7147079917112629,13.960288288358578,25.0210072855691,12.948448131333418,4.69668458694422,12.947418563572374,0.07402553013930024,9,1,0.029379559373211656,0.01649586338056253,0.07194603049563303,2.4488464779779364,True,True,0.5516161181920404,0.06074273049944448,0.5482614910247909,True,0.27591157084770906,0.4179157688864527,True,A-B|B-C|C-E|D-A|D-F|E-D
horizzontal-parallelepiped,parallelepiped-ext,180,10,True,24,666,98,98,0,1.6230701374206435,13.663532161097198,23.22094960622633,13.386179447694275,2.041658812237987,13.386109117763883,0.011814157603664555,5,1,0.02931612007745967,0.02163172800638917,0.0695590039565847,2.3727220305004355,True,True,7.063671301471282e-15,3.2023728339893768e-15,6.296051182078799e-15,True,0.059661045441013784,0.3926817942954417,True,A-C|B-A|C-D|D-A|E-D|F-B
3X2,horizzontal-parallelepiped,720,10,True,148,1684,451,451,0,1.5297970816014896,13.906436925255624,23.780790204305355,13.727149822715322,1.9225302393166825,13.727140968283543,0.01260864756414648,17,1,0.02913634887122328,0.012348610745311626,0.07033630481177273,2.4140397660202675,True,True,1.5386061195939882e-14,1.2980064902455047e-14,8.261282845494494e-15,True,0.0754328334384283,0.3676539667191418,True,A-E|B-D|C-F|D-C|E-A|F-B
two-triangles,parallelepiped-ext,180,10,True,28,491,131,131,0,1.5948335830228288,13.704963592790447,24.048270268890914,13.562541063223774,1.5368207624558274,13.562532797408961,0.012175984293461894,1,1,0.029055780400184746,0.003972325122643503,0.06849714076898378,2.399733985395101,True,True,1.5211639714526637e-14,9.187999532029501e-15,1.2123310084460835e-14,True,0.08428136511365347,0.4182034220705242,True,A-D|B-A|C-D|D-A|E-C|F-B
pentagon,parallelepiped-ext,78,10,True,0,416,47,47,0,1.9384322553340676,13.61950094616128,23.952437888545283,13.201130532658347,2.5742497485115234,13.201071716327537,0.021701443183914648,1,1,0.02902469792759484,0.029567047294288617,0.06961134921106035,2.3983487919396502,True,True,9.923307295682302e-15,7.337557957613285e-15,6.680738799205336e-15,True,0.14240078978098836,0.4488669648495108,True,A-D|B-A|C-C|D-B|E-A|E-D
base-trapezoid,wave,168,10,True,26,341,115,115,0,2.07033699053404,15.637606982434262,26.033770318435202,13.916405606781408,5.922308326764153,13.916405606781408,0.11645039688523617,2,1,0.028914896553733593,0.009799886172389622,0.0751806596643989,2.600066700037746,True,True,6.5869074524510855e-15,5.329070518200751e-15,3.871479975306501e-15,True,0.17663837907379087,0.4759218661878611,True,A-B|B-A|B-D|C-C|D-C|E-E
2X3,trapezoid-ext,180,10,True,48,212,115,115,0,1.8916608059995401,14.628891305427821,22.35281818874551,14.525912494173287,1.292283552076459,14.525843875830576,0.021180635649178825,3,1,0.028847819630450803,0.009161413411874758,0.06980005906741152,2.4195956561560337,True,True,0.3164548898109086,0.2692768780157289,0.1662337518416056,True,0.1456010823447598,0.4819685586958586,True,A-A|B-D|C-C|D-B|E-A|F-D
3X2,rhombus-int,180,10,True,72,200,86,86,0,1.5211307376650611,14.20353076068203,23.781115423342893,14.172118733977886,1.3521407242843353,14.17210077923865,0.014034252359082622,1,1,0.02867971950068237,0.010305950480068866,0.06979072480367775,2.4334521403536473,True,True,1.8361356958809715e-14,1.1006336936419929e-14,1.4696937660983267e-14,True,0.1722197999133816,0.5089644839199717,True,A-B|B-C|C-A|D-B|E-C|F-D
hexagon,parallelepiped-ext,180,10,True,24,539,117,117,0,1.639561079300378,13.751878727670654,23.395056178789382,13.629757024231616,1.9199618831238148,13.629753406384303,0.010965031029021688,4,1,0.028618933672816163,0.012483942548473455,0.06880343236105735,2.41306678725789,True,True,6.836666485528232e-15,5.891509130072236e-15,3.4684476073050936e-15,True,0.21528752695380532,0.4305510598091942,True,A-B|B-C|C-A|D-D|E-D|F-A
pentagon,hexagon,360,10,True,0,1606,253,253,0,1.5276891792674054,13.749685250429735,24.645605477696478,13.456851608707204,2.4408220242264536,13.4566998085979,0.020790158961998095,7,1,0.028572724973044344,0.01945845696519648,0.06866533242273942,2.412864917456677,True,True,1.2786376445539788e-14,6.936895214610187e-15,1.0741085019148343e-14,True,0.14512922260643035,0.4680895438096762,True,A-E|B-C|C-F|D-B|E-A|E-D
3X2,base-trapezoid,360,10,True,48,1134,240,240,0,1.8217806347456202,14.77061721147037,22.041261188712387,14.659525382293262,1.6630179979841149,14.659498322923515,0.014067069581142455,7,1,0.028553702171369134,0.011139078098633648,0.06859264015156369,2.4022328081975197,True,True,7.95651227888113e-15,5.329070518200751e-15,5.908222664730043e-15,True,0.059540940325468146,0.5043077473838151,True,A-D|B-B|C-B|D-A|E-E|F-C
3X2,triangle,90,10,True,6,342,54,54,0,1.8930806816243715,14.152516439785828,24.051062322189992,14.064552571425967,1.30274099326933,14.064523376568795,0.01610480062499242,1,1,0.02854030370305128,0.00499858015636653,0.06940459406148614,2.431809933895903,True,True,6.217248937900877e-15,3.972054645195637e-15,4.782987168225453e-15,True,0.06993000324760504,0.5415070311565382,True,A-B|B-C|C-B|D-A|E-C|F-A
rhombus-ext,cross,78,10,True,24,149,38,38,0,1.772379792368821,14.606518680072638,22.586970390025172,14.515542137871714,1.605594300026867,14.515517530681743,0.012188843673120786,3,1,0.028480522102160295,0.009865601033711688,0.06872751463109006,2.413140966466937,True,True,9.240897845457147e-15,7.32410687763558e-15,5.634860374059478e-15,True,0.16964501673059387,0.4475031594694418,True,A-B|A-D|B-C|C-A|D-D|D-E
rhombus-int,wave,78,10,True,14,351,32,32,0,1.6820554410651651,13.941081029802934,23.721709843736498,13.830233448979065,1.56233010114183,13.830183244309024,0.014925749089345075,5,1,0.028316428647628157,0.005204527217240682,0.06901102644673272,2.437137370164554,True,True,1.1340399913041703,0.4541850313717431,1.039116287599714,True,0.18753192369625846,0.5137082771095873,True,A-A|B-B|B-E|C-C|C-D|D-C
rectangle-same,triangle,15,10,True,3,46,8,8,0,3.240601132162503,15.6060401867692,24.626987737579995,13.548267636080103,5.684707318620943,13.548013516451388,0.09188041085421528,1,1,0.028252507385885063,0.012907074962376856,0.07302435704583146,2.590858567586605,True,True,9.769962616701378e-15,7.742959950613002e-15,5.9580819677934555e-15,True,0.16162425331041883,0.46477305989471923,True,A-B|A-C|B-A|C-A|C-B|D-C
rhombus-ext,parallelepiped-ext,34,10,True,10,33,21,21,0,9.068955625846597,13.704718985161639,22.415797230301735,13.471230039581293,1.6612860898937465,13.471214049693685,0.017984173930974734,1,1,0.02817061672665768,0.018140410360792076,0.06817429871862656,2.420049918684018,True,True,6.679816236361857e-15,3.3232593448441795e-15,5.794470836795135e-15,True,0.19472101043890055,0.4931674019475872,True,A-A|A-D|B-A|C-C|D-B|D-D
two-triangles,wave,360,10,True,32,960,278,278,0,1.57356614935051,14.117571543071374,23.64821912353002,14.035808079979379,1.2890566439139657,14.035804694821147,0.01133117890258184,3,1,0.02796877903580586,0.006656095577614943,0.06795021542593178,2.4295023868915178,True,True,8.152394204457378e-15,6.646518689688359e-15,4.7207330545682824e-15,True,0.15497639919297004,0.5340446419991511,True,A-A|B-C|C-B|D-C|E-E|F-D
pentagon,triangle,36,10,True,0,170,25,25,0,1.6653692420292339,13.974771220185264,24.037009919521473,13.707615805986855,2.1166011282911974,13.707502806384438,0.024927065547773353,1,1,0.027451034725754865,0.007803365330866361,0.06682975096036824,2.434507537803951,True,True,0.3197993622036037,0.1276622492130806,0.2932132026217255,True,0.05309658465447363,0.46064468645958234,True,A-B|B-C|C-A|D-C|E-A|E-B
cross,horizzontal-parallelepiped,360,10,True,28,1096,241,241,0,1.509529225017943,14.032060021834397,25.110617775420263,12.962895827082843,4.708046570263059,12.961818962063239,0.07584567898003414,7,1,0.02744760536025857,0.014614041884651168,0.06708701502373518,2.4441846253324004,True,True,7.70465983141898e-15,6.466036496704424e-15,4.189529226675416e-15,True,0.10635896183184028,0.3892155522973273,True,A-A|B-E|C-C|D-B|D-F|E-D
arrow,pyramid,360,10,True,37,621,273,273,0,1.6298543789200255,12.954518223849503,25.579584004352466,12.699424036550313,1.8833584573755409,12.699424036550313,0.013846516794608021,3,1,0.027436880791616623,0.011764978599481345,0.06614884258064331,2.4109461670604766,True,True,8.568160128763375e-15,7.653294859905773e-15,3.85232991570949e-15,True,0.05447762345473792,0.48264671751891813,True,A-E|B-A|C-B|C-D|D-F|E-C
vertical-parallelepiped,parallelepiped-int,180,10,True,28,683,98,98,0,1.8424669355228813,13.837095293494276,23.823904908364444,13.6224403450445,1.9141655469340118,13.622435054968928,0.012245423037528624,5,1,0.027434522978466422,0.013524065677948748,0.06584027463525129,2.3999059392040403,True,True,0.5703165394170644,0.0682939253094528,0.5662127646905206,True,0.1244495523619452,0.4657593743306056,True,A-C|B-B|C-A|D-C|E-D|F-B
horizzontal-parallelepiped,parallelepiped-int,180,10,True,28,626,104,104,0,1.644850035981334,13.726222573096644,23.27481038862503,13.457732025013268,1.9386583029961866,13.457707463393998,0.010404435311994753,1,1,0.027268724930617133,0.022086286735305015,0.06590144580006638,2.416741008893771,True,True,5.785023721440399e-15,3.598497266093448e-15,4.529604495267341e-15,True,0.1806428774965406,0.4652866157331114,True,A-A|B-B|C-D|D-C|E-C|F-B
rectangle-same,cross,78,10,True,10,110,56,56,0,3.0641852326895362,16.108830735932703,24.786055153271793,13.85760380270074,6.456317636626994,13.856410652598992,0.11983005116194967,3,1,0.027063845712451625,0.02033775370452609,0.07057529903850432,2.607733571509159,True,True,7.437044205522137e-15,2.1556631856153973e-15,7.117776530987248e-15,True,0.41393007621281463,0.45336865794965664,True,A-A|A-D|B-C|C-B|C-D|D-E
rhombus-int,parallelepiped-ext,34,10,True,10,90,14,14,0,9.093765127744092,13.904857777441858,22.316794084214905,13.775956805226393,1.6239456698464272,13.77595576253664,0.009817562140428393,1,1,0.027007713866768916,0.01764155761324724,0.06510600269204683,2.4106447148107257,True,True,6.504420102310253e-15,5.78956624844296e-15,2.964524164554547e-15,True,0.12854931353018537,0.4499078879065762,True,A-A|B-A|B-D|C-B|C-D|D-C
pyramid,central-parallelepiped,360,10,True,10,1322,266,266,0,1.6608979083775455,16.630169914956006,22.82834854761465,14.467504908240912,6.898653717675119,14.46695617389146,0.09911602748534953,15,1,0.026960573971343545,0.013769965025126734,0.06880248930539555,2.551966785964048,True,True,0.5799129282249755,0.49576036107939836,0.3008665297185618,True,0.1264977698875027,0.4179157688864527,True,A-C|B-C|C-D|D-A|E-E|F-B
rectangle-opposite,wave,78,10,True,22,228,40,40,0,1.7096845359357655,13.89485944941692,22.978853488696455,13.78825163917301,1.6113608444586958,13.78821284156057,0.018825449505937897,2,1,0.026821415237819522,0.015927157015498333,0.06444363254277582,2.402693220002318,True,True,7.614543750858903e-15,5.0242958677880805e-15,5.721689223181559e-15,True,0.13206929006172838,0.4503388968118645,True,A-A|A-D|B-B|C-C|D-C|D-E
rectangle-same,trapezoid-ext,34,10,True,10,83,17,17,0,2.6990461187749135,16.122916773619732,23.83511702864333,13.496222026888512,5.772504520109203,13.495342668373283,0.10297243494594532,1,1,0.026773055898165588,0.010589031996013439,0.06920006433670844,2.590245926800158,True,True,0.8966897018501562,0.185250817333362,0.8773451749918292,True,0.08102695329584397,0.46111470751115125,True,A-A|A-C|B-D|C-A|C-D|D-B
pyramid,rectangle-opposite,180,10,True,10,556,134,134,0,1.7367419495680574,16.354873284669452,22.493737887049143,14.445693389301976,6.927304564675436,14.44514814742245,0.0939337693117892,13,1,0.026679106764704405,0.013672743574264831,0.06757495427229294,2.564401547200818,True,True,1.2970142174948615e-14,7.32410687763558e-15,1.0704300373371068e-14,True,0.2720719740097186,0.4179157688864527,True,A-A|B-C|C-A|D-D|E-D|F-B
trapezoid-ext,rectangle-same,34,10,True,10,84,17,17,0,2.9777377242639576,14.937578213350209,22.18966579084167,14.168866628862151,4.77817348551409,14.16822216424574,0.07094909892738421,3,1,0.026658598229324076,0.00911128257347521,0.06484908194211142,2.439735828828974,True,True,8.528507527797939e-15,3.2023728339893768e-15,7.904444881446953e-15,True,0.18332245630217098,0.4382137016400991,True,A-A|A-D|B-B|C-C|D-A|D-C
rectangle-opposite,cross,78,10,True,14,128,50,50,0,2.1763808313239403,14.54488818342578,22.198664247582997,14.429665351214842,1.5271443850908937,14.429634146867981,0.01424627655402233,4,1,0.026612096537128267,0.01932800986414295,0.06394015598585989,2.4046173738204066,True,True,1.3642991556187563,0.5559287422365946,1.2458954288291169,True,0.24486350500313978,0.36990647383846204,True,A-C|A-D|B-E|C-B|D-A|D-D
arrow,parallelepiped-int,78,10,True,8,245,48,48,0,1.6991241160848074,13.637540437021983,23.719393277104345,13.472385633398522,1.923424822860264,13.47230691812522,0.009270659504393208,2,1,0.026570538509716825,0.007586004927855732,0.06446167152292408,2.4260581508105488,True,True,1.3151340367799278e-14,8.881784197001252e-15,9.699054745056637e-15,True,0.1806428774965406,0.5495699539427199,True,A-B|B-C|C-A|C-B|D-C|E-D
hexagon,arrow,360,10,True,28,748,262,262,0,1.5444170389567535,14.049135984765666,23.919826060604795,13.873871324321964,1.6071666766480908,13.873846728754138,0.013332199209339812,4,1,0.02652150246936763,0.013889637908698802,0.06374259933708629,2.403430929703514,True,True,1.6048772088688292e-14,9.230220894641107e-15,1.3128827357795176e-14,True,0.06077524698881199,0.3515440624678419,True,A-A|B-D|C-C|D-E|E-B|F-C
central-trapezoid,arrow,168,10,True,9,466,113,113,0,1.5177658316951814,14.107637981783439,23.65083310454707,13.923706685784978,1.6925945798472672,13.923677674567527,0.012641192176049643,1,1,0.026509417433270906,0.013391261872493239,0.06418955817136132,2.421386978153642,True,True,6.836666485528232e-15,5.617333549722722e-15,3.8968670012594065e-15,True,0.08096940055903461,0.3676539667191418,True,A-B|B-C|C-D|D-C|D-E|E-A
hexagon,central-trapezoid,360,10,True,24,1071,273,273,0,1.6408693880202136,13.882680563752954,23.86656816084617,13.774663082878227,1.577819321829714,13.774609596939557,0.010080265151366063,12,1,0.026503363880345795,0.008939768787815416,0.0637488990672097,2.4053135049201892,True,True,4.782987168225453e-15,1.7763568394002505e-15,4.440892098500626e-15,True,0.056082058436372685,0.4782991823283104,True,A-D|B-E|C-C|D-A|E-B|F-D
pyramid,parallelepiped-ext,180,10,True,8,602,122,122,0,1.723426312096654,16.672187299704362,22.735293981891008,14.990952694290922,7.022285957659127,14.990120084700632,0.09524690191321916,1,1,0.02644709042002459,0.025972030158054,0.0669100950584918,2.529960536143907,True,True,1.478390254813649e-14,1.422645865968639e-14,4.021398830883446e-15,True,0.0787664542527847,0.473576830147257,True,A-A|B-D|C-A|D-D|E-B|F-C
3X2,rectangle-same,180,10,True,66,228,90,90,0,1.8490288174780845,15.001419059299035,21.420723670253388,14.766910891739556,2.410008614954638,14.766870806393865,0.011539030922810056,10,1,0.025940900067739286,0.012986100918178822,0.062119472340638554,2.410468342834908,True,True,1.8965326122317253e-14,1.6558335314000556e-14,9.246898212642509e-15,True,0.2383855662399164,0.4355693119706838,True,A-D|B-A|C-B|D-A|E-C|F-C
rhombus-ext,two-triangles,180,10,True,24,707,105,105,0,1.8673771191868274,13.92260281535234,23.537592394939107,13.785266594932693,1.7126450190942337,13.785239211176561,0.01143460841322863,4,1,0.025928639607281236,0.014638629970412329,0.056682498846400704,2.402095496216061,True,True,1.0058400026574543e-14,8.926082647349967e-15,4.636427468134552e-15,True,0.08661362488053023,0.4633533918727237,True,A-C|A-D|B-E|C-A|D-B|D-F
pyramid,central-trapezoid,360,10,True,10,1192,267,267,0,1.8774692753364333,16.93446426047759,22.72789525875752,15.394703464187103,7.015785377357469,15.39361165219903,0.10032124521244068,6,1,0.02586706495142373,0.013456769479290547,0.06591426619577866,2.54819270448968,True,True,1.7415998910699296e-14,1.2685725232129475e-14,1.193270268599669e-14,True,0.07628252187077172,0.4993505740910072,True,A-D|B-A|C-D|D-E|E-B|F-C
cross,central-parallelepiped,168,10,True,30,332,102,102,0,1.88741314400129,14.134039607132635,25.01380577018084,13.109295953491763,4.672693599007502,13.108255612213,0.07720030837469416,11,1,0.025668884863020137,0.006776487483678448,0.06324766732703183,2.4671841014153397,True,True,1.0959200373197812e-14,9.272854936269104e-15,5.8410815908364745e-15,True,0.16869761618092205,0.4179157688864527,True,A-C|B-E|C-A|D-C|D-D|E-B
pentagon,wave,168,10,True,0,575,127,127,0,1.7286954675271224,13.944391618598386,23.97947201272092,13.680465988839645,2.3233440136125774,13.680278381384708,0.02469212852010294,1,1,0.025593943726934954,0.012392766082329152,0.062004331437055124,2.4226173230115386,True,True,1.1306846176205823e-14,6.661338147750939e-15,9.136265349348076e-15,True,0.12057033352284309,0.5123965471788692,True,A-D|B-A|C-C|D-C|E-B|E-E
rectangle-opposite,parallelepiped-int,34,10,True,14,78,14,14,0,8.842100312000737,13.712458468725547,21.797199701331728,13.5813807998133,1.671845900925137,13.581339089396865,0.015377154386716718,1,1,0.025578309911918083,0.02395201510926993,0.06152424104528808,2.405328626369531,True,True,9.204143938995643e-15,9.155133597044475e-15,9.485749680535094e-16,True,0.11017192059405818,0.4182034220705242,True,A-A|A-D|B-C|C-B|D-B|D-C
2X3,central-trapezoid,360,10,True,44,1188,213,213,0,1.5631048335740565,13.753390540672966,23.55344071930195,13.498875578472964,2.1227213862804355,13.49882507582307,0.016905559809566206,3,1,0.025573758988292047,0.022167206290964938,0.061392593835953004,2.4006089157272195,True,True,1.0882451166731895e-14,5.102196573270515e-15,9.612249139718082e-15,True,0.2760604098795084,0.4759218661878611,True,A-D|B-E|C-D|D-A|E-C|F-B
hexagon,trapezoid-ext,180,10,True,12,486,127,127,0,1.7828147575724906,14.751121262440574,23.282724552724282,14.683913118905815,1.2467418378010908,14.683872756299358,0.010880720513846143,1,1,0.025553794119532697,0.005332630367790653,0.06181355355730056,2.425641014970831,True,True,0.34141875941056216,0.13339172939739322,0.314282382270817,True,0.16058004723348007,0.4770498073548985,True,A-D|B-B|C-A|D-D|E-C|F-A
2X3,wave,360,10,True,88,420,232,232,0,1.6931322908736652,14.121737141452087,23.323603776868975,13.971501812449716,1.8295983717111242,13.971457941178098,0.018035117673068868,2,1,0.025304689127417533,0.013382587164333533,0.061303192660979326,2.4226020858148996,True,True,1.439184808935572e-14,1.040534282191528e-14,9.942541535518372e-15,True,0.2351315404009257,0.49573600680125657,True,A-A|B-E|C-B|D-C|E-D|F-C
parallelepiped-ext,base-trapezoid,78,10,True,0,213,56,56,0,2.22223047702021,14.8499514327637,21.010506807816338,14.655459240307973,1.9857816429709476,14.655425275234549,0.020853486661669862,5,1,0.025122648566186193,0.014453596691536194,0.061482393366879995,2.490359908892029,True,True,1.2421108514497738e-14,8.992806499463768e-15,8.568160128763375e-15,True,0.14884906941684542,0.3846245126357791,True,A-A|A-E|B-B|C-B|D-C|D-D
parallelepiped-int,cross,78,10,True,8,379,42,42,0,1.74298509583972,14.366096457499403,22.5485927450039,14.279839910141218,1.5990291792009346,14.279839866026668,0.02070696157611529,9,1,0.024995649206575224,0.005155950821436584,0.06077918702150403,2.4315906548054684,True,True,7.793734002518813e-15,3.972054645195637e-15,6.705600017716362e-15,True,0.11829472262832214,0.45336865794965664,True,A-D|B-A|B-D|C-B|C-C|D-E
rectangle-same,wave,78,10,True,6,246,53,53,0,2.136146867648131,15.534139165224218,25.513924870599762,13.499553238518335,6.1428804575793095,13.499226363286352,0.09767548265610415,1,1,0.02462652596109645,0.015892777491996326,0.06404474592553115,2.600640708588183,True,True,7.377764055609925e-15,1.7763568394002505e-15,7.160723346098895e-15,True,0.10229393814506535,0.4668891668184871,True,A-A|A-C|B-B|C-C|C-D|D-E
trapezoid-int,pyramid,180,10,True,16,429,139,139,0,2.253564536039615,14.512633717722291,24.398500786556546,14.246197471733465,5.607916990972686,14.246046960834803,0.06572206176814355,2,1,0.024597074501555058,0.009263361235694727,0.06371409916044377,2.5903120778211117,True,True,6.1854469444995704e-15,3.972054645195637e-15,4.741575244451873e-15,True,0.06067647804899474,0.41115190529900336,True,A-A|B-B|B-D|C-C|C-E|D-F
wave,cross,168,10,True,28,661,100,100,0,1.5388728325900318,14.582346073663956,23.032168803911443,14.495435631444503,1.3171974423571435,14.495397992580886,0.00950946417230547,4,1,0.024332907212248855,0.004318828652593602,0.059228224934538935,2.4340792663165316,True,True,6.217248937900877e-15,3.972054645195637e-15,4.782987168225453e-15,True,0.1411491917786438,0.5529367816788265,True,A-A|B-D|C-B|C-E|D-C|E-D
parallelepiped-ext,3X2,180,10,True,48,526,94,94,0,1.8596201780038102,13.734529987529477,23.652474932469755,13.666226141654635,1.6915122050595892,13.666198964819326,0.02239577079796007,8,1,0.024315682420001587,0.007897452165831452,0.06089557378751831,2.5043744500227083,True,True,6.951095629092365e-15,6.646518689688359e-15,2.0350724194510405e-15,True,0.05118028238256919,0.42827695480702754,True,A-A|A-C|B-E|C-D|D-B|D-F
arrow,central-trapezoid,168,10,True,9,456,124,124,0,1.550610190054197,14.060361175935975,23.668122667356798,13.875775006277582,1.6949340718205943,13.875753499764523,0.01372533153517086,5,1,0.024160880008021277,0.010133353925252858,0.0585924182786148,2.4250945437071185,True,True,1.1842112393301474e-14,9.686497065639111e-15,6.812297742535133e-15,True,0.13150671008127005,0.3846245126357791,True,A-D|B-E|C-A|C-B|D-D|E-C
central-parallelepiped,two-triangles,360,10,True,36,1694,221,221,0,1.5138544674980992,13.75191297543655,23.786689346775027,13.583683458643835,1.8539232933987226,13.583669348675745,0.01174555865768756,10,1,0.024046429999829273,0.018402499762756923,0.05772557120125624,2.4005879958757324,True,True,5.608549598219476e-15,3.580361673049448e-15,4.3170405239986345e-15,True,0.05203632867502829,0.4652866157331114,True,A-C|B-B|C-A|C-E|D-F|E-D
trapezoid-int,vertical-parallelepiped,180,10,True,28,755,112,112,0,1.8620064619065322,15.711580880688038,22.620914411407053,14.648894249487286,5.259398935429784,14.647535645860842,0.07232064145589057,2,1,0.02357951128842503,0.013361950359866431,0.06127303548106225,2.598571053130377,True,True,1.9935619702956876e-14,1.6786410591167913e-14,1.0753852909801591e-14,True,0.08217843836096399,0.447246773371714,True,A-E|B-C|B-D|C-B|C-F|D-A
2X3,parallelepiped-ext,180,10,True,60,234,98,98,0,4.172040159889302,13.67582281875211,21.892343282646923,13.506889980862148,1.796480639564475,13.506832879521221,0.013381432174963237,3,1,0.023454228674357633,0.027032653798244113,0.05575870880437108,2.377341398795678,True,True,7.892865999582457e-15,6.936895214610187e-15,3.7652116101068015e-15,True,0.08266256000251289,0.4182034220705242,True,A-D|B-A|C-D|D-C|E-A|F-B
base-trapezoid,pentagon,168,10,True,0,606,117,117,0,1.9496044065996543,15.502834475162075,26.36509236560543,13.49821142484198,6.494488711129803,13.498035809272313,0.08995771431780941,6,1,0.023270156358701926,0.020973489747144886,0.06004934739391162,2.583472330141919,True,True,9.627624648035926e-15,9.272854936269104e-15,2.589462819655575e-15,True,0.22587612570899776,0.49737727003802984,True,A-B|B-A|B-D|C-E|D-E|E-C
rectangle-same,2X3,180,10,True,60,143,106,106,0,1.9754949525118184,15.321213642846015,26.48820741329272,13.38022940334107,6.414068505334868,13.379656362402844,0.09977582034460752,12,1,0.023220647103044414,0.013147466288100516,0.06034420798778351,2.598730677917753,True,True,1.067662871904967e-14,9.057678187205881e-15,5.65233285126159e-15,True,0.3564150922400532,0.31140856846121034,True,A-A|A-B|B-E|C-C|C-D|D-F
pyramid,pyramid,720,10,True,106,1394,514,514,0,1.6790588440127756,15.411376767296225,24.403081429239283,14.281426632187195,6.405365098417019,14.278503536744761,0.08592960616745327,6,1,0.023205914494527677,0.015857470383650808,0.05667110883112004,2.5452848476695973,True,True,7.781071550610022e-15,2.8435583831733384e-15,7.242875823676482e-15,True,0.05862674768561603,0.4475031594694418,True,A-A|B-D|C-B|D-F|E-E|F-C
pyramid,arrow,360,10,True,37,583,278,278,0,1.7126434278994176,16.81122529737644,22.743961306632112,14.982449822350578,6.629124420894628,14.980964595130551,0.10235675019692714,5,1,0.023198106629935673,0.010326707773588411,0.058853229487383495,2.56348828824867,True,True,3.972054645195637e-15,1.7763568394002505e-15,3.552713678800501e-15,True,0.21131544149447104,0.48264671751891813,True,A-E|B-A|C-C|D-C|E-D|F-B
rhombus-ext,horizzontal-parallelepiped,180,10,True,40,420,103,103,0,1.7701374920272248,13.952931892329165,23.39897566072067,13.779572149188896,1.7990630920820183,13.779529354709952,0.01288074419079166,6,1,0.023156900372895698,0.014070114179663343,0.05596435082849325,2.4167461934584935,True,True,9.565974336450906e-15,6.4047456679787536e-15,7.105427357601002e-15,True,0.16980948776238428,0.45323801017551585,True,A-B|A-C|B-A|C-F|D-D|D-E
central-parallelepiped,trapezoid-ext,78,10,True,12,327,44,44,0,1.648884962063611,14.547158371027491,22.763719861120283,14.478401017771485,1.277016065138776,14.478392342169936,0.01572568829520371,2,1,0.023146216428784772,0.004540188201818373,0.0559061819330571,2.4153486210183295,True,True,1.6146780768176188e-14,1.3053503572900977e-14,9.503924118373728e-15,True,0.07311049522106648,0.48878242500098273,True,A-C|B-A|C-B|C-D|D-A|E-D
wave,base-trapezoid,168,10,True,26,359,112,112,0,2.192578934811752,15.102778071214866,21.517337337079297,14.997067724659011,1.5950115374660898,14.997060154587961,0.01078549223276859,9,1,0.023089152066246434,0.005956479383476598,0.05603262018352562,2.426794194206836,True,True,2.04035112350576,1.4212227156081902,1.4639531071146026,True,0.17845625682170344,0.5263781171411518,True,A-D|B-C|C-A|C-B|D-E|E-B
wave,arrow,168,10,True,60,213,85,85,0,1.5193906737670582,14.068579756576717,23.87097684288462,13.949313523294956,1.5308492362305846,13.949286634936794,0.011533911368674765,3,1,0.023003325794471452,0.006573152383923307,0.055525387983717214,2.4137982689903916,True,True,7.49708873476879e-15,6.646518689688359e-15,3.4684476073050936e-15,True,0.13834593641938572,0.41981971932396717,True,A-C|B-D|C-A|C-E|D-B|E-C
central-trapezoid,parallelepiped-int,78,10,True,2,302,52,52,0,1.51711833758786,13.759995861431783,23.772169734251623,13.565952193449275,1.7880091131705629,13.565944784588993,0.009348497161337121,5,1,0.02295828094364354,0.006866046892659088,0.055417767565516786,2.4138465637541695,True,True,9.003764988220374e-15,8.926082647349967e-15,1.1801832636420706e-15,True,0.13768673688960578,0.43871064769360363,True,A-B|B-C|C-B|D-A|D-C|E-D
hexagon,wave,360,10,True,56,572,250,250,0,1.5793114160796324,14.217541264185021,23.872882187739716,14.131532063016902,1.276231846417843,14.13151242187784,0.01177850733337138,2,1,0.0228989741350008,0.007690966590538202,0.05538213254382415,2.418542080414565,True,True,1.0146247982941381e-14,8.926082647349967e-15,4.824043605111779e-15,True,0.10082271163635133,0.41558740005427486,True,A-E|B-C|C-C|D-D|E-A|F-B
pyramid,rhombus-int,180,10,True,12,722,113,113,0,1.9343285578629912,16.910192503686005,22.722021477019073,15.325711046633216,6.877719962797671,15.324970893964311,0.10341505169191212,16,1,0.022870154713307545,0.00697750040235269,0.0583745615552587,2.56126285097272,True,True,7.768388458966724e-15,5.617333549722722e-15,5.365950338995594e-15,True,0.1749074653663909,0.3902008642505306,True,A-C|B-B|C-B|D-A|E-D|F-C
central-parallelepiped,arrow,168,10,True,24,979,62,62,0,1.5370450570169014,13.794095114886751,23.429068487122343,13.599048262108667,1.9051937194273993,13.599000959833388,0.014270645200323173,7,1,0.02284291107252703,0.014910236580481899,0.055204888741286526,2.416718629513073,True,True,8.948149634417873e-15,5.687116766346677e-15,6.90840681820861e-15,True,0.23197865186539987,0.41981971932396717,True,A-C|B-E|C-A|C-D|D-C|E-B
parallelepiped-int,pyramid,180,10,True,4,632,137,137,0,2.0975898677996554,12.86548073912098,25.33411927075599,12.72645315943305,1.8080467400099054,12.726436741200963,0.015408936604710988,11,1,0.02237077647706592,0.007366247936793614,0.05429806423396824,2.4271872855925922,True,True,1.5152313763228707e-14,1.2378862259480131e-14,8.738213864408936e-15,True,0.3939071978867577,0.3914966099903299,True,A-B|B-C|B-F|C-A|C-E|D-D
base-trapezoid,rhombus-ext,78,10,True,18,189,40,40,0,2.8019401659917667,15.664186668662795,25.93721487845035,13.6386582609536,6.59499274865059,13.636464805282527,0.1207641739595946,10,1,0.022349539717253453,0.007998987704318353,0.05534982028817398,2.598910408449963,True,True,7.588599744428075e-15,5.617333549722722e-15,5.102196573270515e-15,True,0.0628134731191874,0.49463167676755143,True,A-A|B-A|B-C|C-D|D-B|E-D
pyramid,rhombus-ext,180,10,True,16,608,108,108,0,1.5231671859150888,16.95209208151737,23.131137153247035,15.569911299570826,6.681392569142153,15.568913205743627,0.09504761518020644,20,1,0.02226776002503181,0.005883538520456474,0.05669622853278987,2.552552939315352,True,True,6.3467479840346516e-15,4.577566798522238e-15,4.39625888431457e-15,True,0.05923417503195281,0.45673777918439046,True,A-B|B-A|C-C|D-D|E-D|F-A
central-trapezoid,trapezoid-ext,78,10,True,2,216,60,60,0,1.5941626387215633,14.677486437994652,23.00043748141867,14.605682162335093,1.341824722290387,14.605673414174372,0.014473566224697976,3,1,0.022246850678670157,0.0031247552848523096,0.053580465466250615,2.4186961268557994,True,True,0.16274472500550768,0.09925669386840855,0.1289726879592394,True,0.06170445053921273,0.48878242500098273,True,A-C|B-A|C-D|D-A|D-D|E-B
pyramid,pentagon,360,10,True,1,1422,282,282,0,1.908328327917473,16.561110818122167,22.884748165217133,14.40842807407729,6.863639754246053,14.406709494985227,0.09479669405298985,7,1,0.022218692757101043,0.02006482778514513,0.05648882385949695,2.5424008728615797,True,True,1.229857040929538e-14,1.1529760989777045e-14,4.280122151412432e-15,True,0.1067235608597896,0.3581303928054846,True,A-A|B-C|C-E|D-E|E-B|F-D
rectangle-same,parallelepiped-ext,34,10,True,6,86,20,20,0,1.9155940800992892,14.896428996205216,25.599361407896563,13.1603728738391,6.331449769454156,13.158461467186111,0.09428901020566016,2,1,0.022063806271357667,0.036287370160450534,0.05643483769731392,2.557801541730147,True,True,6.959973469954523e-15,6.2919049409430014e-15,2.9754265100331173e-15,True,0.11017192059405818,0.4182034220705242,True,A-A|A-D|B-C|C-A|C-D|D-B
arrow,wave,168,10,True,60,210,86,86,0,1.9162501338070832,14.184641105032266,23.68248381988036,14.07733460391519,1.5023944936004336,14.077313409252884,0.015192281682043784,2,1,0.021657976912238846,0.006651652516398289,0.05240545423381335,2.419683724207833,True,True,7.119291619286993e-15,5.687116766346677e-15,4.2826412465193164e-15,True,0.147759826362048,0.49463167676755143,True,A-D|B-C|C-A|C-E|D-B|E-C
arrow,trapezoid-int,78,10,True,8,227,50,50,0,1.932724021291524,12.913463730665196,24.452117317374356,12.628226327731705,2.152714161681727,12.628226327731705,0.009632842045990131,2,1,0.021124332176931392,0.01057766651657997,0.05076655045207662,2.4032262902737207,True,True,5.417387826669829e-15,5.043883840194739e-15,1.976695897494813e-15,True,0.08078756442080194,0.417569255938564,True,A-A|B-C|C-B|C-C|D-D|E-B
vertical-parallelepiped,rhombus-int,180,10,True,40,455,106,106,0,1.5716848159787322,13.990300890345388,23.62319960697816,13.89506721915329,1.764951122025873,13.895065770667616,0.013617557663410551,11,1,0.020994866017233667,0.012510008488946386,0.05083984215941883,2.4215368708562783,True,True,1.0371631822864657e-14,9.745498011827247e-15,3.5490865262106543e-15,True,0.2952393200005756,0.41115190529900336,True,A-B|B-C|C-C|D-D|E-B|F-A
arrow,3X2,360,10,True,44,1610,253,253,0,1.5183213652511955,13.880025317868345,23.808870472333904,13.753930854263036,1.6009986811840098,13.753852512921974,0.014773058010686846,8,1,0.0208240925329201,0.00746000422275482,0.05033341664742934,2.4170761135381507,True,True,3.871479975306501e-15,1.9860273225978185e-15,3.3232593448441795e-15,True,0.06388997079492646,0.3846245126357791,True,A-E|B-F|C-B|C-D|D-A|E-C
arrow,hexagon,360,10,True,28,742,266,266,0,1.5288798454741934,14.06936729725118,23.858376673621414,13.92781334270946,1.6707342851849816,13.927762919088721,0.012899953531534614,14,1,0.020818850812424135,0.008070685176518889,0.05019951610048173,2.422346082617757,True,True,3.1401849173675502e-15,2.5121479338940403e-15,1.88411095042053e-15,True,0.23571055269387717,0.49463167676755143,True,A-F|B-D|C-A|C-C|D-B|E-E
rectangle-opposite,triangle,15,10,True,2,52,9,9,0,9.062578507399046,13.894657944773698,22.341753454012434,13.830703680292057,1.3050034539234132,13.830682922238715,0.01654971070196609,1,1,0.02068187844198673,0.009734642095963414,0.05004148932966892,2.419581445178529,True,True,9.607118501968132e-15,5.329070518200751e-15,7.993605777301127e-15,True,0.12184551932853434,0.47087587555643834,True,A-B|A-C|B-B|C-A|D-A|D-C
pentagon,trapezoid-int,78,10,True,0,272,53,53,0,2.3429365178918506,13.134269386326938,25.10391102427149,12.865554298001708,2.491208853987886,12.865554298001708,0.023574603610255096,2,1,0.020659297854032414,0.014087671057801178,0.0498476867735571,2.4128451569726272,True,True,8.326672684688674e-15,3.972054645195637e-15,7.318214255781273e-15,True,0.1322007166005175,0.42839650385605366,True,A-C|B-B|C-C|D-A|E-B|E-D
rhombus-int,arrow,78,10,True,6,365,45,45,0,1.565205801657816,13.841904791271778,23.40475110026429,13.704471469788375,1.490337868680248,13.704386915716738,0.013991796608793905,4,1,0.02036430476152033,0.00993541271768415,0.048990178808874886,2.417140834610387,True,True,1.2734698495886674e-14,1.0593180059249863e-14,7.06803240042442e-15,True,0.11672274849545541,0.4179157688864527,True,A-E|B-B|B-C|C-A|C-C|D-D
rhombus-int,parallelepiped-int,34,10,True,10,159,7,7,0,9.14200967613935,13.789551730405645,22.568367737724607,13.69319783901237,1.7468071861259282,13.6931449375245,0.013919624904426442,7,1,0.020341158032561056,0.009724897651172511,0.048905103070241394,2.411301192694157,True,True,9.210691009054037e-15,8.37253965871905e-15,3.838933253840911e-15,True,0.12424928129590786,0.4633533918727237,True,A-B|B-B|B-C|C-A|C-D|D-C
rhombus-ext,trapezoid-int,34,10,True,6,97,20,20,0,2.3741536899268865,12.841671480929339,24.80851560034283,12.502033225120158,1.4312268219457922,12.502024660844011,0.010678612285689226,2,1,0.02023161272628333,0.013136741293409592,0.048980357602332464,2.4209813752860643,True,True,8.110531118831205e-15,5.407139474782739e-15,6.045126775327016e-15,True,0.09226581586328261,0.41427204311211313,True,A-A|A-B|B-C|C-C|D-B|D-D
pyramid,trapezoid-int,180,10,True,16,416,136,136,0,2.631797710654396,14.743678380737967,24.166912492851115,14.202688547692894,7.235568927638278,14.20133408013422,0.07945563734963024,2,1,0.020170740265890916,0.014540722731448253,0.051006421647128174,2.52873325295755,True,True,5.88418203051333e-15,4.782987168225453e-15,3.4273359795629357e-15,True,0.09226581586328261,0.41427204311211313,True,A-A|B-B|C-C|D-B|E-D|F-C
rhombus-int,triangle,15,10,True,0,81,9,9,0,9.179139488633828,14.061277612742831,23.089595309526523,14.002640109678264,1.2287835405091156,14.002605096786068,0.016295012006784404,2,1,0.020094113846492886,0.00249292534715853,0.048699871527263155,2.431102984416141,True,True,1.3810542217849187,0.28381258134195697,1.3515772941944395,True,0.2284323267142786,0.5203922556056874,True,A-B|B-B|B-C|C-A|C-C|D-A
pentagon,central-trapezoid,168,10,True,0,660,125,125,0,1.6139348676467724,13.744272747058538,24.088397418821664,13.426833653860353,2.439046923850539,13.42676046846035,0.020798330147334454,6,1,0.019940671968684195,0.012927201213276424,0.048027186523373074,2.408503915956158,True,True,9.769962616701378e-15,7.32410687763558e-15,6.466036496704424e-15,True,0.0750628440621359,0.4144789216915609,True,A-D|B-D|C-C|D-A|E-B|E-E
two-triangles,base-trapezoid,360,10,True,12,932,270,270,0,2.0038151799163133,14.607691394806434,22.094211654960773,14.474576588659597,1.8224637106782233,14.47454945512526,0.013844613278223505,12,1,0.01970182233505474,0.016359401522929782,0.04740157662293206,2.4059488415237684,True,True,6.936895214610187e-15,5.329070518200751e-15,4.440892098500626e-15,True,0.09132609012513435,0.3846245126357791,True,A-E|B-B|C-A|D-B|E-C|F-D
2X3,trapezoid-int,180,10,True,60,188,109,109,0,2.000299324680197,12.732064189262289,25.038796291584415,12.525494797851636,1.99338000481914,12.525494797851636,0.012432493064079786,1,1,0.01957705570900409,0.014809114894446371,0.04698695340293761,2.4001031667559114,True,True,1.0809718848603898e-14,9.272854936269104e-15,5.55555424028711e-15,True,0.05877026231621629,0.43871064769360363,True,A-B|B-A|C-C|D-D|E-B|F-C
trapezoid-int,arrow,78,10,True,8,225,53,53,0,2.033694033862367,15.943106990099954,21.75801717295985,14.826066314675169,5.333251084352779,14.825845048545789,0.07412277878761309,1,1,0.0195705598234554,0.011572321422117431,0.05068035403845649,2.5896220903050446,True,True,1.2627536317255994e-14,6.523209835906656e-15,1.0812141641707702e-14,True,0.1786912493449266,0.447246773371714,True,A-B|B-A|B-C|C-C|C-E|D-D
triangle,horizzontal-parallelepiped,90,10,True,6,236,60,60,0,1.640800514593384,14.034376660716763,23.815654558135655,13.947056752944004,1.3739293372437538,13.94702165842583,0.012476318990279012,5,1,0.019409133142861273,0.004598632996229974,0.04396416300699763,2.418435740922983,True,True,0.4947512676744979,0.08488215792556693,0.4874154656260116,True,0.13805415878909247,0.483970554010485,True,A-C|A-D|B-B|B-F|C-A|C-E
rhombus-int,trapezoid-int,34,10,True,0,199,25,25,0,2.0440011218093543,12.705858806564956,25.097787221900415,12.495132728658017,1.7817969175605282,12.495132353976087,0.011391322897592815,3,1,0.01938153658817541,0.0032806221583065753,0.04693252126241894,2.4215067287829113,True,True,2.220446049250313e-15,1.9860273225978185e-15,9.930136612989092e-16,True,0.26733405090770834,0.4801727562418158,True,A-A|B-B|B-C|C-B|C-C|D-D
cross,rhombus-int,78,10,True,26,132,38,38,0,1.669538174740251,14.125806072795536,24.817303114092795,13.119468173732583,4.858592324334169,13.11841643511254,0.07641678078063308,2,1,0.019053541043557134,0.006579236998171129,0.046770582872594633,2.45469242518623,True,True,1.1783541287344063e-14,1.090564566697963e-14,4.463041323674983e-15,True,0.11002267832771204,0.4475031594694418,True,A-C|B-C|C-A|D-B|D-D|E-B
pyramid,trapezoid-ext,180,10,True,13,502,125,125,0,1.8830883875006748,17.614392931543374,22.628461267401146,16.480710833187604,6.953380816029842,16.480050392437242,0.11397668158709795,16,1,0.018900246219403533,0.002816355251704339,0.048227084831897575,2.5536062357504887,True,True,1.1682163181672949e-14,8.140289677804162e-15,8.379058453350832e-15,True,0.10857512284706348,0.5104643952920104,True,A-D|B-A|C-A|D-C|E-D|F-B
trapezoid-int,base-trapezoid,78,10,True,14,110,57,57,0,2.401869631844014,15.866655798602508,22.149913360674752,14.197639330482552,5.650882533720063,14.196864112843292,0.08439744046404396,1,1,0.018883535152889014,0.013433447560834762,0.048998708841389134,2.5947847394396786,True,True,0.37956423487369323,0.18049231461793053,0.33390347820757144,True,0.27835994375359996,0.4824672296799091,True,A-B|B-A|B-D|C-C|C-E|D-B
vertical-parallelepiped,trapezoid-int,180,10,True,28,604,109,109,0,1.9233824342199783,12.757309840549166,25.42911994230343,12.573110841191513,1.832324452618781,12.573083489131161,0.012925846340633207,3,1,0.018633672593358786,0.012727858971581225,0.04486341685192614,2.4076529533912643,True,True,8.320379042385379e-15,3.972054645195637e-15,7.311052544233667e-15,True,0.08869605851321584,0.43871064769360363,True,A-B|B-C|C-B|D-C|E-D|F-A
arrow,cross,168,10,True,12,1012,118,118,0,1.762594517842148,14.308970306896384,22.78794525598234,14.18487394921428,1.5272368046582048,14.184840026877334,0.015232930110897769,5,1,0.0186212837492396,0.008259480393349342,0.04499442120022821,2.416289972600066,True,True,7.562566735475685e-15,4.070144838902081e-15,6.373879244140267e-15,True,0.05447762345473792,0.49463167676755143,True,A-E|B-D|C-A|C-B|D-C|E-D
wave,pentagon,168,10,True,0,562,119,119,0,1.5913851217765231,14.180345058778688,23.59585035628477,14.075366707851755,1.5179838637898266,14.075358631773636,0.010444017757699875,14,1,0.018605886937540096,0.005815559478833687,0.04508023873597856,2.4229018959059987,True,True,1.1611288880004076e-14,1.0395861869767154e-14,5.171855125545155e-15,True,0.2741399145554463,0.403356028754083,True,A-B|B-E|C-D|C-E|D-A|E-C
arrow,trapezoid-ext,78,10,True,8,216,49,49,0,1.7976251412854891,14.759686173468573,22.87836177348407,14.679172844353506,1.3692633354057593,14.679125191234633,0.017020494102773398,8,1,0.018507981650158316,0.001915858240475873,0.04497411111853567,2.429984639527183,True,True,7.283604593613869e-15,2.5121479338940403e-15,6.836666485528232e-15,True,0.13578769244003688,0.5405520175158985,True,A-C|B-A|C-A|C-B|D-D|E-D
central-parallelepiped,cross,168,10,True,30,330,102,102,0,1.854551718361656,14.650985297452532,22.795016464437936,14.564341942292552,1.3713006879534964,14.564319103873629,0.014018734853870285,5,1,0.01822262167826604,0.006861969751803731,0.044278911934145807,2.4298870226207283,True,True,1.8071757378890932e-14,1.2047838252593955e-14,1.3469892657361183e-14,True,0.27613750984798796,0.45336865794965664,True,A-D|B-C|C-A|C-B|D-D|E-E
3X2,cross,360,10,True,62,470,251,251,0,1.790767016335675,14.793967619174829,23.244052045148244,14.72568345153082,1.31459289627174,14.72566026335342,0.012758280517649823,5,1,0.018102517998730028,0.0043506897339448585,0.04411879003748469,2.437163163742183,True,True,8.236627820231227e-15,1.9860273225978185e-15,7.993605777301127e-15,True,0.1722197999133816,0.5100712246168457,True,A-D|B-E|C-A|D-D|E-C|F-B
rhombus-int,trapezoid-ext,34,10,True,0,175,23,23,0,9.147750573402881,14.637311923715034,23.06239868753455,14.56687617661249,1.1604326122711064,14.566827844721372,0.01595432722477419,6,1,0.018092054596156797,0.001283826731404452,0.04398298230604311,2.43106619385209,True,True,4.118313910115614e-15,1.831026719408895e-15,3.688882027804963e-15,True,0.09385233977407414,0.5298130983811192,True,A-A|B-C|B-D|C-A|C-B|D-D
base-trapezoid,central-parallelepiped,168,10,True,12,714,88,88,0,1.7564073366840323,15.41389177719594,26.35680166449822,13.549372279721368,6.234784259554627,13.549372279721368,0.10073014266395397,14,1,0.017954534585717916,0.014909034540736048,0.04646564043748374,2.600819138740389,True,True,0.8713506686209418,0.43152998547751104,0.7569899994979732,True,0.2923922827700224,0.4652866157331114,True,A-C|B-A|B-D|C-E|D-B|E-C
rhombus-int,central-parallelepiped,78,10,True,22,72,48,48,0,9.284221382721807,14.237700575887487,23.40051886893209,14.11677419653563,1.9251980954429064,14.116756612674594,0.016566646276976016,5,1,0.01784273570125775,0.006664862982178271,0.043066573120422516,2.422482928009573,True,True,0.18346195416145564,0.03442981103077547,0.18020232167518027,True,0.2728883806373738,0.4179157688864527,True,A-A|B-C|B-E|C-B|C-C|D-D
3X2,parallelepiped-int,180,10,True,52,474,103,103,0,1.6125942666992765,13.793294817109272,23.702310242637466,13.735763301088117,1.3688297196667807,13.735730444721636,0.012953319890342208,13,1,0.017730657076709642,0.004506857668013048,0.038780259261653204,2.4046562854130995,True,True,5.121486610213742e-15,2.5121479338940403e-15,4.463041323674983e-15,True,0.058156803745740504,0.4789484948997717,True,A-C|B-D|C-B|D-A|E-B|F-C
trapezoid-int,central-parallelepiped,78,10,True,12,389,40,40,0,1.9524693610523742,15.665310056032789,22.833481896618927,14.76047882627993,5.144439880609337,14.759143908622177,0.06813341221539737,2,1,0.01770236767063159,0.010288615165294397,0.04582108951983583,2.5884158759087064,True,True,2.6291431459696363e-14,2.25438159633332e-14,1.3528330643921842e-14,True,0.17887259644179032,0.4824672296799091,True,A-B|B-A|B-E|C-C|C-D|D-C
base-trapezoid,central-trapezoid,168,10,True,0,616,119,119,0,1.5403784499922297,15.35670255878679,26.431758854481824,13.555836287366525,6.037816561986171,13.555377642735639,0.11113373758566603,19,1,0.017359520890897585,0.0067995336454257285,0.04516213254032158,2.601577130161594,True,True,0.6059457448792602,0.2842431734015038,0.5351411627897112,True,0.12664266548531303,0.5174248366170574,True,A-D|B-A|B-B|C-D|D-C|E-E
parallelepiped-ext,trapezoid-int,34,10,True,6,65,22,22,0,2.7160717121452573,12.882442848036119,24.978894286714695,12.679582984197818,2.377064355711371,12.679582984197818,0.01695292993067099,5,1,0.016851528073919486,0.002359576176356772,0.038067845960622015,2.4985888647808574,True,True,8.36728183691483e-15,5.197930934883577e-15,6.556898606395034e-15,True,0.1340957871436216,0.417569255938564,True,A-B|A-C|B-A|C-D|D-B|D-C
horizzontal-parallelepiped,trapezoid-ext,180,10,True,16,421,128,128,0,1.7514655752773334,14.604950222996242,22.24269082487882,14.530415799125228,1.3753307997446937,14.530400817812808,0.015403067162589323,10,1,0.016806123538795355,0.0022970802301794566,0.04049381517331005,2.4188334360847015,True,True,0.18791465085739634,0.05312352297977862,0.18024929212919008,True,0.08795016286491426,0.46111470751115125,True,A-A|B-D|C-A|D-B|E-D|F-C
triangle,wave,36,10,True,2,64,27,27,0,1.649863995156817,14.455458734623983,23.946096751645783,14.320826910648119,1.3242240705978068,14.32082466350635,0.015199635236710307,2,1,0.0166878186739988,0.0021366048537897033,0.04046794410766505,2.4249990306233333,True,True,1.1529226449755443e-14,4.351167857633658e-15,1.067662871904967e-14,True,0.18733334771241245,0.47155867269229795,True,A-B|A-D|B-C|B-E|C-A|C-C
central-trapezoid,wave,168,10,True,14,486,109,109,0,1.5242327967291294,14.17919924909599,23.554245069591317,14.067930161824975,1.427047391151142,14.067896831637555,0.011973413016130863,6,1,0.016610758338506056,0.0032252645192688287,0.04045423930374772,2.4354239872341736,True,True,7.95651227888113e-15,5.4930801582266845e-15,5.756054031998179e-15,True,0.4353114595891255,0.5196985145449446,True,A-A|B-B|C-C|D-C|D-E|E-D
horizzontal-parallelepiped,triangle,90,10,True,6,223,62,62,0,1.7913570484153678,14.135319573182052,23.7268008442584,14.02796553811847,1.362944347659159,14.027900127812874,0.016026953273756916,3,1,0.016457363232565168,0.004978355112034621,0.039987598777405674,2.4297694723222625,True,True,9.057678187205881e-15,8.331852114593072e-15,3.552713678800501e-15,True,0.23373934116623202,0.5415070311565382,True,A-B|B-B|C-A|D-A|E-C|F-C
rectangle-opposite,central-parallelepiped,78,10,True,22,154,40,40,0,1.716632535114249,13.649879113591457,23.128410005743632,13.35403022908728,2.8794850851711242,13.354014754327157,0.016093205644240882,9,1,0.016224094279890543,0.024320314876687132,0.038283193971345136,2.38525305565226,True,True,6.5869074524510855e-15,4.782987168225453e-15,4.5288390936029406e-15,True,0.1808648404091292,0.32651322683833955,True,A-C|A-E|B-C|C-A|D-B|D-D
trapezoid-int,cross,78,10,True,0,377,54,54,0,2.2448275330329395,16.44419925988107,22.099258789123596,15.44274320427952,5.092951680909952,15.442738528116715,0.08966432910157884,2,1,0.016085558685391427,0.0053289656041115374,0.04168268713124495,2.595374809384117,True,True,1.0087767680389479e-14,1.7763568394002505e-15,9.930136612989092e-15,True,0.09848865814860445,0.39028483721018153,True,A-D|B-B|B-C|C-D|C-E|D-A
triangle,hexagon,90,10,True,18,200,54,54,0,1.575416422495926,14.10816325219369,24.22037131594325,14.040464188383442,1.4812966631688638,14.04045233602815,0.014768742062702955,2,1,0.016070869937280886,0.003689530800120028,0.03889686480819632,2.427914786149777,True,True,1.193270268599669e-14,7.53644380168212e-15,9.251562474332635e-15,True,0.2208436842259282,0.4310677750300933,True,A-A|A-C|B-B|B-E|C-D|C-F
rectangle-same,hexagon,180,10,True,20,566,108,108,0,1.788333062865489,15.384512249015666,26.472950453824012,13.479900677103126,6.0735517900452685,13.47870652940472,0.08345112858954096,12,1,0.01593018054997826,0.01731857804078707,0.041110882098934,2.580691535162174,True,True,8.826098480675078e-15,4.550560269027492e-15,7.562566735475685e-15,True,0.10111599400144398,0.39300248433366436,True,A-C|A-E|B-F|C-A|C-B|D-D
wave,triangle,36,10,True,2,65,27,27,0,1.5264981233112513,14.359544592110808,24.01880740879633,14.23577500185054,1.3193981053750257,14.23574669158479,0.011863031489697917,3,1,0.015741757120229568,0.0011923719103839345,0.03841350492993047,2.440229806402341,True,True,1.587250149395067e-14,1.3708230984206156e-14,8.001294080279553e-15,True,0.3439388623042221,0.534337309972846,True,A-B|B-A|C-B|C-C|D-C|E-A
cross,parallelepiped-ext,78,10,True,8,290,41,41,0,2.3253496643657656,13.93449339101258,24.73063950073942,12.82903717913299,4.5713980758147255,12.828742537616186,0.07018728657789275,10,1,0.01565216059028592,0.005853171240997361,0.038288398398583855,2.4462053131723227,True,True,6.1856960312587375e-15,3.2406343207394936e-15,5.2688826700141435e-15,True,0.07599456487097614,0.4499078879065762,True,A-A|B-B|C-D|D-A|D-D|E-C
wave,3X2,360,10,True,40,1156,263,263,0,1.508019852756039,13.999566715162562,23.910086446426455,13.932368976335152,1.3123156669067995,13.932351905444449,0.010083491398795275,13,1,0.015390857289675037,0.0037966745052074834,0.037329730137173264,2.425448396706006,True,True,6.676124710113433e-15,2.5121479338940403e-15,6.1854469444995704e-15,True,0.13219485763357966,0.49264782304703897,True,A-B|B-D|C-C|C-F|D-E|E-A
two-triangles,parallelepiped-int,180,10,True,36,374,124,124,0,1.9153698004370496,13.821344070379961,23.066035718855044,13.656392936427306,1.691874341020033,13.656350091337877,0.012406827740909065,9,1,0.01533286665740689,0.0030638629210492526,0.03664193422815473,2.4009576505246786,True,True,5.291933685841681e-15,5.197930934883577e-15,9.930136612989092e-16,True,0.08428136511365347,0.3926817942954417,True,A-C|B-B|C-D|D-B|E-C|F-A
cross,central-trapezoid,168,10,True,4,697,116,116,0,1.6842566864258444,14.047886291607073,25.08831603026821,13.026992649995382,4.578308891693506,13.026750736403688,0.07495026438365038,20,1,0.015089624630032933,0.0033143320265104944,0.037118238631587724,2.4598516889354003,True,True,1.5037979129133456e-14,1.2602376241564486e-14,8.204933232775538e-15,True,0.18534542719292957,0.4633533918727237,True,A-C|B-E|C-D|D-B|D-D|E-A
central-parallelepiped,rhombus-int,78,10,True,22,75,48,48,0,1.5227589863461124,14.159451792197322,23.362243877337566,14.107584999202675,1.784752237949872,14.107563329501692,0.014447421017914408,5,1,0.014969286417941957,0.006664862982178256,0.03402227816168328,2.4219293921570753,True,True,2.095352947744292e-14,1.5295311772062914e-14,1.432144669219779e-14,True,0.26808156824084334,0.4804999201258812,True,A-C|B-A|C-B|C-C|D-B|E-D
pentagon,pyramid,360,10,True,1,1362,280,280,0,1.9770889749728233,13.008098123460995,25.94688198582665,12.766251835996517,2.462911101780082,12.766251835996517,0.017980590799479224,8,1,0.014856927706796447,0.015602437284900822,0.03317972538613686,2.407423922794619,True,True,9.633384136857909e-15,7.191640501203643e-15,6.4095551194847374e-15,True,0.05668030598150012,0.3886873512957292,True,A-C|B-E|C-B|D-F|E-A|E-D
trapezoid-int,rhombus-ext,34,10,True,6,109,19,19,0,2.7944745872704235,16.35538397856724,22.364492663939988,15.220196603672239,5.063214285402638,15.219924914300735,0.09303712798913644,3,1,0.014720997914102934,0.005393444481757052,0.03815767825441655,2.595322523731668,True,True,1.3766765505351941e-14,1.2560739669470201e-14,5.634860374059478e-15,True,0.09848865814860445,0.39028483721018153,True,A-B|B-A|B-D|C-C|C-D|D-A
trapezoid-int,rectangle-opposite,34,10,True,8,100,21,21,0,1.824741899142334,14.937177024351929,22.046415999336077,13.701722673359491,5.450480898501494,13.700377935218501,0.062464745262863275,1,1,0.014549223514933094,0.01551749569327295,0.03552119941835332,2.5842863747837876,True,True,1.8045991394555495e-14,1.6815481325346218e-14,6.549610157047787e-15,True,0.17312435927950837,0.4182034220705242,True,A-D|B-A|B-B|C-C|C-D|D-A
parallelepiped-ext,arrow,78,10,True,6,279,52,52,0,1.9371356709131429,13.982190296025832,23.650562138165345,13.79397370365908,2.0711493841723745,13.793949247617153,0.014986431920045007,7,1,0.014309677133426114,0.006049610605622159,0.03575697183744201,2.4987965489393855,True,True,3.108941659346545e-14,2.869792300935272e-14,1.1957467920563633e-14,True,0.12206927011800943,0.32651322683833955,True,A-C|A-E|B-C|C-B|D-A|D-D
trapezoid-int,hexagon,180,10,True,12,473,135,135,0,1.786793412321772,16.399719480461332,22.780703125294774,14.807217845449513,5.406870181208371,14.806868025913957,0.09317022682983378,1,1,0.013850820401908392,0.0066156738589333375,0.035824344180661646,2.588414877304592,True,True,6.7863703808031825e-15,5.011212297749296e-15,4.5763057428813645e-15,True,0.09053660498458138,0.37315538930282416,True,A-A|B-C|B-F|C-B|C-E|D-D
cross,trapezoid-ext,78,10,True,0,315,59,59,0,1.6268342715295891,14.917515845092256,24.30338437871948,13.96114950571026,4.605201215022458,13.960820246787849,0.07951401257415824,4,1,0.013832748957976168,0.0020990846623871206,0.033904596885233555,2.4563258662703324,True,True,0.7204008027923836,0.2883311329202282,0.6601836672115181,True,0.09392405204253536,0.4770498073548985,True,A-A|B-A|C-C|D-B|D-D|E-D
trapezoid-int,central-trapezoid,78,10,True,6,280,50,50,0,1.78554614771647,16.023160820031464,23.05855525165508,15.169786118986046,5.536215570028276,15.168737344429285,0.06301525007367736,1,1,0.012874508298656587,0.009825568333795965,0.03332677137349067,2.5885859560918694,True,True,1.1200803109542717e-14,6.406730004203277e-15,9.187589507154926e-15,True,0.11585177022886682,0.4824672296799091,True,A-D|B-A|B-C|C-B|C-E|D-D
central-parallelepiped,parallelepiped-ext,78,10,True,18,218,38,38,0,2.44745900864848,13.868768681497658,23.223549429140515,13.657513199134419,2.276481724197108,13.65738808702951,0.012212791514476073,10,1,0.01283473437271806,0.00821278274341366,0.031080366598343873,2.427554134151955,True,True,1.9609870307326056e-14,1.6641498776827508e-14,1.0373405030702148e-14,True,0.22205967454397998,0.4531133653291396,True,A-A|B-C|C-B|C-D|D-A|E-D
horizzontal-parallelepiped,wave,360,10,True,68,747,220,220,0,1.7105698003402794,14.083114632029034,23.517356416609207,13.975557924130172,1.5516360591560516,13.975491086115577,0.014854736859716056,19,1,0.011990852792316856,0.0058050643887040095,0.02899285701898934,2.4179145154351764,True,True,5.564421850464315e-15,4.782987168225453e-15,2.8435583831733384e-15,True,0.14306269144221967,0.461113190514354,True,A-E|B-D|C-B|D-C|E-A|F-C
cross,parallelepiped-int,78,10,True,8,345,37,37,0,1.7468361017104759,13.916638115164526,24.756848269094082,12.938092850243228,4.558048215245991,12.93777425431018,0.07543521747085258,16,1,0.01150849636150194,0.004757811924058074,0.028004256332080122,2.4333549277349182,True,True,1.4888583356622763e-14,1.3528330643921842e-14,6.217248937900877e-15,True,0.07361627029667886,0.4499078879065762,True,A-C|B-B|C-C|D-B|D-D|E-A
central-trapezoid,parallelepiped-ext,78,10,True,2,268,56,56,0,1.5938763713130415,13.718434195291149,23.44503263406865,13.613818404454408,1.9121138722962292,13.613816379153075,0.009305996312020781,12,1,0.01135322589539964,0.003087059719473291,0.02717583441199642,2.4167725763327073,True,True,3.197076070545075e-14,1.3027510437044917e-14,2.919612152149459e-14,True,0.13768673688960578,0.4531133653291396,True,A-A|B-A|C-B|D-C|D-D|E-D
arrow,rhombus-ext,78,10,True,6,418,47,47,0,1.576898303376283,13.918687570645897,23.835522387479852,13.797506723865094,1.5648792468552135,13.797477851602043,0.014699479254970171,16,1,0.011229380549814368,0.0034219270417895505,0.02722486363814584,2.43128239186761,True,True,0.23951804029653664,0.06326144969021517,0.23101272824367433,True,0.35376659011210093,0.4375415187649024,True,A-C|B-A|C-B|C-D|D-A|E-D
wave,central-parallelepiped,168,10,True,52,562,92,92,0,1.5978903526665136,13.836902160957994,23.191000399138716,13.764508339681885,1.386463932892085,13.76450742937611,0.010249097529571927,10,1,0.010968132023840482,0.0033777846417509475,0.02651880402026482,2.4253514457488534,True,True,8.530675149520015e-15,3.972054645195637e-15,7.549516567451064e-15,True,0.17055892128979422,0.3676539667191418,True,A-C|B-A|C-D|C-E|D-B|E-C
hexagon,trapezoid-int,180,10,True,12,425,138,138,0,1.8528402357940374,12.974012888006984,25.429813316814773,12.825131150611366,1.8502269066300987,12.825131150611366,0.011578580436376384,4,1,0.010946168945223229,0.004213952579618409,0.02631031029257979,2.403609009164917,True,True,7.70865830583387e-15,4.070144838902081e-15,6.546551295641109e-15,True,0.08488756243350125,0.41427204311211313,True,A-C|B-D|C-B|D-C|E-A|F-B
rhombus-ext,wave,78,10,True,14,216,44,44,0,1.6463700868293005,14.05526813861546,23.661429524873665,13.909431271626094,1.4028612824779585,13.909422370525785,0.010097587180821321,8,1,0.010472999274100928,0.0032835189374615125,0.02515801942499816,2.412977737831529,True,True,1.3233560403725999e-14,1.020439314654103e-14,8.426000324584083e-15,True,0.2266124319050896,0.49264782304703897,True,A-C|A-E|B-A|C-C|D-B|D-D
rhombus-int,vertical-parallelepiped,180,10,True,40,531,91,91,0,2.4209886494624886,13.984663603074099,23.592839859351457,13.768117986876902,1.9088589989711113,13.768088913884288,0.01417068199695315,15,1,0.010437232574011494,0.011192417237474661,0.022694894885862613,2.405679838375417,True,True,7.431033801933e-15,5.617333549722722e-15,4.864753555590494e-15,True,0.05878913852501208,0.4179157688864527,True,A-E|B-D|B-F|C-A|C-C|D-B
hexagon,parallelepiped-int,180,10,True,24,558,105,105,0,1.5898978126167818,13.843101457867515,23.565358919782167,13.729447147851499,1.8274263595112687,13.729395198248024,0.010408095812836748,17,1,0.010178075045849947,0.005468053118175378,0.024531894811954922,2.410268611839099,True,True,8.846325055538779e-15,5.794470836795135e-15,6.684427777288335e-15,True,0.05347866632404277,0.4828768357435626,True,A-A|B-C|C-B|D-B|E-D|F-C
rhombus-int,cross,78,10,True,26,130,38,38,0,1.6575799972714158,14.669429566571903,22.59683458973783,14.555081645419364,1.7605709525335242,14.555058620757984,0.01484153745215444,9,1,0.010026342393604438,0.0034121246056693687,0.024307999573862666,2.4294227339135075,True,True,8.042797661766892e-15,7.53644380168212e-15,2.808666774861361e-15,True,0.26493669121567903,0.49463167676755143,True,A-C|B-A|B-D|C-D|C-E|D-B
3X2,trapezoid-int,180,10,True,12,723,124,124,0,1.9158274370464003,12.639411204739922,25.566201845067656,12.535586946362123,1.760163534415803,12.535586946362123,0.009854982369814635,3,1,0.009646389598947262,0.0041400401409203945,0.02307005252539555,2.405503282937048,True,True,8.948149634417873e-15,6.296051182078799e-15,6.358389842764979e-15,True,0.10139576773993408,0.47041518912220753,True,A-C|B-A|C-B|D-C|E-B|F-D
hexagon,triangle,90,10,True,18,199,54,54,0,1.5916936186243846,14.18024696217105,24.1506443096169,14.092911085879742,1.4016267871114645,14.09290001885448,0.012359902609256679,4,1,0.009292178011251694,0.0035838782467352706,0.021310709489759723,2.427800040470019,True,True,4.325027654831035e-14,1.1374233532693354e-14,4.172784721321097e-14,True,0.07049138090277562,0.5077937428411818,True,A-C|B-B|C-A|D-B|E-C|F-A
rhombus-ext,rectangle-opposite,34,10,True,10,38,20,20,0,1.9754899015289344,13.753935396721165,22.562978893776684,13.369692226195031,1.9424743731637948,13.369669202167797,0.015142698394017273,4,1,0.009226643385657636,0.006820941203377496,0.022029159085078857,2.401470691121764,True,True,1.3241009636178424e-14,1.2932072993408848e-14,2.8435583831733384e-15,True,0.134863492402877,0.3892155522973273,True,A-A|A-D|B-B|C-D|D-A|D-C
wave,central-trapezoid,168,10,True,14,510,115,115,0,1.5131027243849628,14.067201776780504,23.899953859296854,13.965761778432952,1.5029289001499953,13.965753153370649,0.011102593965015117,9,1,0.009045164761230533,0.0025365254817239892,0.021948153199764047,2.4265067336129045,True,True,9.932153467172652e-15,9.1396375361345e-15,3.887762621811037e-15,True,0.13797074505444715,0.5202372758899162,True,A-C|B-B|C-A|C-D|D-D|E-E
trapezoid-int,3X2,180,10,True,12,757,126,126,0,1.5740184937308646,15.952185020852127,22.98899488363199,15.050446708929652,4.973598241824643,15.050442519482727,0.06044020483126822,8,1,0.008911733771172806,0.003951577692524127,0.021850583214762933,2.6036038596510727,True,True,1.25932035376477e-14,9.565974336450906e-15,8.190293665979577e-15,True,0.18236144282815786,0.5034916565764344,True,A-E|B-C|B-F|C-B|C-D|D-A
cross,arrow,168,10,True,12,763,95,95,0,1.7036037768918122,13.948759570712575,24.963220713200243,12.888390900469723,4.74419265543378,12.888109228990583,0.07724834975570438,8,1,0.008866460638839734,0.005540025031647398,0.019601731535202775,2.4328799914211405,True,True,1.0886980803209723e-14,9.057678187205881e-15,6.0402662910232525e-15,True,0.08230654886164882,0.41981971932396717,True,A-D|B-C|C-A|D-B|D-E|E-C
rectangle-opposite,trapezoid-int,34,10,True,8,102,18,18,0,2.0346709935716913,12.639385460799746,24.42788905480748,12.162540414967658,2.400837295728934,12.162540414967658,0.016090540092829286,4,1,0.008138260224829203,0.009568420193813546,0.019627930614420846,2.4118091670917017,True,True,5.407139474782739e-15,2.5121479338940403e-15,4.788138475230813e-15,True,0.21173903186249862,0.43871064769360363,True,A-A|A-B|B-B|C-C|D-C|D-D
parallelepiped-ext,central-trapezoid,78,10,True,2,276,55,55,0,1.886689717434917,13.87480144518214,23.565109776817955,13.723413326013166,2.0005217898072605,13.723400386736515,0.015343825036827852,15,1,0.007011406057312605,0.00215333033394183,0.017484849398060217,2.497027798942236,True,True,4.741575244451873e-15,4.351167857633658e-15,1.88411095042053e-15,True,0.34388065294550874,0.4661386319733713,True,A-A|A-D|B-D|C-C|D-B|D-E
horizzontal-parallelepiped,trapezoid-int,180,10,True,12,576,124,124,0,2.0831817742162215,12.887030100879524,25.523845135160727,12.629613990143813,2.39492217083812,12.629613990143813,0.010696548740029677,18,1,0.006799166158741396,0.003691927327102234,0.016405024577102172,2.4214115066076154,True,True,1.284792373955795e-14,1.2716779685529958e-14,1.831026719408895e-15,True,0.23098816233181962,0.47538038908183505,True,A-B|B-C|C-D|D-C|E-B|F-A
wave,parallelepiped-int,78,10,True,18,107,50,50,0,1.5547495900128012,13.882791917038766,23.1500153772088,13.836747408012885,1.218497603388782,13.836735405481217,0.005329001039097392,8,1,0.006580152248705816,0.0009315907882196879,0.015153601789315043,2.418719795284485,True,True,8.487217530380238e-15,7.793734002518813e-15,3.360144595992222e-15,True,0.054991727625357804,0.5141693843650431,True,A-C|B-A|C-B|C-C|D-B|E-D
parallelepiped-int,central-parallelepiped,78,10,True,18,336,42,42,0,1.9064466649985814,13.65031218514775,23.271376597091997,13.47744485239732,2.0461129134073124,13.477418614162197,0.017846361559204382,13,1,0.0064496257878104354,0.003557621606213583,0.014095751530418938,2.398319984934042,True,True,6.90840681820861e-15,5.634860374059478e-15,3.9968028886505635e-15,True,0.06381402746950593,0.32651322683833955,True,A-C|B-A|B-E|C-C|C-D|D-B
central-parallelepiped,trapezoid-int,78,10,True,12,338,44,44,0,1.9688927237729303,12.61080128724926,25.522824004107765,12.433323256917191,1.8630606720858756,12.433323256917191,0.011956416587676877,10,1,0.005938088741896037,0.003748559718087434,0.014027370302936422,2.426335980067606,True,True,1.0208016222510523e-14,7.108895957933346e-15,7.325789613298827e-15,True,0.17418810919354413,0.492171460355549,True,A-B|B-B|C-A|C-C|D-D|E-C
central-trapezoid,rhombus-int,78,10,True,2,244,61,61,0,1.5943218843290228,14.00019647285134,23.607413452269327,13.882345401705269,1.4764463655598639,13.882328578117594,0.011613512941477389,10,1,0.005884764957653161,0.002083055958981633,0.01425047795442695,2.4215882974041545,True,True,9.942890200203753e-15,7.300507852813707e-15,6.7500852308925126e-15,True,0.1589137670245769,0.41115190529900336,True,A-B|B-C|C-C|D-A|D-B|E-D
rectangle-opposite,parallelepiped-ext,34,10,True,14,72,12,12,0,8.884665234486933,13.801219107690368,21.662238431693787,13.546426539407317,2.5722533002939687,13.546404073930834,0.013140763469747796,7,1,0.005652525997291219,0.007246100695058996,0.01303687532817715,2.4142422240294663,True,True,9.769962616701378e-15,7.588599744428075e-15,6.153480596427404e-15,True,0.23948244699625515,0.3926817942954417,True,A-A|A-B|B-C|C-D|D-A|D-D
trapezoid-int,wave,78,10,True,6,158,57,57,0,1.922210163120999,16.875319412466126,23.04102836884517,15.299244673449651,5.665897525637369,15.298290775290614,0.09385982407585125,10,1,0.005566257704988132,0.0008412814271092866,0.014485771617601282,2.6024256125655194,True,True,5.10702591327572e-15,2.5510982866352577e-15,4.4242074104630714e-15,True,0.2376378675901505,0.5037404341867917,True,A-A|B-C|B-D|C-B|C-C|D-E
trapezoid-ext,horizzontal-parallelepiped,180,10,True,16,437,125,125,0,1.7999181579833936,13.950043849839835,24.787388764110847,12.996178180946982,4.787004416557366,12.995087063221746,0.07650192210806317,17,1,0.00475257671823646,0.0016395739713131825,0.011583271627193092,2.443140884221175,True,True,1.4889050165033202,0.5726559274515877,1.3743737981070923,True,0.09432908994771767,0.46513388365735514,True,A-B|A-C|B-D|C-A|D-E|D-F
trapezoid-ext,two-triangles,180,10,True,6,653,121,121,0,2.146077872650173,14.008315684062113,25.314101534039576,13.040664143712025,4.814167217662078,13.039588362271575,0.07663306355730093,10,1,0.00474809891104751,0.003108194753998038,0.010913030589806545,2.4474536547104737,True,True,0.7904199294193187,0.12421273050549453,0.7805990407396171,True,0.06981993251536052,0.49381069194568344,True,A-C|A-D|B-B|C-E|D-A|D-F
two-triangles,trapezoid-ext,180,10,True,6,493,144,144,0,1.7639720431675425,14.509900469429335,22.85708249717863,14.40912745886033,1.2159254402518676,14.409124180469327,0.011716217107265336,15,1,0.0035180559636702542,0.0005992445628005687,0.008144640475887909,2.428681941898109,True,True,9.930136612989092e-15,7.32410687763558e-15,6.705600017716362e-15,True,0.0900833032296477,0.4985936004860076,True,A-A|B-B|C-A|D-D|E-D|F-C
parallelepiped-ext,cross,78,10,True,8,284,49,49,0,2.182423793138072,14.47680046754823,22.52201524345511,14.332648753951037,1.8233134996575084,14.33262264949374,0.02137510939761178,17,1,0.0034897477581027356,0.0018336464033741739,0.008176533413909847,2.5132619730869927,True,True,8.79251776862914e-15,2.5121479338940403e-15,8.426000324584083e-15,True,0.09448657980110674,0.49520082211586375,True,A-A|A-D|B-E|C-D|D-B|D-C
parallelepiped-ext,rectangle-same,34,10,True,6,83,22,22,0,2.124019641399572,14.083548520482696,20.947032703849253,13.98629134359186,2.4500203746754448,13.98625982130133,0.02438171747183837,6,1,0.0031402118953953425,0.003505112162847871,0.007756585852499078,2.488232308197788,True,True,1.2842166211265442e-14,1.2631196225257117e-14,2.318213734067276e-15,True,0.08446371459322005,0.41302574003819187,True,A-A|A-C|B-B|C-A|D-C|D-D
rectangle-same,base-trapezoid,78,10,True,18,149,48,48,0,2.2747684475054095,16.300341020065385,23.07466238133891,14.207977555543115,5.618993803559073,14.206628052892222,0.09024069659051293,11,1,0.002993126425548041,0.004708461717247694,0.007672084990083435,2.6015375207838907,True,True,1.130466570252318e-14,8.140289677804162e-15,7.844179409424477e-15,True,0.11188183245892332,0.4668891668184871,True,A-A|A-B|B-D|C-B|C-E|D-C
trapezoid-int,2X3,180,10,True,60,175,109,109,0,2.515071908290608,15.711543920876524,22.07630423964774,14.659031515627802,5.744497824988844,14.6577796664923,0.06930720486499986,11,1,0.002673161394393795,0.0016324974214767525,0.0066733186479751,2.592849208216507,True,True,4.782987168225453e-15,3.972054645195637e-15,2.6645352591003757e-15,True,0.189187017579052,0.4824672296799091,True,A-D|B-A|B-E|C-B|C-F|D-C
parallelepiped-int,hexagon,180,10,True,24,519,124,124,0,1.7659573814150187,13.88838090310236,23.597726077743353,13.651739199224414,1.8553045854933046,13.651707681423963,0.01764267017215282,18,1,0.0022107611070226523,0.0029598625045063284,0.004780842573844532,2.406085169753676,True,True,1.6437675808636714e-14,1.575421728633831e-14,4.690610161234867e-15,True,0.06361495963082832,0.432603075572651,True,A-F|B-B|B-E|C-C|C-D|D-A
rectangle-same,trapezoid-int,34,10,True,10,79,18,18,0,2.381077273482826,13.909383590397592,26.844548209165975,12.181940504717907,5.357660048769024,12.179932261982744,0.07465074873089073,4,1,0.001319924319672318,0.0023418156462277216,0.0029499776645723515,2.5728196393978218,True,True,9.104505742017335e-15,4.446439748506845e-15,7.944885044437398e-15,True,0.06620274516316707,0.3844888679056581,True,A-B|A-D|B-C|C-B|C-C|D-A
triangle,central-trapezoid,36,10,True,0,123,28,28,0,1.506787155865827,13.964486802716491,23.93025466540788,13.853635626159924,1.4363504320364027,13.853635582416945,0.01047807393037381,8,1,0.0006955839427392001,0.00011612228803559955,0.0016886680538697573,2.432326592340743,True,True,9.944284736697106e-15,6.7571004415782575e-15,7.29591615542078e-15,True,0.17564053694783371,0.5041576427135996,True,A-D|A-E|B-A|B-B|C-C|C-D
wave,rhombus-ext,78,10,True,14,256,51,51,0,1.597659472725865,14.037494158626075,23.720811739579787,13.976833810249339,1.288776719392347,13.9768170614008,0.008707685055078684,11,1,0.0006243330180865253,0.00012398746527067175,0.0015204702980043633,2.440159722561981,True,True,1.325618135814027,0.5173729632780301,1.2204870580501732,True,0.4932148043554867,0.4944694914980932,True,A-A|B-B|C-A|C-C|D-D|E-D
parallelepiped-ext,central-parallelepiped,78,10,True,18,214,46,46,0,2.4499505077761894,13.885864908360745,23.34188958659206,13.570281849522862,2.245375927454327,13.570273758134256,0.018310802131962234,11,1,0.0003764805051795918,0.0004554929762254022,0.0009144779857697927,2.4900843774833605,True,True,6.0565693336060345e-15,2.220446049250313e-15,5.634860374059478e-15,True,0.10890466670150069,0.41302574003819187,True,A-A|A-D|B-B|C-C|D-C|D-E
triangle,parallelepiped-ext,15,10,True,2,26,11,11,0,9.153628524980837,13.927925895038515,22.81315869048039,13.9098411340725,1.2696223580899582,13.909839649220853,0.012004783202247182,2,1,0.00023632874321078562,0.00012156993415585541,0.0005644381638354214,2.4138693419516564,True,True,3.839510146661636e-15,1.790180836524724e-15,3.396629320202206e-15,True,0.08619812562049968,0.4789466625014645,True,A-A|A-D|B-A|B-C|C-B|C-D
line,line,6,10,False,6,0,0,0,0,,,,,,,,0,0,,,,,,,,,,,,,,
line,diagonal,6,10,False,6,0,0,0,0,,,,,,,,0,0,,,,,,,,,,,,,,
line,triangle,6,10,False,6,0,0,0,0,,,,,,,,0,0,,,,,,,,,,,,,,
line,rectangle-same,15,10,False,15,0,0,0,0,,,,,,,,0,0,,,,,,,,,,,,,,
line,rectangle-opposite,15,10,False,15,0,0,0,0,,,,,,,,0,0,,,,,,,,,,,,,,
line,rhombus-ext,15,10,False,15,0,0,0,0,,,,,,,,0,0,,,,,,,,,,,,,,
line,rhombus-int,15,10,False,15,0,0,0,0,,,,,,,,0,0,,,,,,,,,,,,,,
line,parallelepiped-ext,15,10,False,15,0,0,0,0,,,,,,,,0,0,,,,,,,,,,,,,,
line,parallelepiped-int,15,10,False,15,0,0,0,0,,,,,,,,0,0,,,,,,,,,,,,,,
line,trapezoid-ext,15,10,False,15,0,0,0,0,,,,,,,,0,0,,,,,,,,,,,,,,
line,trapezoid-int,15,10,False,15,0,0,0,0,,,,,,,,0,0,,,,,,,,,,,,,,
line,pentagon,36,10,False,36,0,0,0,0,,,,,,,,0,0,,,,,,,,,,,,,,
line,arrow,36,10,False,36,0,0,0,0,,,,,,,,0,0,,,,,,,,,,,,,,
line,cross,36,10,False,36,0,0,0,0,,,,,,,,0,0,,,,,,,,,,,,,,
line,central-trapezoid,36,10,False,36,0,0,0,0,,,,,,,,0,0,,,,,,,,,,,,,,
line,wave,36,10,False,36,0,0,0,0,,,,,,,,0,0,,,,,,,,,,,,,,
line,base-trapezoid,36,10,False,36,0,0,0,0,,,,,,,,0,0,,,,,,,,,,,,,,
line,central-parallelepiped,36,10,False,36,0,0,0,0,,,,,,,,0,0,,,,,,,,,,,,,,
line,2X3,90,10,False,90,0,0,0,0,,,,,,,,0,0,,,,,,,,,,,,,,
line,two-triangles,90,10,False,90,0,0,0,0,,,,,,,,0,0,,,,,,,,,,,,,,
line,vertical-parallelepiped,90,10,False,90,0,0,0,0,,,,,,,,0,0,,,,,,,,,,,,,,
line,pyramid,90,10,False,90,0,0,0,0,,,,,,,,0,0,,,,,,,,,,,,,,
line,horizzontal-parallelepiped,90,10,False,90,0,0,0,0,,,,,,,,0,0,,,,,,,,,,,,,,
line,3X2,90,10,False,90,0,0,0,0,,,,,,,,0,0,,,,,,,,,,,,,,
line,hexagon,90,10,False,90,0,0,0,0,,,,,,,,0,0,,,,,,,,,,,,,,
diagonal,line,6,10,False,6,0,0,0,0,,,,,,,,0,0,,,,,,,,,,,,,,
diagonal,diagonal,6,10,False,6,0,0,0,0,,,,,,,,0,0,,,,,,,,,,,,,,
diagonal,triangle,6,10,False,6,0,0,0,0,,,,,,,,0,0,,,,,,,,,,,,,,
diagonal,rectangle-same,15,10,False,15,0,0,0,0,,,,,,,,0,0,,,,,,,,,,,,,,
diagonal,rectangle-opposite,15,10,False,15,0,0,0,0,,,,,,,,0,0,,,,,,,,,,,,,,
diagonal,rhombus-ext,15,10,False,15,0,0,0,0,,,,,,,,0,0,,,,,,,,,,,,,,
diagonal,rhombus-int,15,10,False,15,0,0,0,0,,,,,,,,0,0,,,,,,,,,,,,,,
diagonal,parallelepiped-ext,15,10,False,15,0,0,0,0,,,,,,,,0,0,,,,,,,,,,,,,,
diagonal,parallelepiped-int,15,10,False,15,0,0,0,0,,,,,,,,0,0,,,,,,,,,,,,,,
diagonal,trapezoid-ext,15,10,False,15,0,0,0,0,,,,,,,,0,0,,,,,,,,,,,,,,
diagonal,trapezoid-int,15,10,False,15,0,0,0,0,,,,,,,,0,0,,,,,,,,,,,,,,
diagonal,pentagon,36,10,False,36,0,0,0,0,,,,,,,,0,0,,,,,,,,,,,,,,
diagonal,arrow,36,10,False,36,0,0,0,0,,,,,,,,0,0,,,,,,,,,,,,,,
diagonal,cross,36,10,False,36,0,0,0,0,,,,,,,,0,0,,,,,,,,,,,,,,
diagonal,central-trapezoid,36,10,False,36,0,0,0,0,,,,,,,,0,0,,,,,,,,,,,,,,
diagonal,wave,36,10,False,36,0,0,0,0,,,,,,,,0,0,,,,,,,,,,,,,,
diagonal,base-trapezoid,36,10,False,36,0,0,0,0,,,,,,,,0,0,,,,,,,,,,,,,,
diagonal,central-parallelepiped,36,10,False,36,0,0,0,0,,,,,,,,0,0,,,,,,,,,,,,,,
diagonal,2X3,90,10,False,90,0,0,0,0,,,,,,,,0,0,,,,,,,,,,,,,,
diagonal,two-triangles,90,10,False,90,0,0,0,0,,,,,,,,0,0,,,,,,,,,,,,,,
diagonal,vertical-parallelepiped,90,10,False,90,0,0,0,0,,,,,,,,0,0,,,,,,,,,,,,,,
diagonal,pyramid,90,10,False,90,0,0,0,0,,,,,,,,0,0,,,,,,,,,,,,,,
diagonal,horizzontal-parallelepiped,90,10,False,90,0,0,0,0,,,,,,,,0,0,,,,,,,,,,,,,,
diagonal,3X2,90,10,False,90,0,0,0,0,,,,,,,,0,0,,,,,,,,,,,,,,
diagonal,hexagon,90,10,False,90,0,0,0,0,,,,,,,,0,0,,,,,,,,,,,,,,
triangle,line,6,10,False,6,0,0,0,0,,,,,,,,0,0,,,,,,,,,,,,,,
triangle,diagonal,6,10,False,6,0,0,0,0,,,,,,,,0,0,,,,,,,,,,,,,,
triangle,triangle,6,10,False,3,18,1,1,0,9.34808273381333,14.38479719815258,23.646357202582454,14.342828122047473,1.3794031895555086,14.34282661765914,0.01393760160627,2,0,,,,,,,,,,,,,,
triangle,rectangle-opposite,15,10,False,2,53,9,9,0,1.6298536851709695,13.666017980048071,22.567124993165532,13.553494689418368,1.2593077894950768,13.553447556231557,0.012291389896747162,4,0,,,,,,,,,,,,,,
triangle,rhombus-ext,15,10,False,1,69,9,9,0,9.195685468183088,14.100220623586424,23.414750695234194,14.055459140283629,1.1194098235849435,14.055434358849256,0.011146444760536056,5,0,,,,,,,,,,,,,,
triangle,rhombus-int,15,10,False,0,109,10,10,0,9.165572989408629,13.923208596985736,23.329089652897363,13.897136709963547,1.0986097440702598,13.897135142986837,0.011374984116768516,5,0,,,,,,,,,,,,,,
triangle,parallelepiped-int,15,10,False,2,27,10,10,0,9.234464047494832,14.004602641266086,23.32149337122608,14.000876847723697,1.0106773825380189,14.000875664327966,0.01061341951096928,3,0,,,,,,,,,,,,,,
triangle,trapezoid-ext,15,10,False,3,38,8,8,0,9.277804127582511,14.922358544254223,22.830817465023667,14.873810462062425,1.2547665542328814,14.873785154519162,0.01094795982999397,4,0,,,,,,,,,,,,,,
triangle,trapezoid-int,15,10,False,3,14,11,11,0,9.607929805754194,13.17826289556696,24.95491751156537,13.095022704684052,1.310530381560764,13.095022704684052,0.017147596250827846,1,0,,,,,,,,,,,,,,
triangle,cross,36,10,False,2,185,27,27,0,1.840273145783685,14.617555903531809,22.924233073053628,14.549843919617588,1.0954904102851268,14.549780712360624,0.00982245578315144,7,0,,,,,,,,,,,,,,
triangle,base-trapezoid,36,10,False,6,62,25,25,0,2.0023174149830227,14.56376498650241,20.93966087730894,14.488243484592767,1.064494282570564,14.488204186406048,0.011327944903771758,5,0,,,,,,,,,,,,,,
triangle,pyramid,90,10,False,8,313,51,51,0,1.7462517823197723,13.058263047459818,25.45162218177404,12.976220278324458,1.3707235543182028,12.976220278324458,0.015774654987462,20,0,,,,,,,,,,,,,,
triangle,3X2,90,10,False,6,367,67,67,0,1.551270757231403,14.003646360015678,24.15210058282107,13.941907852304134,1.2115672595536264,13.941905945120507,0.013009821061151783,17,0,,,,,,,,,,,,,,
rectangle-same,line,15,10,False,15,0,0,0,0,,,,,,,,0,0,,,,,,,,,,,,,,
rectangle-same,diagonal,15,10,False,15,0,0,0,0,,,,,,,,0,0,,,,,,,,,,,,,,
rectangle-same,rectangle-same,34,10,False,19,38,11,11,0,3.214517505081358,16.332721195307535,23.095641830212223,13.879201847172366,7.091937615013325,13.877555107399807,0.10548650905558521,4,0,,,,,,,,,,,,,,
rectangle-same,rectangle-opposite,34,10,False,14,38,16,16,0,3.0065451724025145,15.300039266547333,25.955401897242957,13.089271476718821,6.76896714983472,13.08805739547607,0.08023392151857056,4,0,,,,,,,,,,,,,,
rectangle-same,parallelepiped-int,34,10,False,6,86,22,22,0,2.342176662761615,15.098680945658707,25.85562261498636,13.436765111277566,5.723402079808915,13.43557066577372,0.09755554191736238,6,0,,,,,,,,,,,,,,
rectangle-opposite,line,15,10,False,15,0,0,0,0,,,,,,,,0,0,,,,,,,,,,,,,,
rectangle-opposite,diagonal,15,10,False,15,0,0,0,0,,,,,,,,0,0,,,,,,,,,,,,,,
rectangle-opposite,rectangle-same,34,10,False,14,38,16,16,0,4.264949993883552,14.765906391275095,21.438268878152368,14.374269027198178,3.7423738200742447,14.37387158307234,0.016855848509377047,4,0,,,,,,,,,,,,,,
rectangle-opposite,rectangle-opposite,34,10,False,18,38,12,12,0,2.9259043904085775,14.059837450741929,21.971088546165344,13.724844112638223,3.2644892695351544,13.724841104808633,0.005652103855444679,4,0,,,,,,,,,,,,,,
rhombus-ext,line,15,10,False,15,0,0,0,0,,,,,,,,0,0,,,,,,,,,,,,,,
rhombus-ext,diagonal,15,10,False,15,0,0,0,0,,,,,,,,0,0,,,,,,,,,,,,,,
rhombus-ext,rhombus-ext,34,10,False,18,38,12,12,0,1.5057096637310952,14.188978315731266,23.177643911954437,14.078806495822953,1.7742250668582438,14.078794801041798,0.014339397894619133,4,0,,,,,,,,,,,,,,
rhombus-ext,rhombus-int,34,10,False,18,0,16,16,0,,,,,,,,0,0,,,,,,,,,,,,,,
rhombus-int,line,15,10,False,15,0,0,0,0,,,,,,,,0,0,,,,,,,,,,,,,,
rhombus-int,diagonal,15,10,False,15,0,0,0,0,,,,,,,,0,0,,,,,,,,,,,,,,
rhombus-int,rectangle-opposite,34,10,False,10,37,21,21,0,2.5589009538426737,13.69719158076226,22.387032168075642,13.486482790404542,2.0471769173030214,13.486482776394062,0.008915550646817039,3,0,,,,,,,,,,,,,,
rhombus-int,rhombus-ext,34,10,False,18,0,16,16,0,,,,,,,,0,0,,,,,,,,,,,,,,
rhombus-int,rhombus-int,34,10,False,18,38,12,12,0,1.5267546865107535,14.102610550234717,22.876273297424657,13.960246236908826,1.6747905820110174,13.960228551290994,0.011586486141922592,4,0,,,,,,,,,,,,,,
parallelepiped-ext,line,15,10,False,15,0,0,0,0,,,,,,,,0,0,,,,,,,,,,,,,,
parallelepiped-ext,diagonal,15,10,False,15,0,0,0,0,,,,,,,,0,0,,,,,,,,,,,,,,
parallelepiped-ext,triangle,15,10,False,2,27,11,11,0,1.8006518256229973,13.934446329544699,22.753135667028033,13.881396560516347,1.7620845126778444,13.881377496546666,0.02537986925796254,2,0,,,,,,,,,,,,,,
parallelepiped-ext,rectangle-opposite,34,10,False,14,70,18,18,0,2.257830791851581,13.498229563184985,21.546663809318666,13.22593380902904,2.329533650285826,13.225917056840622,0.014699092621161647,2,0,,,,,,,,,,,,,,
parallelepiped-ext,parallelepiped-ext,34,10,False,18,34,14,14,0,9.12158023909594,13.962077070378754,21.858113973312012,13.88246780160862,1.4465161768871417,13.882455618330388,0.010927735758512469,2,0,,,,,,,,,,,,,,
parallelepiped-ext,parallelepiped-int,34,10,False,18,0,16,16,0,,,,,,,,0,0,,,,,,,,,,,,,,
parallelepiped-ext,trapezoid-ext,34,10,False,6,59,24,24,0,1.8790985049589952,14.59205681293386,22.15196465631115,14.537690128199792,1.6110246612316168,14.537660408863442,0.02543639694694555,4,0,,,,,,,,,,,,,,
parallelepiped-ext,wave,78,10,False,22,124,46,46,0,1.571934721039611,14.213693109854532,23.290679857155446,14.136695599018712,1.5211693533886539,14.13668144588443,0.012985652197991193,10,0,,,,,,,,,,,,,,
parallelepiped-int,line,15,10,False,15,0,0,0,0,,,,,,,,0,0,,,,,,,,,,,,,,
parallelepiped-int,diagonal,15,10,False,15,0,0,0,0,,,,,,,,0,0,,,,,,,,,,,,,,
parallelepiped-int,triangle,15,10,False,2,25,12,12,0,9.241015254351556,14.004837796214735,23.098794534816566,13.958012436145093,0.8906003380038456,13.957997028188222,0.01699219019508469,1,0,,,,,,,,,,,,,,
parallelepiped-int,parallelepiped-ext,34,10,False,18,0,16,16,0,,,,,,,,0,0,,,,,,,,,,,,,,
parallelepiped-int,parallelepiped-int,34,10,False,18,34,14,14,0,9.246902530517957,14.043375893114998,21.984584087759604,13.943378622792626,1.3724310726502633,13.943365441047273,0.01044147488339231,2,0,,,,,,,,,,,,,,
parallelepiped-int,trapezoid-ext,34,10,False,6,50,26,26,0,9.17548104400756,14.573552339289732,22.354761107033827,14.521798860408406,1.0475604689089317,14.521783073448944,0.015886839154648058,2,0,,,,,,,,,,,,,,
parallelepiped-int,trapezoid-int,34,10,False,6,67,22,22,0,1.9514721321376025,12.72059732046591,25.04651449840318,12.677953074504678,1.750060173301025,12.677953074504678,0.01180746565455415,6,0,,,,,,,,,,,,,,
parallelepiped-int,arrow,78,10,False,8,258,59,59,0,1.9864094713519624,13.967418186924395,23.69942712144007,13.723758126012978,1.947699289687848,13.723722364558109,0.01177951032169311,11,0,,,,,,,,,,,,,,
parallelepiped-int,central-trapezoid,78,10,False,2,305,57,57,0,1.9121630971708383,13.841298300768837,23.667427471743014,13.705776952364847,1.820301480129328,13.705760836983876,0.01645309750311874,19,0,,,,,,,,,,,,,,
parallelepiped-int,wave,78,10,False,18,122,52,52,0,1.6430165184997108,14.216683629130241,23.309280514375484,14.147543574705487,1.3234840502133398,14.147531513389662,0.013334235518954074,8,0,,,,,,,,,,,,,,
parallelepiped-int,two-triangles,180,10,False,36,454,115,115,0,1.7026001099947894,13.873941961415976,23.81137692747291,13.782711111317258,1.7407704492447356,13.782703788718408,0.014756383489944014,20,0,,,,,,,,,,,,,,
parallelepiped-int,3X2,180,10,False,52,616,74,74,0,2.129404048809563,13.773267466087528,23.688554463999054,13.704689060748105,1.3780152964394294,13.704662436940431,0.01785269205537343,20,0,,,,,,,,,,,,,,
trapezoid-ext,line,15,10,False,15,0,0,0,0,,,,,,,,0,0,,,,,,,,,,,,,,
trapezoid-ext,diagonal,15,10,False,15,0,0,0,0,,,,,,,,0,0,,,,,,,,,,,,,,
trapezoid-ext,triangle,15,10,False,3,37,8,8,0,10.459285236996777,14.295215934715571,25.00534537614728,13.427750788069543,4.934614976973408,13.427446226836741,0.08214251692626284,4,0,,,,,,,,,,,,,,
trapezoid-ext,rectangle-opposite,34,10,False,4,109,23,23,0,2.4295775661415298,13.775976247543227,24.524119244832793,12.67565795394513,4.750978752226184,12.674506593630452,0.07523049454804287,7,0,,,,,,,,,,,,,,
trapezoid-ext,rhombus-ext,34,10,False,6,101,19,19,0,1.994974349665449,14.100625220326027,24.816934598285,13.19404906060694,4.756067993716815,13.192980356358264,0.08141732145107561,9,0,,,,,,,,,,,,,,
trapezoid-ext,rhombus-int,34,10,False,0,187,23,23,0,2.1532186189673848,14.020456600352345,25.379403986168654,13.089008715360297,4.76585476470897,13.088719515563723,0.07840368420796473,11,0,,,,,,,,,,,,,,
trapezoid-ext,parallelepiped-ext,34,10,False,6,58,24,24,0,2.8157204704369465,13.8515167540263,24.497013248796158,12.989430482465654,4.747083964911958,12.989155611224945,0.07583723013626553,4,0,,,,,,,,,,,,,,
trapezoid-ext,parallelepiped-int,34,10,False,6,45,25,25,0,10.35064323155336,14.084245523799835,24.898092881051337,13.383744223502537,4.826698746217631,13.383490193217101,0.07532866113359482,3,0,,,,,,,,,,,,,,
trapezoid-ext,trapezoid-ext,34,10,False,16,72,10,10,0,10.335860324252176,15.01838629266937,24.29124165764748,14.279701494162586,4.749505454072114,14.279450102525544,0.08032078066170101,8,0,,,,,,,,,,,,,,
trapezoid-ext,trapezoid-int,34,10,False,16,0,18,18,0,,,,,,,,0,0,,,,,,,,,,,,,,
trapezoid-ext,pentagon,78,10,False,0,266,55,55,0,1.935144375250545,14.161242955184932,25.08965681499119,13.20691656994613,4.878255766614165,13.206257264344096,0.07673767529720976,20,0,,,,,,,,,,,,,,
trapezoid-ext,arrow,78,10,False,8,210,49,49,0,2.021842368537633,14.10778615189109,25.248704295986037,13.10440759309769,4.8439578318943415,13.104122503368549,0.0763393936873511,20,0,,,,,,,,,,,,,,
trapezoid-ext,cross,78,10,False,0,325,62,62,0,2.451020360716977,14.819494217541129,24.50041430989689,13.914933064805837,4.646165345981427,13.913930956968754,0.07771941546754313,16,0,,,,,,,,,,,,,,
trapezoid-ext,central-trapezoid,78,10,False,2,218,60,60,0,1.5395897458931427,14.069687152985395,25.329939594466744,13.102715711147093,4.7976406201822055,13.101998574122955,0.07797911838533622,16,0,,,,,,,,,,,,,,
trapezoid-ext,wave,78,10,False,6,110,60,60,0,2.574352238811047,14.304164977844414,25.276510092770984,13.450259611714047,4.9211307166425176,13.450010497227442,0.08172104598144436,12,0,,,,,,,,,,,,,,
trapezoid-ext,base-trapezoid,78,10,False,14,112,55,55,0,2.0090666403785025,15.059244739207251,22.554348128530357,14.4528575526577,4.563095793698001,14.451926293567826,0.07402156973259455,9,0,,,,,,,,,,,,,,
trapezoid-ext,central-parallelepiped,78,10,False,12,322,46,46,0,1.5816065781971833,13.943825382311957,25.13663538284424,13.00649956958275,4.772511599484668,13.005855917891905,0.07761448526657944,20,0,,,,,,,,,,,,,,
trapezoid-ext,pyramid,180,10,False,13,486,129,129,0,2.1102025280745798,14.482566619044075,26.60065272893901,13.684112872506969,4.967465267520268,13.684112872506969,0.08147309116743884,20,0,,,,,,,,,,,,,,
trapezoid-ext,3X2,180,10,False,18,683,125,125,0,1.7934577938602572,14.040787479720809,25.568937407827665,13.07651601637064,4.799361842127691,13.075400417914064,0.07737408977541271,20,0,,,,,,,,,,,,,,
trapezoid-ext,hexagon,180,10,False,12,435,129,129,0,1.925528291675592,14.106003212359791,25.56667349621205,13.100237480134322,4.891201387545719,13.099706542536737,0.07751459111168124,20,0,,,,,,,,,,,,,,
trapezoid-int,line,15,10,False,15,0,0,0,0,,,,,,,,0,0,,,,,,,,,,,,,,
trapezoid-int,diagonal,15,10,False,15,0,0,0,0,,,,,,,,0,0,,,,,,,,,,,,,,
trapezoid-int,triangle,15,10,False,3,14,11,11,0,11.328888763241764,17.20229927274956,22.600378660457867,15.67710281149259,6.298655345431385,15.675910694839034,0.07681583935245584,1,0,,,,,,,,,,,,,,
trapezoid-int,rectangle-same,34,10,False,10,81,20,20,0,2.3204544104501093,15.269910856435551,21.638670039262625,13.768436962465563,5.223911654012929,13.768263023328927,0.0747235241934181,4,0,,,,,,,,,,,,,,
trapezoid-int,rhombus-int,34,10,False,0,247,19,19,0,2.2160804422982645,15.785163198544147,22.504250033421414,14.72517668615961,4.587100698431423,14.724692827589006,0.06725174486287067,15,0,,,,,,,,,,,,,,
trapezoid-int,parallelepiped-ext,34,10,False,6,68,22,22,0,2.332006420207277,15.65578444676659,21.948886386149052,15.133340830513063,5.50664924100966,15.133137188192268,0.07727170183852738,6,0,,,,,,,,,,,,,,
trapezoid-int,parallelepiped-int,34,10,False,6,71,21,21,0,2.4151192841266242,16.001958320023196,21.948372709923078,15.372332535428013,5.229669635125739,15.372332457609357,0.07764686426047085,7,0,,,,,,,,,,,,,,
trapezoid-int,trapezoid-ext,34,10,False,16,0,18,18,0,,,,,,,,0,0,,,,,,,,,,,,,,
trapezoid-int,trapezoid-int,34,10,False,16,70,11,11,0,3.8402471544937877,14.858818897779205,23.48062302559505,14.572969031587414,5.236376783632277,14.572805021779253,0.05596640978824574,7,0,,,,,,,,,,,,,,
trapezoid-int,pentagon,78,10,False,0,274,55,55,0,2.2321187399486466,16.104837882007992,21.869334697493752,15.164754759289773,5.622540593494202,15.164526865268092,0.08745345911900593,20,0,,,,,,,,,,,,,,
trapezoid-int,horizzontal-parallelepiped,180,10,False,13,556,131,131,0,1.9923846211421201,15.828531571326248,22.830057727232553,14.552863508884935,5.8071020071344055,14.55276080114593,0.06094310010055182,20,0,,,,,,,,,,,,,,
pentagon,line,36,10,False,36,0,0,0,0,,,,,,,,0,0,,,,,,,,,,,,,,
pentagon,diagonal,36,10,False,36,0,0,0,0,,,,,,,,0,0,,,,,,,,,,,,,,
pentagon,parallelepiped-int,78,10,False,0,360,51,51,0,2.0643870869213106,13.686727080741285,23.98196881225238,13.344265735690481,2.586747217179973,13.344143018503384,0.02132027600961628,20,0,,,,,,,,,,,,,,
arrow,line,36,10,False,36,0,0,0,0,,,,,,,,0,0,,,,,,,,,,,,,,
arrow,diagonal,36,10,False,36,0,0,0,0,,,,,,,,0,0,,,,,,,,,,,,,,
arrow,rectangle-same,78,10,False,12,380,46,46,0,1.733186557958961,14.303607375526788,21.70853150212247,13.998952362372535,2.159613545833306,13.998897036379832,0.014059552941580122,20,0,,,,,,,,,,,,,,
arrow,rhombus-int,78,10,False,6,512,50,50,0,1.5875823976910997,13.765439640668625,23.4282314807473,13.672067611961301,1.518254326225206,13.67202730409511,0.01362085379396838,20,0,,,,,,,,,,,,,,
arrow,parallelepiped-ext,78,10,False,6,255,58,58,0,2.089560928347124,13.600599649826428,23.526582307120275,13.41715835050753,1.937995699621732,13.417075905249929,0.009183582021268677,14,0,,,,,,,,,,,,,,
arrow,arrow,168,10,False,61,112,97,97,0,1.6191871245436134,14.10258002210115,23.71754947711502,13.92611586318952,1.682863278014273,13.926075744601835,0.01408554457924982,10,0,,,,,,,,,,,,,,
arrow,base-trapezoid,168,10,False,14,664,97,97,0,1.647888368944595,14.771671254664124,21.94280180174882,14.609476893230719,1.792009651778516,14.609432178201846,0.013969159511185048,20,0,,,,,,,,,,,,,,
cross,line,36,10,False,36,0,0,0,0,,,,,,,,0,0,,,,,,,,,,,,,,
cross,diagonal,36,10,False,36,0,0,0,0,,,,,,,,0,0,,,,,,,,,,,,,,
cross,triangle,36,10,False,2,157,23,23,0,1.6538823244654257,14.207348762328737,24.957443793028382,13.103168159643268,4.674470404179715,13.102793133741532,0.08267319944555318,11,0,,,,,,,,,,,,,,
cross,trapezoid-int,78,10,False,0,343,56,56,0,2.0549251856353634,13.9679011238841,26.186988285305457,13.474273088665354,4.657310834000738,13.474273088665354,0.0745451601805609,20,0,,,,,,,,,,,,,,
cross,cross,168,10,False,60,247,82,82,0,1.5641419123862081,14.916702987030673,24.140381274810444,13.924676433674527,4.805538541153132,13.923681151545365,0.07767734931527492,20,0,,,,,,,,,,,,,,
cross,base-trapezoid,168,10,False,30,539,98,98,0,1.723733101416766,15.084545120325771,23.47114347397784,14.16217765033246,4.575108837764885,14.161184438438298,0.0724381218391219,20,0,,,,,,,,,,,,,,
cross,3X2,360,10,False,62,473,251,251,0,1.7333888135066022,14.219303920606988,25.48906513013641,13.228015192231632,4.688725671067839,13.227001596005495,0.0811808590843146,20,0,,,,,,,,,,,,,,
central-trapezoid,line,36,10,False,36,0,0,0,0,,,,,,,,0,0,,,,,,,,,,,,,,
central-trapezoid,diagonal,36,10,False,36,0,0,0,0,,,,,,,,0,0,,,,,,,,,,,,,,
central-trapezoid,triangle,36,10,False,0,119,28,28,0,1.550693942902376,14.133904257608226,23.841715719156017,13.963049347621235,1.4144148737498048,13.963033209450256,0.01330463574715246,8,0,,,,,,,,,,,,,,
central-trapezoid,trapezoid-int,78,10,False,6,257,54,54,0,1.7493676875682485,12.745652221330369,25.69091827288588,12.621009134765943,1.9928411924201672,12.621004955904509,0.00898931902139033,18,0,,,,,,,,,,,,,,
central-trapezoid,central-trapezoid,168,10,False,32,386,105,105,0,1.7081086671029464,13.984100467790505,23.753329581806735,13.78996340248054,1.9975450583334387,13.78992369581366,0.010657982605730254,20,0,,,,,,,,,,,,,,
central-trapezoid,hexagon,360,10,False,24,1095,276,276,0,1.5661742032917427,13.926690678287418,23.792760098441114,13.826707489380029,1.4751759572148668,13.826641423359282,0.011712501915484452,20,0,,,,,,,,,,,,,,
wave,line,36,10,False,36,0,0,0,0,,,,,,,,0,0,,,,,,,,,,,,,,
wave,diagonal,36,10,False,36,0,0,0,0,,,,,,,,0,0,,,,,,,,,,,,,,
wave,rhombus-int,78,10,False,14,416,45,45,0,1.5215036985169046,13.929921502367975,23.61506813744265,13.809442269704272,1.36144080043882,13.809419324166651,0.009463026187307655,19,0,,,,,,,,,,,,,,
wave,trapezoid-ext,78,10,False,6,109,60,60,0,1.8462565218102698,14.985759419764038,23.14267543914762,14.884224981318026,1.1308908741051116,14.88420042670629,0.01103162926924206,12,0,,,,,,,,,,,,,,
wave,trapezoid-int,78,10,False,6,160,57,57,0,2.0370964151365483,13.05084493725005,25.203953238557517,12.953055868275142,1.7113420257233956,12.953055868275142,0.010665035518189647,15,0,,,,,,,,,,,,,,
wave,2X3,360,10,False,88,417,236,236,0,1.7415174502426198,13.946078553235694,23.355924470264707,13.823918162029205,1.837279664152976,13.823869764742739,0.01292382083618726,20,0,,,,,,,,,,,,,,
wave,pyramid,360,10,False,24,726,273,273,0,1.6330860000934417,13.026201087693565,25.697914611660362,12.873942096541604,1.6334195921999832,12.873942096541604,0.011893984746265573,20,0,,,,,,,,,,,,,,
wave,hexagon,360,10,False,56,569,244,244,0,1.7391975560458235,14.165919239486332,23.946614477388273,14.100004069620296,1.274816498582497,14.099973183066876,0.012071260337387812,20,0,,,,,,,,,,,,,,
base-trapezoid,line,36,10,False,36,0,0,0,0,,,,,,,,0,0,,,,,,,,,,,,,,
base-trapezoid,diagonal,36,10,False,36,0,0,0,0,,,,,,,,0,0,,,,,,,,,,,,,,
base-trapezoid,triangle,36,10,False,6,85,25,25,0,1.938857605754986,15.666161143583007,25.176904168769507,13.661363776567786,5.7506341208206315,13.661363776567786,0.12547330791874778,5,0,,,,,,,,,,,,,,
base-trapezoid,rhombus-int,78,10,False,12,424,25,25,0,1.7638216149598973,15.436888483691336,26.34460893242674,13.46007243305661,6.482584177955833,13.458987882191362,0.10597875895238218,20,0,,,,,,,,,,,,,,
base-trapezoid,parallelepiped-ext,78,10,False,0,208,64,64,0,2.4242845816670253,15.286307770751382,26.325388875234193,13.510272577396941,6.153903120887382,13.509258411729045,0.10852813747494672,14,0,,,,,,,,,,,,,,
base-trapezoid,parallelepiped-int,78,10,False,8,147,61,61,0,2.4946652379058305,15.29572876484396,26.35559454654279,13.459982593959426,6.766728108780854,13.459982593959426,0.11509435390907718,9,0,,,,,,,,,,,,,,
base-trapezoid,trapezoid-ext,78,10,False,14,105,56,56,0,2.0312471848909825,16.28594075790728,24.37474197018222,13.615377522197347,5.575789428358246,13.612440899266675,0.126127992087115,8,0,,,,,,,,,,,,,,
base-trapezoid,trapezoid-int,78,10,False,14,92,58,58,0,3.269311865523477,14.78171927529165,27.098536579201102,13.948112890002992,6.554234200739579,13.947592648175021,0.0906368803837152,6,0,,,,,,,,,,,,,,
base-trapezoid,cross,168,10,False,30,474,98,98,0,1.7071112110407194,16.114735189434207,25.60268786035928,13.7573268809663,6.461618757013958,13.756407377416153,0.12426898344906423,20,0,,,,,,,,,,,,,,
central-parallelepiped,line,36,10,False,36,0,0,0,0,,,,,,,,0,0,,,,,,,,,,,,,,
central-parallelepiped,diagonal,36,10,False,36,0,0,0,0,,,,,,,,0,0,,,,,,,,,,,,,,
2X3,line,90,10,False,90,0,0,0,0,,,,,,,,0,0,,,,,,,,,,,,,,
2X3,diagonal,90,10,False,90,0,0,0,0,,,,,,,,0,0,,,,,,,,,,,,,,
two-triangles,line,90,10,False,90,0,0,0,0,,,,,,,,0,0,,,,,,,,,,,,,,
two-triangles,diagonal,90,10,False,90,0,0,0,0,,,,,,,,0,0,,,,,,,,,,,,,,
two-triangles,trapezoid-int,180,10,False,4,584,137,137,0,2.333656185229057,12.865205204960194,25.226820413647815,12.71777559220132,1.8179017719395887,12.717775513197179,0.011787403312172096,20,0,,,,,,,,,,,,,,
vertical-parallelepiped,line,90,10,False,90,0,0,0,0,,,,,,,,0,0,,,,,,,,,,,,,,
vertical-parallelepiped,diagonal,90,10,False,90,0,0,0,0,,,,,,,,0,0,,,,,,,,,,,,,,
pyramid,line,90,10,False,90,0,0,0,0,,,,,,,,0,0,,,,,,,,,,,,,,
pyramid,diagonal,90,10,False,90,0,0,0,0,,,,,,,,0,0,,,,,,,,,,,,,,
pyramid,rectangle-same,180,10,False,24,455,121,121,0,2.2991142881951294,16.45087795164253,22.87393050686464,14.386643401213036,7.209095987617389,14.386337563476038,0.10054310417135248,20,0,,,,,,,,,,,,,,
pyramid,wave,360,10,False,24,728,276,276,0,1.6119900951439758,17.118793607642623,22.994540346486293,15.722179116891244,6.829319258624945,15.721840604986639,0.10246314463108774,20,0,,,,,,,,,,,,,,
pyramid,base-trapezoid,360,10,False,21,1057,258,258,0,1.7965040503640415,16.858368397253027,23.051255892637947,14.577038458142951,7.1361644283468015,14.576413591541455,0.10736811292233206,20,0,,,,,,,,,,,,,,
pyramid,vertical-parallelepiped,720,10,False,22,2543,547,547,0,1.643405310805427,16.45066917717019,22.906539253932554,14.340660555032775,6.881135195611618,14.337356889563887,0.09728398537695071,20,0,,,,,,,,,,,,,,
horizzontal-parallelepiped,line,90,10,False,90,0,0,0,0,,,,,,,,0,0,,,,,,,,,,,,,,
horizzontal-parallelepiped,diagonal,90,10,False,90,0,0,0,0,,,,,,,,0,0,,,,,,,,,,,,,,
3X2,line,90,10,False,90,0,0,0,0,,,,,,,,0,0,,,,,,,,,,,,,,
3X2,diagonal,90,10,False,90,0,0,0,0,,,,,,,,0,0,,,,,,,,,,,,,,
3X2,trapezoid-ext,180,10,False,18,679,120,120,0,1.801223057261553,14.668627341969081,23.21045857635911,14.575877493855666,1.2606008819427204,14.575866709803789,0.015839161020432257,20,0,,,,,,,,,,,,,,
3X2,arrow,360,10,False,44,1578,187,187,0,1.5292206269463084,13.972867783679893,23.796143609012283,13.807699277809576,1.6148519097168594,13.807657139955737,0.014270805407209153,20,0,,,,,,,,,,,,,,
3X2,wave,360,10,False,40,1126,241,241,0,1.5809826049707938,14.102011226867115,23.81825041111343,13.997112984381934,1.3807341113351868,13.997101286425375,0.015344350381852223,20,0,,,,,,,,,,,,,,
hexagon,line,90,10,False,90,0,0,0,0,,,,,,,,0,0,,,,,,,,,,,,,,
hexagon,diagonal,90,10,False,90,0,0,0,0,,,,,,,,0,0,,,,,,,,,,,,,,
